tartib,id,arab_nomi,talaffuz,qisqa_mano_html,izoh_html,rang,audio_url,fon_rasm_url,kalligrafiya_url
1,278,الله,Allāh,"<p class=""ql-direction-rtl ql-align-center"">الإلهُ المعبودُ بحقٍّ، محبةً ورجاءً وخوفًا، الجامع لجميع معاني أسماء الله الحسنى، والمتضمن لسائر صفات الله تعالى.</p>","<p class=""ql-direction-rtl ql-align-right""><span class=""ql-font-vazirmatn""><span class=""ql-cursor"">﻿</span>  </span>∎ قال ابنُ تيمية: (""اللهُ"" هو الإلهُ المعبودُ، فهذا الاسمُ أحقُّ بالعبادة).</p><p class=""ql-direction-rtl ql-align-right"">∎ قال ابنُ القيم: (اسمُ ""الله"" دالٌّ على كونِهِ مَألوهًا مَعبودًا، تُؤلِّهُهُ الخلائقُ محبةً وتعظيمًا وخضوعًا، وفزعًا إليه في الحوائجِ والنوائبِ).</p><p class=""ql-direction-rtl ql-align-right"">∎ قال السعدي: (""الله"" هو المَألوهُ المعبود، ذو الألوهية والعبودية على خلقه أجمعين؛ لما اتصف به من صفات الألوهيةِ التي هي صفات الكمال).</p>",#441e33,https://app.isokoon.com/upload/voices/b55c6cd58707e564203fd1c03e6d580c.mp3,https://app.isokoon.com/upload/images/8cTuPujfvZY2ghSTiQXaa8ypp57Yb0QT7adgXpux.jpg,https://app.isokoon.com/upload/images/F0LUsnyCBUSP8B2nn61M5z4G911AgbFJPViWWTSG.svg
2,279,الرحمن,Ar-Rahmān,"<p class=""ql-direction-rtl ql-align-right""><span class=""ql-cursor"">﻿</span>ذو الرحمةِ الواسعةِ العظيمةِ التي وَسِعَتْ كلَّ شيء.</p>","<p class=""ql-direction-rtl ql-align-right""><span class=""ql-font-vazirmatn""><span class=""ql-cursor"">﻿</span>  </span>∎ قال ابنُ تيمية: (هو المُسمّى بِصِفَةِ الرَّحمة).</p><p>∎ قال السعدي: (ذو الرحمةِ الواسعةِ العظيمةِ التي وَسِعَتْ كلَّ شيء).</p><p><br></p>",#384a3e,https://app.isokoon.com/upload/voices/e30a2b3004b061855e4eca389a277198.mp3,https://app.isokoon.com/upload/images/Z9bhEJUh2NtYZwbyyoxdT6whtzgY25fxL9fCFMh7.jpg,https://app.isokoon.com/upload/images/Fu5HT4uq5TwFiOLOJp3ZMPRlHKQwVOxi8bQvFGKH.svg
3,280,الرحيم,Ar-Rahīm,"<p class=""ql-direction-rtl ql-align-right"">  ذو الرّحمةِ العظيمةِ المُتَعَلِّقةِ بالمرحوم، الذي له الرحمة الواسعة بعباده، وأسعد الخلق بها المؤمنون والمحسنون والرحماء.</p>","<p class=""ql-direction-rtl ql-align-right""><span class=""ql-font-vazirmatn""><span class=""ql-cursor"">﻿</span>  </span>∎ قال ابنُ تيمية: (هو الذي يَرحمُ العِبادَ بِمشيئتِهِ وقُدرتِه).</p><p>∎ قال السعدي: (""الرحيمُ"" ذو الرحمةِ العظيمةِ التي اتصفَ بها، المُتَعَلِّقةِ بالمرحوم).</p>",#6f5548,https://app.isokoon.com/upload/voices/ee6dec4974beafff84e33cceb79a15ab.mp3,https://app.isokoon.com/upload/images/Q0ASh7NuLhm6kfE8GOFS8QlAOyMqa3G4jtQHzezo.jpg,https://app.isokoon.com/upload/images/gdgoj8gDSg7LpN6iscGMLirNz2vdQOT3PBKm55hk.svg
4,281,الملك,Al-Malik,"<p class=""ql-direction-rtl ql-align-right""><span class=""ql-cursor"">﻿</span>  الموصوفُ بِصفاتِ العظمةِ والقهر والتدبير، المالك لجميع الأشياء المتصرف فيها بلا ممانعة ولا مدافعة، الذي له ملك السماوات والأرض ومن فيهن، المدبِّر لأمر العالم كله بمشيئته وحكمته.</p>","<p class=""ql-direction-rtl ql-align-right""><span class=""ql-font-vazirmatn"">  </span>∎ قال ابنُ تيمية: (الذي يَتصرَّفُ بِالأمر).</p><p>∎ قال ابنُ القيم: (الذي يَأمرُ ويَنهى، ويُثِيبُ ويُعاقب، ويُهِينُ ويُكْرِم، ويُعِزُّ ويُذِلُّ).</p><p>∎ قال السعدي: (المالكُ الذي له المُلْكُ، فهو الموصوفُ بِصِفةِ المُلْكِ وهي صفاتُ العظمة والكبرياء والقهر والتدبير، الذي له التصرُّفُ المطلق في الخَلْقِ والأَمْر والجَزَاء).</p>",#2e2f44,https://app.isokoon.com/upload/voices/06fd76b37db9834960e5c51293abe490.mp3,https://app.isokoon.com/upload/images/yUFF0nlHoR9lXUUBzlsuK0uBgZdzU4QaYjvZBb3D.jpg,https://app.isokoon.com/upload/images/eiSFjUi2mtkGGIPyhRRu7Q9RVjjxApZUbxmSEc79.svg
5,282,القدوس,Al-Quddūs,"<p class=""ql-direction-rtl ql-align-right""><span class=""ql-cursor"">﻿</span>  المُعَظَّم المُنَزَّهُ عن صِفاتِ النَّقصِ كلِّها، وعن كلّ نقصٍ وعيب بأيّ وجه من الوجوه، وأنْ يُماثِلَه أحدٌ من الخلق؛ وذلك لأنه المنفرد بأوصاف الكمال المطلق.</p>","<p class=""ql-direction-rtl ql-align-right""><span class=""ql-font-vazirmatn""><span class=""ql-cursor"">﻿</span>  </span>∎ قال ابنُ تيمية: (المُتَنَزِّهُ أنْ يُماثِلَه شيءٌ في نُعُوتِ الكَمَال أو يَلحَقَه شيءٌ من الآفات).</p><p>∎ قال ابنُ القيم: (المُنَزَّهُ مِن كلِّ شرٍّ ونَقْصٍ وعيب).</p><p>∎ قال السعدي: (المُعَظَّم المُنَزَّهُ عن صِفاتِ النَّقصِ كلِّها، وأنْ يُماثِلَه أحدٌ من الخلق؛ فهو المُتَنَزِّهُ عن جميعِ العيوب، والمتنزهُ عن أنْ يُقارِبَه أو يماثلَه أحدٌ في شيءٍ من الكمال).</p>",#1c3d50,https://app.isokoon.com/upload/voices/ca7af666c254ffca065a0642bffe336f.mp3,https://app.isokoon.com/upload/images/IJ892odVmUyKvLvWKEzRf6OPRu1napO3hcMdRkK3.jpg,https://app.isokoon.com/upload/images/yA9JeLChfpDj7qtEvd2dyiAbRg5cXlxwBuECfDRk.svg
6,283,السلام,As-Salām,"<p class=""ql-direction-rtl ql-align-right""><span class=""ql-cursor"">﻿</span>  السَّالِمُ مِن كلِّ نَقصٍ وآفَةٍ وعَيْب، في ذاته وفي صفاته وفي أسمائه وأفعاله، وكل سلام في الدنيا والآخرة فهو منه سبحانه وتعالى.</p>","<p class=""ql-direction-rtl ql-align-right""><span class=""ql-font-vazirmatn""><span class=""ql-cursor"">﻿</span>  </span>∎ قال ابنُ تيمية: (المُقَدَّسُ عن العَيبِ والنَّقْص).</p><p>∎ قال ابنُ القيم: (الذي سَلِمَ مِن العُيوبِ والنَّقائِصِ).</p><p>∎ قال السعدي: (المُعَظَّمُ المُنَزَّهُ عن صفاتِ النقصِ كلِّها، وأَنْ يُماثِلَه أحدٌ مِن الخَلْق، فهو المُتَنَزِّهِ عن جميعِ العُيوب، والمُتنزّه عن أَنْ يُقارِبَه أو يُماثِلَه أحدٌ في شيءٍ مِن الكَمال).</p><p><br></p>",#323a2c,https://app.isokoon.com/upload/voices/4ba956c7fe30bb4677aeb45e41848348.mp3,https://app.isokoon.com/upload/images/DZVdTe7KeXpUv1UtrNiU5fhcVU6Leql2xEz8Rrk9.jpg,https://app.isokoon.com/upload/images/huiv1VdWuSHqopVQFNhShEXePF5Ss3Cq5HjfnlbF.svg
7,330,المؤمن,Al-Mu’min,"<p class=""ql-direction-rtl ql-align-right""><span class=""ql-cursor"">﻿</span>المُصَدِّقُ الذي يصدق أنبياءه بإقامةِ الدلائلِ والمعجزاتِ لهم، والذي يؤمِّن الخَلْقَ مِن الظلمِ لِتَمَام عَدْلِه.</p>","<p class=""ql-direction-rtl ql-align-right""><span class=""ql-font-vazirmatn""><span class=""ql-cursor"">﻿</span>  </span>∎ قال ابنُ تيمية: (المُصَدِّقُ الذي يَصَدِّقُ أنبياءَهُ فيما أَخْبَروا عنه بِالدَّلائلِ التي دَلَّ بها على صِدقِهِ).</p><p>∎ قال ابنُ القيم: (المُصَدِّقُ الذي يصدق الصادقين بما يُقِيمُ لهم من شواهِدِ صدقِهِم، وهو المُؤمِّنُ الذي يؤمِّن خَلْقَهُ مِن ظُلْمِهِ).</p><p>∎ قال السعدي: (المُؤمِنُ الذي أثنى على نَفسِهِ بصفاتِ الكمال، وبكمال الجَلالِ والجمال، الذي أرسل رسلَه وأنزَلَ كُتُبَه بالآياتِ والبَراهين، وصَدَّقَ رُسُلَهُ بِكلِّ آيةٍ وبُرْهان يَدُلُّ على صِدقِهِم وصحةِ ماجاؤوا به).</p><p><br></p><p><br></p>",#3a2728,https://app.isokoon.com/upload/voices/cc623f49710bc205d87f3298c4b73242.mp3,https://app.isokoon.com/upload/images/9tmIpQVLTpsDoEAs0HnPaN68MctTAs2uBeS8fPXP.jpg,https://app.isokoon.com/upload/images/FTCFuefGMkchyzvKBgxlkMsS30mW33JLcv5Etu3a.svg
8,284,المهيمن,Al-Muhaymin,"<p class=""ql-direction-rtl ql-align-right""><span class=""ql-cursor"">﻿</span>  القائِمُ على الخَلْق، والحاكم عليهم، والمُتصَرِّفُ فيهم، والحافظ لهم، والشاهد عليهم، والمحيط بهم، الذي أحاطَ بِكُلِّ شيءٍ عِلْمًا.</p>","<p class=""ql-direction-rtl ql-align-right""><span class=""ql-font-vazirmatn""><span class=""ql-cursor"">﻿</span>  </span>∎ قال ابنُ تيمية: (الحَاكِمُ على الناسِ القائِمُ بأمورِهِم).</p><p>∎ قال البَغويُّ: (الشَّهِيدُ على عِبادِهِ بأعمالِهِم).</p><p>∎ قال السعديُّ: (المُطَّلِعُ على خَفايا الأمورِ، وخَبايا الصُّدُور، الذي أحاطَ بِكُلِّ شيءٍ عِلْمًا).</p><p><br></p><p><br></p>",#333333,https://app.isokoon.com/upload/voices/8bc2de7ac4faec56c9399b3115cbf464.mp3,https://app.isokoon.com/upload/images/k628OSu8bvX1whuZvw9eWariozUIQsDJEwp1hcbZ.jpg,https://app.isokoon.com/upload/images/EKl4dhT6yLwRqrVzelyNSNcqZphaXAPy3xraKff6.svg
9,285,العزيز,Al-‘Azīz,"<p class=""ql-direction-rtl ql-align-right""><span class=""ql-cursor"">﻿</span>  الذي له العِزَّةُ التّامّة، والذي قَهَرَ كُلَّ ما عداه بِقُوَّتِهِ وغَلَبَتِهِ وامتِناعِهِ، القوي الغالب الذي لا يهزم، الجليل الرفيع الشأن السالم من الذُّل، وللعبد من العزَّة والرفعة بقدر طاعته للعزيز سبحانه وتعالى.</p>","<p class=""ql-direction-rtl ql-align-right""><span class=""ql-font-vazirmatn""><span class=""ql-cursor"">﻿</span>  </span>∎ قال ابنُ تيمية: (مَن له العِزّةُ جميعًا، وكلُّ عِزَّةٍ فمِن عِزّتِهِ).</p><p>∎ قال ابنُ القيم: (العزيزُ الذي له العِزَّةُ التَّامّة).</p><p>∎ قال السعدي: (العزيزُ الذي له العِزَّةُ كلُّها، عِزّةُ القوة، وعِزةُ الغلبة، وعِزة الامتناع).</p><p><br></p>",#4e3626,https://app.isokoon.com/upload/voices/bfad6f2dc56ad2e7fb618eca2f5a99a8.mp3,https://app.isokoon.com/upload/images/AyT535UnjZ1Rf4vEI6sn62WA1HlLqcTOYDhdkqCm.jpg,https://app.isokoon.com/upload/images/Fr11AyAaFzGSxc4HWMMkcmHg8SQ5HrB8WMYa5jw0.svg
10,286,الجبار,Al-Jabbār,"<p class=""ql-direction-rtl ql-align-right""><span class=""ql-cursor"">﻿</span>  العالي على خلقه، المسيطرُ على كلِّ شيءٍ، الذي دَانَ له كلُّ شيء وخَضَعَ له، والذي يَجبُرُ مَن التَجأَ إليه، العظيم الذي يُنفِذ مشيئته على سبيل الإجبار والقهر في كل أحد، الذي يَجبُرُ الفقيرَ بالغنى، والمريضَ بالصّحة، والمحتاجَ بالعطاء.</p>","<p class=""ql-direction-rtl ql-align-right""><span class=""ql-font-vazirmatn""><span class=""ql-cursor"">﻿</span>  </span>∎ قال ابنُ تيمية: (الرَّبُّ هو الجَبَّارُ عليهِم المُسَيْطِر، وذلك يَستلزِمُ قدرتَه عليهم).</p><p>∎ قال ابن القيم: (فالجَبَّارُ في صِفةِ الربِّ سبحانه تَرجِعُ إلى ثلاثةِ مَعَانٍ: المُلْك والقَهْر والعُلُو).</p><p>∎ قال السعدي: (الجَبَّارُ بِمعنى العَلِيِّ الأعلى، وبمعنى القَهّار، وبمعنى الرَّؤوف الجَبّارُ للقُلُوبِ المُنْكَسِرة، وللضعيفِ العاجِزِ، ولِمَن لاذَ به ولَجَأَ إليه).</p><p class=""ql-align-justify""><br></p><p class=""ql-align-justify""><br></p><p class=""ql-align-justify""><br></p>",#222222,https://app.isokoon.com/upload/voices/ff1a018864611df255886417436a14ec.mp3,https://app.isokoon.com/upload/images/zmyqWDliCwhXMeqNHc9UvetCB8aGGkJSy0P7PUDW.jpg,https://app.isokoon.com/upload/images/xu0z6DabqOepsNdu9qAhQd7TrrAAh5zzV5Ru5nJf.svg
11,287,المتكبر,Al-Mutakabbir,"<p class=""ql-direction-rtl ql-align-right""><span class=""ql-cursor"">﻿</span>  المتعالي العظيم المُتعاظِم عن كل سوء ونقص وعيبِ؛ لِكمالِهِ وجلالِهِ، المتعالي عن ظلم عباده، القاهر لعتاة خلقه، المتصف بالكبرياء، ومن نازعه في ذلك قصمه وعذّبه.</p>","<p class=""ql-direction-rtl ql-align-right""><span class=""ql-font-vazirmatn""><span class=""ql-cursor"">﻿</span>  </span>∎ قال ابنُ تيمية: (المُتَعالي بالحقِّ ليس كالملوكِ الجبارين المُتكبرين بالباطلِ على بَني جِنسِهِم).</p><p>∎ قال ابنُ القيم: (قال قتادةُ وغيرُه: الذي تَكَبَّرَ عن السيئاتِ، وقال مُقاتِل: المُتَعظِّمِ عن كلِّ سوء).</p><p>∎ قال السعدي: (المُتكبر عن السوء والنقص والعيوب؛ لعظمتِهِ وكبريائِهِ).</p><p><br></p><p><br></p><p><br></p>",#25201a,https://app.isokoon.com/upload/voices/7ee6be3e701e10af4572e0c6adb2a1f9.mp3,https://app.isokoon.com/upload/images/q0wNQImfitxs3Z3bd41cu7CgaOsXdwQGLjfbDr5N.jpg,https://app.isokoon.com/upload/images/xVC4hO3Am5PL8QBcliLxmHkVEK11kL8ZgxtLy3bz.svg
12,288,الخالق,Al-Khāliq,"<p class=""ql-direction-rtl ql-align-right""><span class=""ql-cursor"">﻿</span>  مُوْجِدُ الموجودات كلِّها ومُخْتَرِعُها ومبدعها على غَيرِ مِثالٍ سابِقٍ.</p>","<p class=""ql-direction-rtl ql-align-right""><span class=""ql-font-vazirmatn""><span class=""ql-cursor"">﻿</span>  </span>∎ قال ابنُ تيمية: (الخَالِقُ يَقْتَضِي الإبْدَاعَ والتَّقْدِيرَ).</p><p>∎ قال ابنُ القيم: (اللهُ سبحانه بِذاتِهِ وصفاتِهِ الخَالقُ، وكُلُّ ما عَدَاه مَخلوقٌ، وذلك عُمُومٌ لا تَخْصيصَ فيه بِوَجْهٍ، إذ ليس إلا الخالقُ والمخلوقُ، واللهُ وحدَهُ الخالقُ وما سِواهُ كُلُّهُ مَخْلوقٌ).</p><p>∎ قال السعديُّ: (الذي خَلَقَ جَميعَ المَوجَوداتِ).</p><p><br></p><p><br></p><p><br></p>",#102f38,https://app.isokoon.com/upload/voices/9616e3a40d1b109fb5d0dfab2c1deca3.mp3,https://app.isokoon.com/upload/images/g2UdPv1ucw4UIfhMx36lUto0JWw5UFDbfArgWDsf.jpg,https://app.isokoon.com/upload/images/xVvEexnjctxzUvz3NGB6vKkiUBPKWq1uoH4FdIMU.svg
13,331,البارئ,Al-Bāri’,"<p class=""ql-direction-rtl ql-align-right""><span class=""ql-cursor"">﻿</span>الخالِقُ الذي خَلَقَ جَميعَ الموجوداتِ وصورها وأَوْجَدَها بَعد عَدَمِها.</p>","<p class=""ql-direction-rtl ql-align-right""><span class=""ql-font-vazirmatn""><span class=""ql-cursor"">﻿</span>  </span>∎ قال ابنُ تيمية: (ذَكَرَ نَفْسَه بِأنَّه الخالقُ البارئُ المُصوِّرُ، ولَمْ يَصِفْ قَطُّ شيئًا من المخلوقات بِهذا لا مَلَكًا ولا نَبِيًّا).</p><p>∎ قال ابنُ القيم: (الذي بَرَأَ الخَلِيْقَةَ وأَوْجَدَها بَعد عَدَمِها).</p><p>∎ قال السعديُّ: (الذي خَلَقَ جميعَ الموجوداتِ وبَرَأَها، وسَوَّاها بِحِكْمَتِهِ، وصَوَّرَها بِحَمْدِهِ وحِكْمَتِهِ، وهو لم يَزَلْ ولا يَزَالُ على هذا الوصفِ العَظِيْمِ).</p><p><br></p><p><br></p>",#404040,https://app.isokoon.com/upload/voices/f7c0b1a06f1210150c43490ebf8d03af.mp3,https://app.isokoon.com/upload/images/FSEi95xNShV6sOrLKWRcpysIpUU6WzfN6h8AJpC8.jpg,https://app.isokoon.com/upload/images/JwW1HgseiMQkplHVDaPwTbPYRQhUWbjBY47AAPst.svg
14,332,المصور,Al-Musawwir,"<p class=""ql-direction-rtl ql-align-right""><span class=""ql-cursor"">﻿</span>الذي أَنشَأَ خَلْقَه على صُوَرٍ مُختلفَة، وهيئاتٍ متباينةٍ، دَالَّةً على كمالِ علمِهِ وحكمتِهِ.</p>","<p class=""ql-direction-rtl ql-align-right""><span class=""ql-font-vazirmatn""><span class=""ql-cursor"">﻿</span>  </span>∎ قال ابنُ تيمية: (الذي رَكَّبَ تلك الذَّوات على صُوَرِها المَخصوصةِ وتركيباتِها المَخصوصة).</p><p>∎ قال ابنُ القيم: (تَفصيلٌ لمعنى اسمِ الخالق)، وقال في موضع آخر (يقتضي مُصَوَّرًا ولا بدّ).</p><p>∎ قال السعدي: (الذي خَلَقَ جميعَ الموجوداتِ وبَرَأَها، وسوَّاها بحكمتِهِ، وصوَّرها بحمدِهِ وحكمتِهِ، وهو لم يزل ولا يزال على هذا الوصفِ العظيم).</p><p><br></p>",#343040,https://app.isokoon.com/upload/voices/5c3a23a5febedadba8cac019be991ddc.mp3,https://app.isokoon.com/upload/images/hBO3wEO86OJEku4T5AgzWQmfs9G0X2sTJ7kEzluA.jpg,https://app.isokoon.com/upload/images/jumUwtzYVQiS8nkaLnQ0zmiR9pWJvRwSMfKwEetK.svg
15,333,الغفار,Al-Ghaffaar,"<p class=""ql-direction-rtl ql-align-right""><span class=""ql-cursor"">﻿</span>  من صيغ المبالغة على وزن فعال، أي كثير المغفرة، كمًا ونوعًا، وأصل المغفرة التغطية والستر.</p>","<p class=""ql-direction-rtl ql-align-right""><span class=""ql-font-vazirmatn""><span class=""ql-cursor"">﻿</span>  </span>∎ قال القشيري: (كثير المغفرة).</p><p>∎ قال البيضاوي: (الذي يغفر ما يشاء من الذنوب لمن يشاء).</p><p>∎ قال ابن القيم: (المغفرة فضل من الله، وإلا فلو أخذك بمحض حقه كان عادلًا محمودًا، وإنما عفوه بفضله لا باستحقاقك، فيوجب لك ذلك أيضًا شكرًا له ومحبة، وإنابة إليه، وفرحًا وابتهاجًا به، ومعرفة له باسمه ""الغفار"" ومشاهدة لهذه الصفة وتعبدًا بمقتضاها).</p><p class=""ql-align-justify""><br></p><p class=""ql-align-justify""><br></p><p class=""ql-align-justify""><br></p>",#213237,https://app.isokoon.com/upload/voices/cb3cebf588439e9aec9ec5b9afa1451c.mp3,https://app.isokoon.com/upload/images/zrx2llEi3xNDQZo0fNHXuDUnB0IDl212136841k8.jpg,https://app.isokoon.com/upload/images/w2CS3IUUlo5AY1b7sfilqtHKb7QZ0GcjAo625jMn.svg
16,289,القهار,Al-Qahhār,"<p class=""ql-direction-rtl ql-align-right""><span class=""ql-cursor"">﻿</span>  الذي خَضَعَتْ له جميعُ الكائِنات، وذَلَّتْ له جميعُ المخلوقات، ودَانَتْ لقدرتِهِ ومشيئتِهِ، المذلّ عباده والمستعبد خلقه، العالي عليهم، الغالب الذي خضعت له الرقاب وعنت له الوجوه، والقهّار مبالغة من القاهر.</p>","<p class=""ql-direction-rtl ql-align-right""><span class=""ql-font-vazirmatn""><span class=""ql-cursor"">﻿</span>  </span>∎ قال الحَليمي: (الذي يَقهر ولا يُقهر بحال).</p><p>∎ قال الخطابي: (الذي قهر الجبابرة من عتاة خلقه بالعقوبة، وقهر الخلق كلهم بالموت).</p><p>∎ قال ابن القيم في نونيته:</p><p>(وَكذلِكَ القّهَّارُ مِنْ أوْصَافِهِ</p><p>فَالخَلْقُ مَقْهُورُونَ بِالسُّلْطَانِ</p><p>لَوْ لَمْ يَكُنْ حَيًّا عَزِيزًا قَادِرًا</p><p>مَا كَانَ مِنْ قَهْرٍ وَمِنْ سُلْطانِ).</p><p><br></p><p><br></p>",#02191E,https://app.isokoon.com/upload/voices/10afbe826f0610e45b7805dcbe9dfbc8.mp3,https://app.isokoon.com/upload/images/sQiOzFkg0NoT1wl9UIETuvEXQjZzD5U9d5brmvWD.jpg,https://app.isokoon.com/upload/images/KJyrXITYZXxMi0srj5gYwo7LSAkpup14E63emyBD.svg
17,290,الوهاب,Al-Wahhāb,"<h4 class=""ql-direction-rtl ql-align-right""><span class=""ql-cursor"">﻿</span> هو واسِعُ العَطَايا والهِبَات، الذي شَملَ الكائناتِ بأسرِها بِكَرَمِهِ وجُودِهِ، كثير المواهب لخلقه فضلًا منه وإحسانًا.</h4>","<p class=""ql-direction-rtl ql-align-right""><span class=""ql-font-vazirmatn""><span class=""ql-cursor"">﻿</span>  </span>∎ قال الخَطّابي: (هو الذي يَجودُ بالعطاءِ عن ظَهرِ يَدٍ مِن غيرِ استثابة).</p><p>∎ قال ابنُ القيم في نونيته:</p><p>(وكذلك الوَهّابُ مِن أسمائِهِ</p><p>فانظر مَواهِبَه مَدى الأزمانِ</p><p>أهلُ السماواتِ العلى والأرضِ عن</p><p>تلك المَوَاهِبِ ليس يَنْفَكَّانِ).</p><p>∎ قال السعدي: (واسِعُ العطايا والهِبات، كثيرُ الإحسانِ الذي عَمَّ جُودُكَ جميعَ البَرِيَّات).</p>",#29362C,https://app.isokoon.com/upload/voices/bc3ef8132e8731cf8a4932a11f8aaa32.mp3,https://app.isokoon.com/upload/images/rBj234ojRWzEWh0J7mOD4aI4okAcOnGZ8YQi1y4S.jpg,https://app.isokoon.com/upload/images/D7h06manmur4qBS3Ar4BhIokUub6xJJHxceFw0wV.svg
18,291,الرزاق,Ar-Razzāq,"<p class=""ql-direction-rtl ql-align-right"">  المُتَكَفِّلُ بأرزاقِ العبادِ التي بِها قوامُ قُلوبِهِم وأبدانِهِم، والمتكفل برزق مَن في السماوات والأرض برًا كان أو فاجرًا، ثم يرزق أولياءه رزقًا خاصًا بقلوبهم فيزيدها إيمانًا وحكمةً، وينمي أجسادهم بالرزق الحلال، وهو اسم دالٌ على كثرة رزقه لخلقه</p>","<p class=""ql-direction-rtl ql-align-right""><span class=""ql-font-vazirmatn""><span class=""ql-cursor"">﻿</span>  </span>∎ قال ابنُ تيمية: (يَرزُقُ ولا يُرْزَق، يَرزُقُ عبادَهُ ويَنصُرُهُم ويَهدِيهِم ويُعافِيهم، بما خَلَقَه مِن الأسباب التي هي مِن خلقِهِ، والتي هي مُفتَقِرةٌ إليه كافتقارِ المُسَبَّبَاتِ إلى أسبابِها).</p><p>∎ قال ابنُ القيم: (رَزَقَ البَدَنَ الطعامَ والشرابَ، ورَزَقَ القَلبَ الإيمانَ والمَعرِفةَ).</p><p>∎ قال السعدي: (الرَّزّاقُ لِجَميعِ المخلوقات، فما مِن مَوجودٍ في العالَمِ العُلويِّ والعالَمِ السُّفْليِّ إلا مُتَمَتِّعٌ بِرزقِهِ مَغمورٌ بكَرَمِهِ).</p><p class=""ql-align-justify""><br></p><p class=""ql-align-justify""><br></p><p class=""ql-align-justify""><br></p>",#282828,https://app.isokoon.com/upload/voices/c2ebf4a8071eb466b322565d469e4432.mp3,https://app.isokoon.com/upload/images/ff8hc2LJBZ31spoaT407gcAGBhmrMpxixInF6PRt.jpg,https://app.isokoon.com/upload/images/4vNSALKjKuERmzpFX0h91GLji6Qz2eabUcWjevDy.svg
19,334,الفتاح,Al-Fattāh,"<h5 class=""ql-direction-rtl ql-align-right""><span class=""ql-cursor"">﻿</span>  الذي يَحْكُمُ بين عِبادِهِ بأحكامِهِ الشرعيّة، ويَقْضي فيهم بأحكامِهِ القَدَريّة، ويُحاسِبُهُم بأحكامِهِ الجَزَائيّة.</h5>","<p class=""ql-direction-rtl ql-align-right""><span class=""ql-font-vazirmatn""><span class=""ql-cursor"">﻿</span>  </span>∎ قال ابنُ جرير: (القَاضِي العَلِيم بالقضاءِ بين خَلْقِهِ).</p><p>∎ قال ابنُ القيم:</p><p>(وكذلك الفَتَّاحُ مِن أسمائِهِ</p><p>والفَتْحُ في أوصافِهِ أَمْرانِ</p><p>فَتْحٌ بِحُكْمٍ وهو شَرْعُ إِلهِنا</p><p>والفَتْحُ بالأقْدارِ فَتْحٌ ثانِ</p><p>والرَّبُّ فَتّاحٌ بِذَيْنِ كليهما</p><p>عَدْلًا وإِحسانًا مِن الرَّحْمنِ).</p><p>∎ قال السعدي: (""الفَتَّاحُ"" الذي يَحكمُ بين عبادِهِ، بأحكامِهِ الشرعية، وأحكامِهِ القَدَرِيّة، وأحكامِ الجَزاء، الذي فَتَحَ بلُطْفِهِ بَصائرَ الصادقين، وفَتَحَ قُلوبَهم لمعرفتِهِ، ومحبتِهِ، والإِنابةِ إليه، وفَتَحَ لعبادِهِ أبوابَ الرَّحمةِ والأرزاقِ المتنوعة، وسَبَّبَ لهم الأسبابَ التي ينالون بِها خيرَ الدنيا والآخِرة).</p><p><br></p><p><br></p>",#0E1B27,https://app.isokoon.com/upload/voices/ab4d314146b8b82aa4cb2cec48d57f85.mp3,https://app.isokoon.com/upload/images/b2YlrgQnglDHyPx0psqjFCm1jdJMWBO3WdBBpSZ7.jpg,https://app.isokoon.com/upload/images/t9ofcalMRwDhB3QLra0TO547fwxYefWn22PjJOsk.svg
20,292,العليم,Al-‘Alīm,"<p class=""ql-direction-rtl ql-align-right""><span class=""ql-cursor"">﻿</span> المُحِيْطُ عِلْمُهُ بِكُلِّ شيءٍ.</p>","<p class=""ql-direction-rtl ql-align-right""><span class=""ql-font-vazirmatn""><span class=""ql-cursor"">﻿</span> </span>∎ قال ابنُ تيمية: (العالِم بالمعلومات، ولا يَعلَمُ أحدٌ شيئًا إلا بِتَعْلِيمِهِ).</p><p>∎ قال ابنُ القيم: (العَلِيمُ الذي سَلِمَ عِلْمُهُ أنْ يَعْزُبَ عنه مِثقالُ ذَرَّةٍ، أو يَغِيْبَ عنه مَعلومٌ مِن المَعلومات).</p><p>∎ قال السعدي: (هو الذي أَحَاطَ عِلْمُهُ بِالظَّواهرِ والبَوَاطِنِ، والإِسرارِ والإعلانِ، والوَاجِباتِ والمُستَحيلات والمُمْكِنَاتِ، وبالعَالَمِ العُلْويِّ والسُّفْلِي، وبالماضِي والحاضِرِ والمُستَقبل، فلا يَخْفى عليه شيءٌ من الأشياء).</p><p class=""ql-align-justify""><br></p><p class=""ql-align-justify""><br></p><p class=""ql-align-justify""><br></p>",#053b53,https://app.isokoon.com/upload/voices/841855131c6457be20766d10f7e2c8db.mp3,https://app.isokoon.com/upload/images/6saJhrdGbUwWau4duVlo7NTXFzuY3b1jKFBNWXml.jpg,https://app.isokoon.com/upload/images/qSebzpH4kNtnBPgqS4z3Vw3eVsDtGKho8rvEJnAk.svg
21,335,القابض,Al-Qaabid,"<p class=""ql-direction-rtl ql-align-right""><span class=""ql-cursor"">﻿</span>  ∎ يطوي برّه عمن يشاء، القابض للأرزاق والقلوب والأرواح. ∎</p>","<p class=""ql-direction-rtl ql-align-right""><span class=""ql-font-vazirmatn""><span class=""ql-cursor"">﻿</span>  </span>اتفق معظم العلماء أن القبض في ثلاثة أمور</p><p>1- قبض للأرزاق: يقبض الرزق عمن يشاء بلطفه وحكمته، ويقبض الصدقات من الأغنياء، ويبسط الأرزاق للفقراء.</p><p>2- قبض للقلوب: يقبض القلوب فيضيقها حتى تصير حرجًا ﴿فَمَن يُرِدِ ٱللَّهُ أَن يَهْدِيَهُ يَشْرَحْ صَدْرَهُ لِلْإِسْلَـٰمِ وَمَن يُرِدْ أَن يُضِلَّهُ يَجْعَلْ صَدْرَهُ ضَيِّقًا حَرَجًا كَأَنَّمَا يَصَّعَّدُ فِى ٱلسَّمَآءِ﴾.</p><p>3- قبض للأرواح: يقبض الأرواح بالموت الذي كتبه على العباد، ويبسط الأرواح في الأجساد عند الحياة. قال الرسول ﷺ لأصحابه حين ناموا عن الصلاة في سفر معه: «إِنَّ اللَّهَ قَبَضَ أَرْوَاحَكُمْ حِينَ شَاءَ، وَرَدَّهَا حِينَ شَاءَ»، والقبض: هو التقتير والتضييق.</p><p><br></p><p><br></p>",#1C1C1C,https://app.isokoon.com/upload/voices/bbb9aab29e2239b2f3e1bce60a3de8df.mp3,https://app.isokoon.com/upload/images/RBLrf2ZSVERsW4YnyH8AFwl7OR7Opj12eYW6dmgy.jpg,https://app.isokoon.com/upload/images/vwLkgni8gZTTRJkKUFycLEctfzTK2EPFiHxsApUC.svg
22,336,الباسط,Al-Baasit,"<p class=""ql-direction-rtl ql-align-right""><span class=""ql-cursor"">﻿</span>  ناشر فضله على عباده، الباسط للأرزاق والرحمة والقلوب.</p>","<p class=""ql-direction-rtl ql-align-right""><span class=""ql-font-vazirmatn""><span class=""ql-cursor"">﻿</span>  </span>مثل القبض فالبسط أيضًا في ثلاثة أمور:</p><p>1- بسط الرزق: على من أراد أن يوسع عليه ﴿يَبْسُطُ الرِّزْقَ لِمَن يَشَاءُ﴾.</p><p>2- بسط القلوب: بما يفيض عليها من معاني بره ولطفه ﴿فَمَن يُرِدِ ٱللَّهُ أَن يَهْدِيَهُ يَشْرَحْ صَدْرَهُ لِلْإِسْلَـٰمِ﴾.</p><p>3- بسط الأرواح: في الأجساد عند الحياة.</p><p>∎ ""البسط"" السعة، و ""بسطه"" نشره، وقيل إن أعظم البسط بسط الرحمة على القلوب حتى تستضيء وتخرج من ظلمة الذنوب.</p><p><br></p><p><br></p>",#21261c,https://app.isokoon.com/upload/voices/8f09bf84e8c49d96dafefe25321d4c64.mp3,https://app.isokoon.com/upload/images/AbutBzQ2HtZZ6J1pSnFonQbfJneKPCL7TS8CjeN0.jpg,https://app.isokoon.com/upload/images/xDPprta1mGSTyfIuLUaNXAYqioEX9jUSyeDwQnRT.svg
23,337,الخافض,Al-Khaafid,"<p class=""ql-direction-rtl ql-align-right""><span class=""ql-cursor"">﻿</span>  الذي يخفض الجبارين ويذل الفراعنة المتكبرين.</p>","<p class=""ql-direction-rtl ql-align-right""><strong class=""ql-font-vazirmatn""><span class=""ql-cursor"">﻿</span>  </strong><strong>∎ قال الْحَلِيمِيُّ فيما نقله البيهقي في ""الأسماء والصفات"": (ولا ينبغي أن يفرد الخافض عن الرافع في الدعاء؛ فالخافض هو الواضع من الأقدار، والرافع المعلي للأقدار).</strong></p>",#39221D,https://app.isokoon.com/upload/voices/eb01495bd1cfef30ef1746552d36a4a1.mp3,https://app.isokoon.com/upload/images/iiJJ1VptplbVbjcQ4ioKVTODUJfPaKrUeUyYwwRR.jpg,https://app.isokoon.com/upload/images/meEUwlBr4NQDFTK8U49yRAcn7D4tXK5wRQ9QscE5.svg
24,338,الرافع,Ar-Rāfi‘,"<p class=""ql-direction-rtl ql-align-right""><span class=""ql-cursor"">﻿</span>  هو الذي يَرفَع من يشاء كما يشاء، كرفع أوليائه في الدنيا والآخِرة.</p>","<p class=""ql-direction-rtl ql-align-right""><span class=""ql-font-vazirmatn""><span class=""ql-cursor"">﻿</span>  </span>∎ قال ابنُ تيمية: (ومِن هذا البابِ أسماءُ الله المُقترِنةُ كالمعطي المانع، والضار النافِع، والمُعز المُذل، والخافض الرافع، فلا يُفرَدُ الاسمُ المانِع عن قرينِهِ ولا الضار عن قرينِه؛ لأن اقترانهما يدلُّ على العموم، .. فَخَفْضُه ورفعُهُ مِن عدلِهِ وإحسانِهِ إلى خلقِه مِن فضلِه).</p><p>∎ قال ابنُ القيم: (هو الذي يَرفعُ عبدَه إذا شاء بما آتاه مِن العِلمِ، وإن لم يرفعْهُ الله فهو مَوضوعٌ لا يَرفعُ أحدٌ به رأسًا).</p><p>∎ قال السعدي: (هذه الأسماءُ الكريمةُ مِن الأسماءِ المُتَقابِلات التي لا ينبغي أن يُثنى على الله بها إلا كل واحدٍ مع الآخَر، لأنَّ الكمالَ المُطلَق مِن اجتماع الوصفين، .. الرَّافِعُ للأقوامِ القائِمين بالعِلْم والإيمانِ، الخافِضُ لأعدائِهِ).</p><p><br></p><p><br></p>",#0E1E2E,https://app.isokoon.com/upload/voices/db21bf84f38d746d6137c05d7e6cb28f.mp3,https://app.isokoon.com/upload/images/x3i7WCH3QI3MSsAuqBpv2SNVK5LzvAoktoppq4QE.jpg,https://app.isokoon.com/upload/images/nleyItuPgLpQnZMadCT92AuvqI6yY0KNPjRuI6fL.svg
27,293,السميع,As-Samī‘,"<p class=""ql-direction-rtl ql-align-right""><span class=""ql-cursor"">﻿</span>  الذي يُدْرِكُ جميعَ المَسموعات، ويَسمعُ السِّرَّ والنَّجوى، سواء عنده الجَهْر والخُفُوت، والنُّطْق والسُّكُوت، بل بكل الأصوات مهما دقّت أو عظمت، وهو المجيب لمن دعاه.</p>","<p class=""ql-direction-rtl ql-align-right""><span class=""ql-font-vazirmatn""><span class=""ql-cursor"">﻿</span>  </span>∎ قال ابنُ تيمية: (يَسمعُ ضجيجَ الأصوات، باختلافِ اللغات، على تَفَنُّنِ الحاجات، لا يَشغَلُهُ سَمْعٌ عن سَمع، ولا تُغلطه المسائل، ولا يَتَبَرَّمُ بإلحاحِ المُلِحِّين).</p><p>∎ قال ابنُ القيم: (الذي قد استوى في سمعِهِ سِرُّ القَولِ وجَهْرِهِ، ووَسِعَ سَمعُهُ الأصوات).</p><p>∎ قال السعدي: (الذي يَسمعُ جميعَ الأصواتِ باختلافِ اللغاتِ على تفننِ الحاجات، فالسِّرُّ عنده علانيةٌ، والبعيدُ عنده قَريبٌ).</p><p class=""ql-align-justify""><br></p><p class=""ql-align-justify""><br></p><p class=""ql-align-justify""><br></p>",#0a0e13,https://app.isokoon.com/upload/voices/255c696c19c53faaa5a9c8dfe3cb19c7.mp3,https://app.isokoon.com/upload/images/WNq8HpbjKx19CyAkpL1tcLHwZHfZjZag7WinmeW5.jpg,https://app.isokoon.com/upload/images/vxrLeH7wJwNFfEMxhWw6tzWbqYsoa2XxZEaLJFR2.svg
28,341,البصير,Al-Basīr,"<p class=""ql-direction-rtl ql-align-right""><span class=""ql-cursor"">﻿</span>  الذي أحاطَ بَصَرُهُ بكلِّ شيءٍ وإِنْ دَقّ وصَغُرَ، ذو البصيرة بالأشياء الخبير بها المطلع على بواطنها.</p>","<p class=""ql-direction-rtl ql-align-right""><span class=""ql-font-vazirmatn""><span class=""ql-cursor"">﻿</span>  </span>∎ قال ابنُ تيمية: (يُبْصِرُ دَبِيْبَ النّملَةِ السوداءِ في الليلةِ الظَّلْماءِ على الصَّخرةِ الصَّمَّاءِ).</p><p>∎ قال ابنُ القيم: (الذي ليسَ كمثلِهِ شيءٌ في بَصَرِهِ).</p><p>∎ قال السعديُّ: (الذي أَحاطَ بَصرُهُ بِجميعِ المُبْصَرَاتِ في أقطارِ الأرضِ والسماوات، حتى أخفى ما يكونُ فيها).</p><p class=""ql-align-justify""><br></p><p class=""ql-align-justify""><br></p>",#0C1D2F,https://app.isokoon.com/upload/voices/7d54a706b97bdd201d20b5ec26236cca.mp3,https://app.isokoon.com/upload/images/ptGSs4rE4GM3kKsAgyZjPnq8sGLpgpNDkYUoWU3i.jpg,https://app.isokoon.com/upload/images/dSEAbr4ip4yTkWfan9E4yioP4wKlzepHjikgh7hY.svg
29,342,الحكم,Al-Hakam,"<p class=""ql-direction-rtl ql-align-right""><span class=""ql-cursor"">﻿</span>  الذي إليهِ الحُكْمُ في كلِّ شيءٍ، وهو يَحكُمُ ما يُريدُ، ويحكم بين عبادِهِ بالحق والعدل.</p>","<p class=""ql-direction-rtl ql-align-right""><span class=""ql-font-vazirmatn""><span class=""ql-cursor"">﻿</span>  </span>∎ قال ابنُ تيمية: (الحَكَمُ بينَ الناسِ هو اللهُ تعالى بما أَنْزَلَه مِن الكتابِ المُفصّل).</p><p>∎ قال ابنُ القيم: ([أي] أنه أعدلُ العادِلِين في قضائِهِ).</p><p>∎ قال السعدي: (ومِن أسمائِهِ الحَكَمُ العدلُ الذي يَحكم بين عبادِهِ في الدنيا، والآخِرةِ بعدلِهِ، وقِسطِهِ فلا يَظْلِمُ مِثقالَ ذرة، ولا يُحَمِّلُ أحدًا وزرَ أحد، ولا يجازي العبدَ بأكثر مِن ذنبِهِ، ويؤدي الحقوقَ إلى أهلِها، فلا يَدَعُ صاحِبَ حقٍّ إلا وَصَلَ إليه حَقُّه).</p><p><br></p><p><br></p>",#192726,https://app.isokoon.com/upload/voices/3ccdef66c4509c58502cfe51f88cf5d9.mp3,https://app.isokoon.com/upload/images/qgBYdMwXD6H95o1yiYaVfZTjOFS7uBoVW2zi6QKq.jpg,https://app.isokoon.com/upload/images/pmraMpiz01UerhVrL0BaExI23fZ6Qa49nRUyth6K.svg
31,294,اللطيف,Al-Latīf,"<p class=""ql-direction-rtl ql-align-right""><span class=""ql-cursor"">﻿</span>  الذي لا تَخفى عليه الأشياءُ وإنْ دَقَّت، البَرُّ بِعبادِهِ الذي يَرفق بِهِم ويُوفِّقُهم لما فيه صلاحُهُم، واسم</p>","<p class=""ql-direction-rtl ql-align-right""><span class=""ql-font-vazirmatn""><span class=""ql-cursor"">﻿</span>  </span>∎ قال ابنُ تيمية: (الذي يُدرِك الدَّقِيقَ [من الأمور]).</p><p>∎ قال ابنُ القيم: (الذي لَطَفَ صُنْعُهُ وحكمتُهُ ودَقَّ، حتى عَجَزَت عنه الأفهام).</p><p>∎ قال السعدي: (الذي لَطفَ علمُهُ حتى أدرك الخفايا والخبايا، وما احتوت عليه الصدور، وما في الأراضي من خفايا البُذُور، ولَطَفَ بأوليائِهِ وأصفيائِهِ، فيَسَّرَهم لليُسرى وجنَّبَهم العُسرى، وسهّل لهم كلَّ طريقٍ يُوصل إلى مرضاتِهِ وكرامتِهِ، وحفظَهم من كلِّ سببٍ ووسيلةٍ توصل إلى سخطه، من طُرُقٍ يشعرون بها، ومن طرق لا يشعرون بها، وقَدَّرَ عليهم أمورًا يكرهونها ليُنِيلَهم ما يُحِبُّون، فلطف بهم في أنفسهم فأجراهم على عوائِدِهِ الجميلة وصنائعِهِ الكريمة، ولَطَف لهم في أمورٍ خارجةٍ عنهم، لهم فيها كلُّ خيرٍ وصلاحٍ ونجاح).</p><p class=""ql-align-justify""><br></p><p class=""ql-align-justify""><br></p><p class=""ql-align-justify""><br></p>",#171D11,https://app.isokoon.com/upload/voices/14a73ad963d8d17a20020364ca1274a3.mp3,https://app.isokoon.com/upload/images/rC84nSxJkFbhM5MwsLK2oUacKM0TqKFhItDsSpV0.jpg,https://app.isokoon.com/upload/images/a9hOamvsKkDrO9hypytHBY7zPCM1E8JS8PULRTRG.svg
32,295,الخبير,Al-Khabīr,"<p class=""ql-direction-rtl ql-align-right""><span class=""ql-cursor"">﻿</span>  الذي أحاط عِلمُهُ بِبَواطِنِ الأشياءِ وخفاياها، كما أحاط بظواهرها.</p>","<p class=""ql-direction-rtl ql-align-right""><span class=""ql-font-vazirmatn""><span class=""ql-cursor"">﻿</span>  </span>∎ قال ابنُ تيمية: (الخَبِيْر بالأمور، المُطَّلِع على بواطِنِها).</p><p>∎ قال ابنُ القيم: (""الخَبير"" الذي انتهى علمُهُ إلى الإحاطةِ بِبواطِنِ الأشياءِ وخفاياها، كما أحاط بظواهِرِها).</p><p>∎ قال السعدي: (""الخَبير العَليم"" هو الذي أحاطَ علمُهُ بالظواهر والبواطِن، والإسرارِ والإعلان، والواجبات والمستحيلات والممكنات، وبالعالَمِ العُلويِّ والسُّفْليِّ، وبالماضي والحاضر والمستقبل، فلا يخفى عليه شيءٌ من الأشياء).</p><p class=""ql-align-justify""><br></p><p class=""ql-align-justify""><br></p>",#2a231b,https://app.isokoon.com/upload/voices/18cf9d20f6b8156261fb87a607501f58.mp3,https://app.isokoon.com/upload/images/x8ij2AuCgXivKievptMy4IUDXBrAN5yhdscdsVXm.jpg,https://app.isokoon.com/upload/images/RD4DS6h8QjC8DFRjQJ0En8TzVI25LTMgRNCvVglo.svg
33,296,الحليم,Al-Halīm,"<p class=""ql-direction-rtl ql-align-right""><span class=""ql-cursor"">﻿</span>  ذو الأَناةِ الذي لا يَعْجَلُ على عِبادِهِ بِعقوبَتِهِم على ذُنُوبِهِم، وهو الذي لا يُعجّل العقوبة على عباده مع قدرته على عقابهم، بل يصفح عنهم ويغفر لهم إذا استغفروه.</p>","<p class=""ql-direction-rtl ql-align-right""><span class=""ql-font-vazirmatn""><span class=""ql-cursor"">﻿</span>  </span>∎ قال ابنُ تيمية: (الذي قَدْ كَمُلَ في حِلْمِهِ).</p><p>∎ قال ابنُ القيم: (مَن عَظُمَ حِلْمُهُ [عن الجُناةِ]، .. ولا يُعاجِلُهُم بِالعُقُوبة).</p><p>∎ قال السعدي: (""الحَليمُ"" الذي له الحِلْمُ الكامل، والذي وَسِعَ حِلْمُهُ أهلَ الكُفرِ والفُسُوقِ والعِصْيانِ، ومَنَعَ عُقُوبَتَه أنْ تَحِلَّ بأهلِ الظُّلمِ عاجلًا).</p><p class=""ql-align-justify""><br></p><p class=""ql-align-justify""><br></p><p class=""ql-align-justify""><br></p>",#152225,https://app.isokoon.com/upload/voices/d0b357da192924ed84fb4df8e6cf60b8.mp3,https://app.isokoon.com/upload/images/XrwN3hmmdOprFmfy0b99btALEARAZOsDgLC5g3U0.jpg,https://app.isokoon.com/upload/images/V2tYk6RvATjSKXahmYc2uPie7yKWjzlIkqRKNL2x.svg
34,297,العظيم,Al-‘Azhīm,"<p class=""ql-direction-rtl ql-align-right""><span class=""ql-cursor"">﻿</span>  الجامِعُ لجَمِيعِ صِفاتِ الكَمَالِ والمَجدِ والكبرياءِ والعظمةِ، الذي تُحِبُّه القُلُوب وتُعَظِّمُهُ الأرواح، والذي له العظمة المطلقة في ذاته وأسمائه وصفاته؛ ولذلك وجب على الخلق أن يعظموه ويبجلّوه، وأن يعظموا أمره ونهيه.</p>","<p class=""ql-direction-rtl ql-align-right""><span class=""ql-font-vazirmatn""><span class=""ql-cursor"">﻿</span>  </span>∎ قال ابنُ تيمية: (الذي قَد كَمُلَ في عَظَمَتِهِ).</p><p>∎ قال ابنُ القيم: (""العَظِيم"" مَن اتَّصَفَ بِصِفاتٍ كثيرةٍ مِن صِفاتِ الكَمَال).</p><p>∎ قال السعدي: (""العظيمُ"" الجامِعُ لجميعِ صفاتِ العَظَمَةِ والكِبْرِياء والمَجْدِ والبَهاءِ، الذي تُحِبُّه القُلُوب، وتُعَظِّمُهُ الأرواح، ويَعرِفُ العارِفونَ أَنَّ عَظَمَةَ كلِّ شيءٍ وإِنْ جَلَّتْ في الصِّفة فإنها مُضْمَحِلَّةٌ في جَانِبِ عَظَمَةِ العَلِيِّ العَظِيم).</p><p class=""ql-align-justify""><br></p><p class=""ql-align-justify""><br></p><p class=""ql-align-justify""><br></p>",#25181e,https://app.isokoon.com/upload/voices/24e226576615f4119381dfb163e15dfe.mp3,https://app.isokoon.com/upload/images/4mamIESf8BNbLzhdAOonp1HvEMa7nQXrgF7eAetb.jpg,https://app.isokoon.com/upload/images/UbsaoJfiVYrc0MGGjL48OXvkPNSM2iV3HaIh5fc7.svg
35,298,الغفور,Al-Ghafūr,"<p class=""ql-direction-rtl ql-align-right""><span class=""ql-cursor"">﻿</span>  الذي يَقِي عِبادَه شَرَّ ذُنُوبِهِم، ولا يُعاقِبُهُم عليها، والذي يستر الذنب على صاحبه ولا يفضحه ولا يعاقبه عليه.</p>","<p class=""ql-direction-rtl ql-align-right""><span class=""ql-font-vazirmatn""><span class=""ql-cursor"">﻿</span>  </span>∎ قال ابنُ تيمية: (الغَفُورُ الذي يَغفِرُ ذُنُوبَ العباد، فإنّ المَغفرةَ معناها وِقاية شَرِّ الذَّنْب، بِحيثُ لا يُعاقَبُ على الذَّنْب، فمَن غُفِر ذَنبُهُ لم يُعاقَبْ عليهِ).</p><p>∎ قال ابنُ القيم: (هو الذي يَغفِر لمَن تاب إليه).</p><p>∎ قال السعديُّ: (الغَفُورُ الذي لم يَزَلْ يَغفِرُ الذُّنوب).</p><p class=""ql-align-justify""><br></p><p class=""ql-align-justify""><br></p><p class=""ql-align-justify""><br></p>",#162022,https://app.isokoon.com/upload/voices/26da533ffc80650543e0b59bc80dca9d.mp3,https://app.isokoon.com/upload/images/5vzc7nE7YBcMrbs5xMahoJ9Oq8wYaFMvXkWKrndR.jpg,https://app.isokoon.com/upload/images/fngux1xfwvlyHeQ6sRByLFUOFbZNgl17i5hLYLcO.svg
36,299,الشكور,Ash-Shakūr,"<p class=""ql-direction-rtl ql-align-right""><span class=""ql-cursor"">﻿</span>  الذي يَشكُرُ القليلَ من العملِ بالثوابِ الجزيلِ المضاعَفِ، ويَعفو عن الكَثيرِ من الزَّللِ، والذي يقبل العمل الصالح مهما قلّ، ويثيب عليه، ويضاعف أجره، ويزيد من نعمته لعبده وثناءه عليه، والشكور أبلغ في ذلك.</p>","<p class=""ql-direction-rtl ql-align-right""><span class=""ql-font-vazirmatn""><span class=""ql-cursor"">﻿</span>  </span>∎ قال ابنُ تيمية: (الذي يَشْكُرُ اليَسِيْرَ مِن العَمَل، ويَغفِرُ الكَثيرَ مِن الزَّلل).</p><p>∎ قال ابنُ القيم: (هو الشَّكُورُ على الحَقيقةِ؛ فإنه يُعطِي العَبدَ ويُوفِّقُهُ لِمَا يَشكُرُهُ عليه، ويَشكُرُ القليلَ من العملِ والعطاءِ فلا يَستقِلُّهُ أنْ يَشكرَه، ويَشكُرُ الحسنةَ بِعشرِ أمثالِها الى أضعافٍ مُضاعَفَةٍ، ويَشكُرُ عبدَه بِقولِهِ بأنْ يَثنيَ عليه بين ملائكتِهِ وفى مَلَئِهِ الأعلى).</p><p>∎ قال السعدي: (هو الذي يَشكُرُ القليلَ مِن العملِ الخالِصِ النَّقِيِ النافِع، ويَعفُو عن الكثيرِ مِن الزَّلَلِ، ولا يضيع أجرَ مَن أحسن عملًا؛ بل يُضاعِفُهُ أضعافًا مُضاعفة بغير عَدٍّ ولا حِسابٍ).</p><p class=""ql-align-justify""><br></p><p class=""ql-align-justify""><br></p><p class=""ql-align-justify""><br></p>",#182115,https://app.isokoon.com/upload/voices/c2d775ed8057721b18a3eaaa22375cd9.mp3,https://app.isokoon.com/upload/images/m91N16McKf2sLao9RSJa9N06ZE8UnAQjAMAX5i0Z.jpg,https://app.isokoon.com/upload/images/mepU981II5xkRAt9x0AqTc3x7Caz6OPM3i8zM5EF.svg
37,344,العلي,Al-‘Alyy,"<p class=""ql-direction-rtl ql-align-right""><span class=""ql-cursor"">﻿</span>الذي له العُلُوُّ المُطلَقُ مِن جميعِ الوُجُوه؛ عُلُوُّ القَدْر، وعُلُوُّ القَهْر، وعُلُوُّ الذَّات.</p>","<p class=""ql-direction-rtl ql-align-right""><span class=""ql-font-vazirmatn""><span class=""ql-cursor"">﻿</span>  </span>∎ قال ابنُ تيمية: (واسمُهُ ""العَلِي"" يُفَسَّرُ بهذين المعنيين: يُفَسَّرُ بأنَّه أَعلى مِن غيرِهِ قَدْرًا، فهو أحقُّ بصفاتِ الكمال، ويُفَسَّرُ بأنه العالي عليهم بالقَهْرِ والغَلَبة).</p><p>∎ قال أيضًا: (ولما كان قد استقر في نفوس المخاطبين أن الله هو العلي الأعلى، وأنه فوق كل شيء؛ كان المفهوم من قوله: ﴿مَن فِي السَّمَاءِ﴾ أنه في السماء، أنه في العلو، وأنه فوق كل شيء).</p><p>∎ قال ابنُ القيم: (الذي عَلا عن كُلِّ عَيْبٍ وسُوءٍ ونَقْصٍ، ومِن كَمالِ عُلُوِّه أنْ لا يكونَ فوقَهُ شيءٌ، بل يكونُ فوقَ كُلِّ شيء).</p><p>∎ قال السعدي: (الذي له العُلُوُّ المُطلقُ مِن جَميعِ الوُجُوه).</p><p class=""ql-align-justify""><br></p><p class=""ql-align-justify""><br></p><p class=""ql-align-justify""><br></p>",#1c1e28,https://app.isokoon.com/upload/voices/8a255975c351852569234a4c433696db.mp3,https://app.isokoon.com/upload/images/iqrMjw1PN8YkxT26ppHy8d12pYn20lbYfXwSESwF.jpg,https://app.isokoon.com/upload/images/bP3uBBmMmpqwXTXTaqlVM50CuhcFMNDCaA0MoA2b.svg
38,300,الكبير,Al-Kabīr,"<p class=""ql-direction-rtl ql-align-right""><span class=""ql-cursor"">﻿</span>  العَظيمُ الذي كلُّ شيءٍ دونَه، ولا شيءَ أعظمَ منه، العظيم في ذاته وأوصافه وأفعاله، وليس شيء أعظم منه بل كلّ ما سواه صغير في جنب جلاله عز وجل.</p>","<p class=""ql-direction-rtl ql-align-right""><span class=""ql-font-vazirmatn""><span class=""ql-cursor"">﻿</span>  </span>∎ قال ابنُ تيمية: (العَظِيْمُ الذي لا تُدرِكُهُ الأبصارُ، وهو يُدرِكُ الأبصارَ، وهو سبحانه أَكْبَرُ مِن كلِّ شيء).</p><p>∎ قال ابنُ القيم: (فالكَبِيْرُ يُوصَفُ بِهِ الذّاتُ، وصفاتُها القائمةُ بها).</p><p>∎ قال السعدي: (الذي هو أَكْبَرُ مِن كلِّ شيء، وأَعْظَمُ مِن كل شيء، وأجَلُّ وأعلى، وله التعظيم، والإجلالُ في قلوبِ أوليائِهِ وأصفيائِهِ، قد مُلِئتْ قلوبُهُم من تعظيمِهِ وإجلالِهِ والخضوعِ له والتذلُّلِ لكبريائِهِ).</p><p class=""ql-align-justify""><br></p><p class=""ql-align-justify""><br></p><p class=""ql-align-justify""><br></p>",#171713,https://app.isokoon.com/upload/voices/5340219bb3011abcea2c89abb6b21c70.mp3,https://app.isokoon.com/upload/images/V9c66asJtIaqJMbceQiSHDTfRpLcfzcJFx9AcIlt.jpg,https://app.isokoon.com/upload/images/Pdhg6a6C1dZgFbhJdFnAsS4R19yxTNxPRNehG4z4.svg
39,301,الحفيظ,Al-Hafīzh,"<p class=""ql-direction-rtl ql-align-right""><span class=""ql-cursor"">﻿</span>  الذي حَفِظَ ما خَلَقَه، وأَحاطَ عِلمُهُ بما أَوجَدَه، وحَفِظ أولياءَه مِن وقوعِهِم في الذنوب والهَلَكات، وأحصى على العباد أعمالَهم وجزاءَها، واسم</p>","<p class=""ql-direction-rtl ql-align-right""><span class=""ql-font-vazirmatn""><span class=""ql-cursor"">﻿</span>  </span>∎ قال ابنُ تيمية: (حَفِيظٌ لا يَنْسى).</p><p>∎ قال ابنُ القيم في نونيته:</p><p>(وهو الحَفيظُ عليهِمُ، وهو الــ</p><p>ـكَفِيلُ بِحفظِهِم مِن كُلِّ أَمْرٍ عانِ).</p><p>∎ قال السعدي: (""الحَفيظ"" الذي حَفِظ ما خَلَقَه، وأَحَاطَ عِلْمُهُ بما أَوْجَدَه، وحَفِظ أولياءَه مِن وقوعِهِم في الذنوب والهَلَكات، ولَطَفَ بِهِم في الحركات والسَّكَنات، وأحصى على العباد أعمالَهم وجزاءَها).</p><p class=""ql-align-justify""><br></p><p class=""ql-align-justify""><br></p><p class=""ql-align-justify""><br></p>",#1C1A11,https://app.isokoon.com/upload/voices/d8db85a75604d26e1839630ee3bca3cc.mp3,https://app.isokoon.com/upload/images/askuWwzZHgUn6luzuP1IUcS0EdktHstiBGjNIWqx.jpg,https://app.isokoon.com/upload/images/SIikm95CIeZprmHq0GKxsscsv6k2MS8fx3ucu2NO.svg
40,302,المقيت,Al-Muqīt,"<p class=""ql-direction-rtl ql-align-right""><span class=""ql-cursor"">﻿</span>  الذي يُقَدِّرُ أقواتَ الخلائقِ بِعلمِهِ، ثم يَسُوقُها إليهِم بِقُدرتِهِ، ويقسمها بينهم، والذي خلق الأقواتَ والأرزاقَ وتكفَّلَ بإيصالها إلى الخلق، وهو حفيظٌ عليها وعلى أعمال العباد بلا نقصان.</p>","<p class=""ql-direction-rtl ql-align-right""><span class=""ql-font-vazirmatn""><span class=""ql-cursor"">﻿</span>  </span>∎ قال الزَّجَّاجي: (""المُقِيتُ"" المُقتَدِرُ على الشيء).</p><p>∎ قال أبو القاسم التيمي: (""المُقيت"" يُنزِلُ الأقواتَ للخَلْق، ويُقسم أرزاقَهم).</p><p>∎ قال السعدي: (""المُقيتُ"" الذي أَوصَلَ إلى كلِّ مَوجودٍ ما به يَقتات، وأَوصَلَ إليها أرزاقَها وصَرفَها كيف يَشاءُ بحكمتِهِ وحَمدِهِ).</p><p class=""ql-align-justify""><br></p><p class=""ql-align-justify""><br></p><p class=""ql-align-justify""><br></p>",#251822,https://app.isokoon.com/upload/voices/a355284626aa9950c83485c36eb29d76.mp3,https://app.isokoon.com/upload/images/PqSypQcP3ntXP5FYfMiaDLqQFUPWBtlwD8pgckfM.jpg,https://app.isokoon.com/upload/images/okmW7CUD6ByIrvYqzctmtAYozy1MVZrgCe4wxjkA.svg
41,345,الحسيب,Al-Hasīb,"<p class=""ql-direction-rtl ql-align-right""><span class=""ql-cursor"">﻿</span>  الكافي لعبادِهِ المؤمنين المتوكلين عليه، العليمُ بأفعالِ عبادِهِ المُحاسِب لَهُم عليها.</p>","<p class=""ql-direction-rtl ql-align-right""><span class=""ql-font-vazirmatn""><span class=""ql-cursor"">﻿</span>  </span>∎ قال الزَّجَّاجِي: (""الحَسِيب"" المُحاسِب على الشيء، .. فاللهُ عز وجل حَسِيبُ عبادِهِ، أي محاسِبُهم على أعمالِهم، ومجازيهم عليها).</p><p>∎ قال ابنُ القيم في نونيته:</p><p>(وهو الحَسِيبُ كفايةً وحمايةً</p><p>والحَسْبُ كافي العبد كلَّ أوانِ).</p><p class=""ql-align-justify""><strong> </strong></p><p>∎ قال السعدي: (""الحَسِيب"" هو العَلِيمُ بعبادِهِ، كافي المتوكلين، المجازي لعبادِهِ بالخير والشر بِحَسَبِ حِكمتِهِ وعلمِهِ بِدقيق أعمالِهم وجليلِها).</p><p class=""ql-align-justify""><br></p><p class=""ql-align-justify""><br></p>",#262315,https://app.isokoon.com/upload/voices/b266db7e47ff8507dd11a4cf819ef38a.mp3,https://app.isokoon.com/upload/images/EFCe2Z81IktjkV3u2GhnJPppIewh3ZQ0iKjRTbpU.jpg,https://app.isokoon.com/upload/images/NtbxpL6SVVppmfwWvjTshTv107h13MNghBamBdaD.svg
43,303,الكريم,Al-Karīm,"<p class=""ql-direction-rtl ql-align-right""><span class=""ql-cursor"">﻿</span>  كَثيرُ الخيرِ عَظيمُ النفع، وهو اسمٌ دالٌ على كثرة خيره وعظيم نفعه وعطائه، وهو كريم يحب الكرم.</p>","<p class=""ql-direction-rtl ql-align-right""><span class=""ql-font-vazirmatn""><span class=""ql-cursor"">﻿</span>  </span>∎ قال ابنُ تيمية: (فالاسمُ الكَريم يَتَناوَلُ معانيَ الجُود، فإنّ فيه مَعنى الشّرفِ والسُّؤْدَد، ومعنى الحلم، وفيه معنى الإحسان).</p><p>∎ قال ابنُ القيم: (إنّ الكريمَ هو البهي، الكثير الخير، العظيم النفع، وهو مِن كلِّ شيءٍ أحسنُهُ وأفضلُهُ، والله وَصَفَ نفسَه بالكَرَم، ووَصَفَ به كلامَه، ووَصَفَ به عَرشَه).</p><p>∎ قال السعدي: (كثيرُ الخيرِ يَعُمُّ به الشاكرَ والكافرَ، إلا أنَّ شُكْرَ نِعمِهِ داعٍ للمزيدِ منها، وكُفرَها داعٍ لزوالِها).</p><p class=""ql-align-justify""><br></p><p class=""ql-align-justify""><br></p><p class=""ql-align-justify""><br></p>",#3A241A,https://app.isokoon.com/upload/voices/eb78a0f52df2d9412a96c81b846cd145.mp3,https://app.isokoon.com/upload/images/k5sK38mnprUWjiYA1JBTr2BHGEItIekdqVEZ1eWT.jpg,https://app.isokoon.com/upload/images/TQSzg48cdv0qULIoruYCl67Od2al8va3YLI8DVMn.svg
44,304,الرقيب,Ar-Raqīb,"<p class=""ql-direction-rtl ql-align-right""><span class=""ql-cursor"">﻿</span>المُطَّلِعُ على كلِّ شيءٍ، الشَّاهِدُ على السرائر والضَّمَائِر، الذي يَعلَم ويَرى ولا يَخفى عليه السِّرُّ والنَّجْوى، المطّلع على خلقه، والمحصي على العباد أعمالهم، فلا تفوته لفتة ناظر، ولا فلتةُ خاطر.</p>","<p class=""ql-direction-rtl ql-align-right""><span class=""ql-font-vazirmatn""><span class=""ql-cursor"">﻿</span>  </span>∎ قال ابنُ تيمية: (المُطَّلِعُ عليهم المُحصي أعمالهم المجازي عليها).</p><p>∎ قال ابنُ القيم في نونيته:</p><p>(وهو الرَّقِيبُ على الخَواطِر واللوا</p><p>حِظِ، كيفَ بالأفعالِ بالأركانِ).</p><p>∎ قال السعدي: (""الرّقيبُ"" و ""الشهيدُ"" مِن أسمائِهِ الحسنى وهما مُترادِفان، وكلاهما يَدُلُّ على إحاطةِ سَمْعِ الله بالمَسموعاتِ وبصرِهِ بالمُبْصَرات، وعلمِهِ بجميع المَعلومات الجَليّةِ والخَفيّة، وهو الرقيب على ما دار في الخواطر، وما تحركت به اللواحظ، ومِن باب أولى الأفعال الظاهرةِ بالأركان).</p><p class=""ql-align-justify""><br></p><p class=""ql-align-justify""><br></p><p class=""ql-align-justify""><br></p>",#0D0D0D,https://app.isokoon.com/upload/voices/fc6a2472a0ac20e9dfc6d98710b797c2.mp3,https://app.isokoon.com/upload/images/enZtMFUILrLrCOP7sMiFrUbwLdz67zPAytZZ5ov2.jpg,https://app.isokoon.com/upload/images/9B3sWn2UZvCqooTrOBKfRAJmRWPcl48oKUDkYzcu.svg
45,305,المجيب,Al-Mujīb,"<p class=""ql-direction-rtl ql-align-right""><span class=""ql-cursor"">﻿</span>  الذي يُقابِلُ مَسألةَ السائلينَ ودعاءَ الداعين بالإجابة والقبول.</p>","<p class=""ql-direction-rtl ql-align-right""><span class=""ql-font-vazirmatn""><span class=""ql-cursor"">﻿</span>  </span>∎ قال ابنُ تيمية: (وَمَعْلُومٌ أَنَّهُ لَا يُقَالُ إنَّهُ مُجِيبٌ لِكُلِّ مَوْجُودٍ، وَإِنَّمَا الْإِجَابَةُ لِمَنْ سَأَلَهُ وَدَعَاهُ).</p><p>∎ قال ابنُ القيم في نونيته:</p><p>(وهو المُجيبُ يقولُ مَن يدعو أجبـ</p><p>ـه أنا المُجيبُ لكلِّ مَن ناداني</p><p>وهو المُجيبُ لدعوةِ المُضطر إذ</p><p>يدعوه في سِرٍّ وفي إعلانِ).</p><p>∎ قال السعدي: (المُجيبُ لدعوةِ مَن دَعاه في أمرِ دينِهِ ودنياه).</p><p class=""ql-align-justify""><br></p><p class=""ql-align-justify""><br></p><p class=""ql-align-justify""><br></p>",#221d1b,https://app.isokoon.com/upload/voices/cd9a4e14b55822b3324fb4502812f151.mp3,https://app.isokoon.com/upload/images/ZygCjtT0j0ZAf1fms9mMsRqDAtkMhNl1cuykt9Ph.jpg,https://app.isokoon.com/upload/images/Wt0ig03pXa4dUr7fv2BetdgcdqAL8UnF17XCknZe.svg
46,306,الواسع,Al-Wāsi‘,"<p class=""ql-direction-rtl ql-align-right""><span class=""ql-cursor"">﻿</span>  الذي لَه مِن كُلِّ وَصْفٍ المَعنى الأتَمُّ والقَدْرُ الأكمل، وهو اسم دالٌ على سعة عظمته وعلمه ورحمته وسائر صفات كماله.</p>","<p class=""ql-direction-rtl ql-align-right""><span class=""ql-font-vazirmatn""><span class=""ql-cursor"">﻿</span>  </span>∎ قال ابنُ تيمية: (فالرَّبُّ تعالى واسِعٌ عليم، وَسِعَ سمعُهُ الأصوات كلها، وعطاؤه الحاجات كلها).</p><p>∎ قال ابنُ القيم: (ثُمَّ خَتَمَ باسمين دَالَّين على السَّعَةِ والإحاطة فقال: ﴿إِنَّ ٱللَّهَ وَ ٰسِعٌ عَلِيمٌ﴾؛ فَذَكر اسمَ الواسع عقيب قوله: ﴿فأينما تولوا فثَمَّ وجه الله﴾، كالتفسيرِ والبيانِ والتقريرِ له، فَتَأمَّلْه).</p><p>∎ قال السعدي: (""الواسِع"" الصفات والنعوت ومتعلقاتها بحيث لا يُحصي أحدٌ ثناءً عليه، بل هو كما أثنى على نفسه، واسع العظمة والسلطان والملك، واسع الفضل والإحسان، عظيم الجود والكرم).</p><p class=""ql-align-justify""><br></p><p class=""ql-align-justify""><br></p><p class=""ql-align-justify""><br></p>",#161518,https://app.isokoon.com/upload/voices/532ef7cdba8d0572063ffe8c0d2c647d.mp3,https://app.isokoon.com/upload/images/dEuSu7esNocebD9s4vTp7pSLy4s2zXcxPImTiUH8.jpg,https://app.isokoon.com/upload/images/EXgXh5EGrSrdh1M9gzUxDy1MAZVNfMC94NM8fNDj.svg
47,307,الحكيم,Al-Hakīm,"<p class=""ql-direction-rtl ql-align-right""><span class=""ql-cursor"">﻿</span>  الموصوفُ بِكَمالِ الحِكمَةِ في أوامرِهِ وتشريعاتِهِ وبكمالِ الحُكمِ بين مَخلوقاتِهِ، وهو الذي يضع الأشياء في مواضعها، ولا يدخل تدبيره خللٌ ولا زللٌ، وله الحكمة العليا في خلقه وأمره، ولا أحسن من حكمه سبحانه.</p>","<p class=""ql-direction-rtl ql-align-right""><span class=""ql-font-vazirmatn""><span class=""ql-cursor"">﻿</span>  </span>∎ قال ابنُ تيمية: (""الحَكِيْمِ"" يَتَضَمَّنُ حُكْمَهُ وعِلْمَهُ وحِكْمِتَهُ فيما يَقُولُهُ ويَفعلُهُ).</p><p>∎ قال ابنُ القيم: (""الحكيم"" يَتَضمنُ حِكمتَهُ في خَلْقِهِ، وأَمْرَهُ في إرادتِهِ الدِّيْنِيّةِ والكَوْنِيةِ، وهو حَكِيمٌ في كلِّ ما خَلَقَهُ وأَمَرَ بِهِ).</p><p>∎ قال السعديُّ: (الحَكِيمُ هو الذي لَه الحِكْمةُ العُليا في خَلْقِهِ وأَمْرِهِ الذي أَحسَنَ كلَّ شيءٍ خَلَقَه).</p><p class=""ql-align-justify""><br></p><p class=""ql-align-justify""><br></p><p class=""ql-align-justify""><br></p>",#2D2D0D,https://app.isokoon.com/upload/voices/3375c71b8f98b753c4f8d9c31a3d55dd.mp3,https://app.isokoon.com/upload/images/siGvwEkCZjgcaVeEXcKS6l4RIwiPAupG5R2pTRao.jpg,https://app.isokoon.com/upload/images/xJKi4Mphpt8DShbRZUt81FDqwburqUUHBGoABYrA.svg
48,308,الودود,Al-Wadūd,"<p class=""ql-direction-rtl ql-align-right""><span class=""ql-cursor"">﻿</span>  أي المُحِبُّ المَحبُوب، فهو الذي يُحِبُّ أنبياءَه ورسلَه وأتباعَهم ويحبونه، وهو الحبيبُ الذي يحِبُّ أولياءَه ويتودد إليهم بالمغفرة والعطاء.</p>","<p class=""ql-direction-rtl ql-align-right""><span class=""ql-font-vazirmatn""><span class=""ql-cursor"">﻿</span>  </span>∎ قال ابنُ تيمية: (أي المُحِبّ لهم، .. وقيل معناه: المَوْدُوْد).</p><p>∎ قال ابنُ القيم: (""الوَدُود"" المُتَوَدِّد إلى عبادِهِ بِنعمِهِ، الذي يود من تابَ إليه وأقبل عليه، وهو الوَدُوْدُ أيضًا أي المَحْبُوب).</p><p>∎ قال السعدي: (""الوَدُودُ"" هو المُحِبُّ المَحبُوب، بمعنى وَادٍّ ومَودُود، فهو الذي يُحِبُّ أنبياءَه ورسلَه وأتباعَهم ويحبونه، فهو أَحَبُّ إليهِم مِن كُلِّ شيء، قد امتَلَأتْ قلوبُهُم مِن مَحَبَّتِهِ، وَلَهَجَتْ أَلسِنَتُهُم بالثناءِ عليهِ، وانجَذَبَت أَفئِدَتُهُم إليهِ ودًّا وإخلاصًا وإنابة مِن جميعِ الوُجُوه).</p><p class=""ql-align-justify""><br></p><p class=""ql-align-justify""><br></p><p class=""ql-align-justify""><br></p>",#251617,https://app.isokoon.com/upload/voices/c0f4dc954d8965236eb99caa5dc1d8ed.mp3,https://app.isokoon.com/upload/images/VRGGJqjQEKd6d9l7W4dC7M2qDf1XT250jSOPpjIn.jpg,https://app.isokoon.com/upload/images/V8P1OSUyaQQNwcZydPrr5uYjEtTRTeIbcbmqFk2E.svg
49,309,المجيد,Al-Majīd,"<p class=""ql-direction-rtl ql-align-right""><span class=""ql-cursor"">﻿</span>  المُتَّصِفُ بالصِّفاتِ المُتعدِّدةِ العظيمةِ الواسعة مِن صفاتِ الكَمال، الواسع فيما له من الأسماء الحسنى والصفات العليا، فهو واسع في عظمته وكرمه وجميع أوصافه.</p>","<p class=""ql-direction-rtl ql-align-right""><span class=""ql-font-vazirmatn""><span class=""ql-cursor"">﻿</span>  </span>∎ قال ابنُ تيمية: (والمَجْدُ يَقتضي تعظيمَها [أي المَحامِد] وتوسيعَها والزيادةَ في قَدْرِها وصِفتِها).</p><p>∎ قال ابنُ القيم: (إنّ ""المَجيد"" من اتصفَ بصفاتٍ متعددةٍ من صفاتِ الكمال).</p><p>∎ قال السعدي: (""المَجيدُ"" الذي له المجد العظيم، والمجد هو عظمة الصفات وسعتها، فكل وصفٍ من أوصافِهِ عظيمٌ شأنُه، فهو العليمُ الكامل في علمه، الرحيمُ الذي وسعت رحمتُهُ كلَّ شيء، القديرُ الذي لا يعجزه شيء، الحليمُ الكامل في حلمِهِ، الحكيمُ الكاملُ في حكمتِهِ، إلى بقية أسمائِهِ وصفاتِهِ).</p><p class=""ql-align-justify""><br></p><p class=""ql-align-justify""><br></p><p class=""ql-align-justify""><br></p>",#141d21,https://app.isokoon.com/upload/voices/43811b5bce675b9441b9eae4c940049d.mp3,https://app.isokoon.com/upload/images/0fNF0poEDgnsEr74U687Sa81WlnpMXksp8TJJfuV.jpg,https://app.isokoon.com/upload/images/CIzDgSAWEMco0ouFZab8NqvfknGEux8DNKjLAwL9.svg
51,310,الشهيد,Ash-Shahīd,"<p class=""ql-direction-rtl ql-align-right""><span class=""ql-cursor"">﻿</span>  الذي لا يَغيبُ عنه شيءٌ، بل هو مُطَّلِعٌ على كل شيء، مُشاهِدٌ له، عليمٌ بتفاصيلِهِ، والمطَّلع على جميع خلقه، فيسمع جميع الأصوات ويبصر جميع الموجودات.</p>","<p class=""ql-direction-rtl ql-align-right""><span class=""ql-font-vazirmatn""><span class=""ql-cursor"">﻿</span>  </span>∎ قال ابنُ تيمية: (فإنّه شهيدٌ عليم، ليس عن المخلوقات بِغائب).</p><p>∎ قال ابنُ القيم: (الذي لا يغيبُ عنه شيء، ولا يعزبُ عنه مثقالُ ذرة في الأرض ولا في السماء، بل هو مُطَّلعٌ على كل شيء، مشاهِدٌ له، عليمٌ بتفاصيلِهِ).</p><p>∎ قال السعدي: (""الرَّقيبُ"" و ""الشهيدُ"" من أسمائِهِ الحسنى، وهما مترادفان، وكلاهما يدلُّ على إحاطةِ سَمْعِ الله بالمسموعات وبصرِهِ بالمُبْصَرَات، وعلمِهِ بجميعِ المعلومات الجَلِيّة والخفيّة).</p><p class=""ql-align-justify""><br></p><p class=""ql-align-justify""><br></p><p class=""ql-align-justify""><br></p>",#272E36,https://app.isokoon.com/upload/voices/dd03e3348d9518c18a9696c466e6aa00.mp3,https://app.isokoon.com/upload/images/ZfLABNANETy0BKkwUryFFO5UbmY1rp1HuCicPqL6.jpg,https://app.isokoon.com/upload/images/tq8jSjvjdylhFXcaXKeS0VfQ2FFEGKnZxfkkrzng.svg
52,311,الحق,Al-Haqq,"<p class=""ql-direction-rtl ql-align-right""><span class=""ql-cursor"">﻿</span>  المتحقق كونه ووجوده، وأن أسماءه وصفاته وأفعاله وأحكامه وجزاءه كلها كمالٌ وحقٌّ، فليس فيها شيءٌ باطل، المتحقق كونه ووجوده فهو واجب الوجود وكامل الصفات، فلا يعبد بحقٍّ إلا هو، وكل معبود من دونه باطل، ولذا فقوله حق، وفعله حق ووعده حق.</p>","<p class=""ql-direction-rtl ql-align-right""><span class=""ql-font-vazirmatn""><span class=""ql-cursor"">﻿</span>  </span>∎ قال ابنُ تيمية: (واللهُ هو الحقُّ المُبين، و ""الحقُّ"" له معنيان، أحدُهما: المَوجودُ الثابِت، والثاني: المَقصودُ النافع).</p><p>∎ قال ابنُ القيم: (فاللهُ هو ""الحق""، والحقيقةُ ما نُسِب إليه، وتَعلَّق به)، (فهو الحق، وقوله الحق، ووعده الحق، ولقاؤه حق، ورسوله حق، وعبوديته وحده حق).</p><p>∎ قال السعدي: (""الحَقّ"" في ذاتِه وصفاتِه، فهو وَاجِبُ الوُجود، كاملُ الصفات والنُّعوت، وُجُودُهُ مِن لوازمِ ذاتِهِ، ولا وُجودَ لشيءٍ من الأشياءِ إلا به، فهو الذي لم يَزل ولا يَزال بالجلال والجمال والكمال موصوفًا، ولم يزل ولا يزال بالإحسان معروفًا، فقوله حق، وفعله حق، ولقاؤه حق، ورسوله حق، وكتبه حق، ودينه هو الحق، وعبادته وحده لا شريك له هي الحق، وكل شيء إليه فهو حق).</p><p class=""ql-align-justify""><br></p><p class=""ql-align-justify""><br></p><p class=""ql-align-justify""><br></p>",#141414,https://app.isokoon.com/upload/voices/33d776034ec3ae1fdba9823d778cc0f1.mp3,https://app.isokoon.com/upload/images/gUDEOZHvI6ZCx1v99hCF2BLMXFJqxNtVvdyu3r1y.jpg,https://app.isokoon.com/upload/images/ubIUGtIHa2c3dX7k2zhHmY6ik74uaemEqp7zjYhR.svg
53,348,الوكيل,Al-Wakīl,"<p class=""ql-direction-rtl ql-align-right""><span class=""ql-cursor"">﻿</span>  الكَفِيْلُ بأرزاقِ خلقِهِ، والقائمُ عليهم بمصالِحِهم، والذي تَوَلَّى أولياءَه فَيَسَّرَهُم لليُسرى وجَنَّبَهُم العُسرى وكَفَاهم الأمور.</p>","<p class=""ql-direction-rtl ql-align-right""><span class=""ql-font-vazirmatn""><span class=""ql-cursor"">﻿</span>  </span>∎ قال الخَطّابي: (الكَفِيْلُ بأرزاقِ العِباد، والقائمُ عليهم بمصالِحِهم، وحقيقتُهُ أنه الذي يَستَقِلُّ بالأمرِ المَوكول إليه).</p><p>∎ قال أبو القاسم التيمي: (هو الذي تَوَكَّلَ بالقيامِ بِجميعِ ما خَلَقَ).</p><p>∎ قال السعدي: (""الوَكِيْل"" المُتَوَلِّي لِتَدبِيرِ خلقِهِ بعلمِهِ وكمالِ قدرتِهِ وشمولِ حكمتِهِ، والذي تَوَلَّى أولياءَه فَيَسَّرَهُم لليُسرى وجَنَّبَهُم العُسرى وكَفَاهم الأمور).</p><p class=""ql-align-right""><br></p><p class=""ql-align-right""><br></p><p class=""ql-align-right""><br></p>",#182436,https://app.isokoon.com/upload/voices/19a25b9911b7b7cb69ffd9d6e532a14f.mp3,https://app.isokoon.com/upload/images/GSvaWUw1yn005Y4YdPEFTQ6o9YDkpW7aE4FJUp9z.jpg,https://app.isokoon.com/upload/images/AwPFig8ruBJUqXlicUHkzl77iTGBGZetKXR58qzL.svg
54,312,القوي,Al-Qawiyy,"<p class=""ql-direction-rtl ql-align-right""><span class=""ql-cursor"">﻿</span>  التَّامُّ القُوَّةِ، الذي له القوّة والقدرة المطلقة، الذي لا يَغْلِبُهُ غالِبٌ، ولا يَرُدُّ قضاءَه رَادٌّ، ولا يعجزه شيء في الأرض ولا في السماء.</p>","<p class=""ql-direction-rtl ql-align-right""><span class=""ql-font-vazirmatn""><span class=""ql-cursor"">﻿</span>  </span>∎ قال الخَطّابي: (التَّامُّ القُوّةِ الذي لا يَستَوْلِي عليه العَجْزُ في حالٍ من الأحوال).</p><p>∎ قال ابنُ القيم: (فَعُلِم أنَّ ""القويَّ"" مِن أسمائِهِ، ومعناه: المَوصُوفُ بالقوة).</p><p>∎ قال السعدي: (ومِن أسمائِهِ ""القويُّ العزيز المتين القدير""، ومعانيها مُتقارِبةٌ تَقتَضي كمالَ قوَّتِهِ وكبريائِه، فلا يَملكُ الخلقُ نفعَه فينفعونه ولا ضُرَّه فيَضرونه، وكمال اقتداره على جميع الموجودات والمعدومات).</p><p class=""ql-align-justify""><br></p><p class=""ql-align-justify""><br></p><p class=""ql-align-justify""><br></p>",#191724,https://app.isokoon.com/upload/voices/b08838e50259ee5f1878885b724bec04.mp3,https://app.isokoon.com/upload/images/UEmIoC4qxIO36x18BuCdwy5MDE4WIr8Dn3N5EKeX.jpg,https://app.isokoon.com/upload/images/NEOvfQ4KRjkoiKa2pyHqovT2nhpr6Fcalkqkgzwm.svg
55,313,المتين,Al-Matīn,"<p class=""ql-direction-rtl ql-align-right"">  الشَّديدُ المُتَنَاهي في القُوَّةِ والقُدْرة، فلا يَلحقُهُ ضَغْفٌ ولا مَشَقَّة ولا كلفة ولا تعب.</p>","<p class=""ql-direction-rtl ql-align-right""><span class=""ql-font-vazirmatn""><span class=""ql-cursor"">﻿</span>  </span>∎ قال الخَطَّابي: (الشَّدِيدُ القويُّ الذي لا تَنقَطِعُ قوتُه، ولا تلحقُهُ في أفعالِهِ مَشَقةٌ ولا يَمَسُّه لُغُوب).</p><p>∎ قال ابنُ تيمية: (فَسَمّى نفسَه ""المَتين""، و ""المَتينُ"" في دَلالتِهِ على الغلظ أقوى من ""الصمد"").</p><p>∎ قال السعدي: (عِزَّةُ القُوَّة الدالّ عليها مِن أسمائِهِ ""القَوي المَتين""، وهي وصفُهُ العظيمُ الذي لا تُنسبُ إليه قُوةُ المخلوقاتِ وإنْ عَظُمَت).</p><p class=""ql-align-justify""><br></p><p class=""ql-align-justify""><br></p><p class=""ql-align-justify""><br></p>",#070707,https://app.isokoon.com/upload/voices/def74478a09ccb39f324a7368246b05e.mp3,https://app.isokoon.com/upload/images/iRNlyNURiv7wOYaSZ91O23Rasje5pagH6AH7rFts.jpg,https://app.isokoon.com/upload/images/PACDeBO9mMqcVlfw7U0tR63AiRKJb8AMtKyLQ4hO.svg
56,349,الولي,Al-Walyy,"<p class=""ql-direction-rtl ql-align-right""><span class=""ql-cursor"">﻿</span>  النَّاصِرُ لِعِبادِهِ المُؤمِنِين، والقائِمُ على أمورِ خلقِهِ أجمعين</p>","<p class=""ql-direction-rtl ql-align-right""><span class=""ql-font-vazirmatn""><span class=""ql-cursor"">﻿</span>  </span>∎ قال ابنُ جرير: (نَصيرُهُم وظَهيرُهُم، يَتَوَلّاهُم بِعونِهِ وتَوفِيقِهِ).</p><p>∎ قال الزَّجَّاجُ: (""الوَلِيُّ"" هو فَعِيل مِن المُوالاةِ والولي النّاصر، .. وهو تعالى وَلِيُّهم بأن يَتَوَلَّى نصرَهم وإرشادَهم، .. وهو يَتَوَلى يومَ الحسابِ ثوابَهم وجزاءَهم).</p><p>∎ قال الخَطّابي: (المُتَوَلِّي للأمرِ والقائِمِ به).</p><p class=""ql-align-justify""><br></p><p class=""ql-align-justify""><br></p><p class=""ql-align-justify""><br></p>",#131e17,https://app.isokoon.com/upload/voices/afbbd18ed80cfc7cbd311b13b886b89d.mp3,https://app.isokoon.com/upload/images/XLgPKAKwlnzsEhEJK8J8LoPhgJaYcWMu485SYLgn.jpg,https://app.isokoon.com/upload/images/ozPCV6u7mxTbv2kqiFLyKiKglQNfOR18JZAgvwCk.svg
57,350,الحميد,Al-Hamīd,"<p class=""ql-direction-rtl ql-align-right""><span class=""ql-cursor"">﻿</span>  اسم دَلَّ على جميعِ المَحامِدِ والكمالاتِ لله تعالى، المُستَحِقُّ للحمدِ لِكمالِهِ في ذاتِهِ وأسمائِهِ وصفاتِهِ وأفعالِهِ</p>","<p class=""ql-direction-rtl ql-align-right""><span class=""ql-font-vazirmatn""><span class=""ql-cursor"">﻿</span>  </span>∎ قال ابنُ تيمية: (الذي يَحمَد نفسَه ويُثني على نفسِهِ، ويُحِبُّ الحمدَ من خلقِهِ).</p><p>∎ قال ابنُ القيم: (هو الذي له مِن الصفاتِ وأسبابِ الحمدِ ما يقتضي أن يكونَ محمودًا، وإنْ لم يَحمدْهُ غيرُه، فهو حَميدٌ في نفسِهِ).</p><p>∎ قال السعدي: (الحَميدُ في ذاتِهِ، وأسمائِه، وصفاتِه وأفعالِهِ، فلَهُ مِن الأسماءِ أحسنُها، ومن الصفاتِ أكملُها، ومن الأفعال أتمُّها وأحسنُها؛ فإنَّ أفعالَه تعالى دائرةٌ بين الفضلِ والعدل).</p><p><br></p><p><br></p>",#2c241e,https://app.isokoon.com/upload/voices/55a65d1e7328ef597d357fa30e1ce274.mp3,https://app.isokoon.com/upload/images/p0qKH71XTYM04SuVzdJwBkTu3YDK5y1d63lvaZ30.jpg,https://app.isokoon.com/upload/images/LV9e0zWsLjPeN6k0AUR3WNzRdjCRh9LEp9qi15VB.svg
63,314,الحي,Al-Hayy,"<p class=""ql-direction-rtl ql-align-right""><span class=""ql-cursor"">﻿</span>  الذي له جميعُ معاني الحياةِ الكامِلةِ التي لا يسبِقُها عدم ولا يَلحقُها فناء، والذي له الحياة الدائمة، والبقاء الذي لا أول له ولا آخر، وكل حياة في الوجود فإنما هي منه سبحانه وتعالى.</p>","<p class=""ql-direction-rtl ql-align-right""><span class=""ql-font-vazirmatn""><span class=""ql-cursor"">﻿</span>  </span>∎ قال ابنُ تيمية: (واسمُهُ ""الحَيُّ القَيُّومُ"" يَجمعُ أصلَ معاني الأسماءِ والصفات).</p><p>∎ قال ابنُ القيم: (إذا اعتبرتَ اسمَه ""الحي"" وَجدتَه مُقتضيًا لصفاتِ كمالِه مِن عِلمِهِ وسمعِهِ وبصرِهِ وقدرتِهِ وإرادتِهِ ورحمتِهِ وفعلِه ما يشاء).</p><p>∎ قال السعدي: (""الحَيُّ"" هو كاملُ الحياة، وذلك يَتَضَمَّنُ جميعَ الصفاتِ الذاتِيَّةِ للهِ كالعِلمِ والعِزَّةِ والقُدرة والإرادة والعظمة والكبرياء، وغيرِها من صفاتِ الذاتِ المُقدَّسة).</p><p class=""ql-align-justify""><br></p><p class=""ql-align-justify""><br></p><p class=""ql-align-justify""><br></p>",#1f2619,https://app.isokoon.com/upload/voices/c71a3e4dbfd5120d70da9bc8563833c1.mp3,https://app.isokoon.com/upload/images/VhmHht2OPAJLezydGKQQIR7XN0cXZqaxtNWEP5as.jpg,https://app.isokoon.com/upload/images/vfeiNBOIdLWTGVT7oIXD3AeS1EdzULpT9MZfFDFK.svg
64,315,القيوم,Al-Qayyūm,"<p class=""ql-direction-rtl ql-align-right""><span class=""ql-cursor"">﻿</span>  الذي قَامَ بنفسِهِ فلَمْ يَحْتَجْ إلى أحدٍ، وقام كلُّ شيء به فلا غِنى لأحدٍ عنه.</p>","<p class=""ql-direction-rtl ql-align-right""><span class=""ql-font-vazirmatn""><span class=""ql-cursor"">﻿</span>  </span>∎ قال ابنُ تيمية: (القائِمُ المُقيمُ لِمَا سِواه).</p><p>∎ قال ابنُ القيم: (هو الذي قامَ بنفسِهِ، فلم يَحتجْ إلى أحدٍ، وقامَ كلُّ شيءٍ به، فكلُّ ما سِواه مُحتاجٌ إليه بالذات).</p><p>∎ قال السعدي: (القائِمُ بنفسِهِ، القَيُّومُ لأهلِ السماواتِ والأرضِ، القائمُ بتدبيرِهِم وأرزاقِهِم وجميعِ أحوالِهم).</p><p class=""ql-align-justify""><br></p><p class=""ql-align-justify""><br></p><p class=""ql-align-justify""><br></p>",#1a1f27,https://app.isokoon.com/upload/voices/2f69be1e3d7552ccfdc94afed363eaf7.mp3,https://app.isokoon.com/upload/images/KUEVV50fd9Jv4YPXequT9NLB03hKH4k73j8BaJOQ.jpg,https://app.isokoon.com/upload/images/eGToK5hUSQhB689fErO1qulHzgHVMFA6yHIh77xx.svg
67,358,الواحد,Al-Wāhid,"<p class=""ql-direction-rtl ql-align-right""><span class=""ql-cursor"">﻿</span>  المُتَفَرِّدُ بجميع الكمالات في ذاتِهِ وصِفاتِهِ وأفعالِهِ، فلا شريكَ له في شيءٍ مِن ذلك.</p>","<p class=""ql-direction-rtl ql-align-right""><span class=""ql-font-vazirmatn""><span class=""ql-cursor"">﻿</span>  </span>∎ قال ابنُ تيمية: (المَنقولُ بالتَّوَاتُرِ عن العربِ تَسميةُ الموصوفِ بالصفات: وَاحِدًا وأَحَدًا).</p><p>∎ قال ابنُ القيم: (""الواحِد الأحد"" .. الذي لا شريك له في ذاتِهِ ولا صفاتِهِ ولا في أفعالِهِ).</p><p>∎ قال السعدي: (""الواحِدُ الأحدُ"" هو الذي تَوَحَّدَ بجميعِ الكمالات، وتَفَرَّدَ بِكُلِّ كَمالٍ ومجدٍ وجلالٍ وجمالٍ وحمدٍ وحكمةٍ ورحمةٍ، وغيرِها مِن صفاتِ الكمالِ، فليس له فيها مَثِيْلٌ ولا نَظِيْرٌ ولا مُناسِبٌ بوجهٍ مِن الوجوه).</p><p class=""ql-align-justify""><br></p><p class=""ql-align-justify""><br></p><p class=""ql-align-justify""><br></p>",#2F201F,https://app.isokoon.com/upload/voices/ef7a2eab1cc1aa10643cf89a035d7551.mp3,https://app.isokoon.com/upload/images/QIPXtDv524PLzCo5k4J66oOOfTAfzsIZXSVkGudU.jpg,https://app.isokoon.com/upload/images/PN7vjrBTkLD34PBeJt7opL7gQOxBie5wXS6GnpvG.svg
68,316,الصمد,As-Samad,"<p class=""ql-direction-rtl ql-align-right""><span class=""ql-cursor"">﻿</span>  الرّبُّ الكامِلُ والسيد العظيم، المَقصودُ في كلِّ حاجَةٍ بالرّغْبةِ والرّهْبَةِ، الذي كَمُلَ في سؤدده، والذي تصمد إليه الخلائق وتقصده في حوائجها كلّها؛ لعظيم افتقارهم إليه، فهو الذي يُطعم ولا يُطعَم.</p>","<p class=""ql-direction-rtl ql-align-right""><span class=""ql-font-vazirmatn""><span class=""ql-cursor"">﻿</span>  </span>∎ قال ابنُ تيمية: (فإنّ ""الصَّمَدَ"" يَتَضمَّنُ صُمُودَ كلِّ شيءٍ وفقرَه إليه).</p><p>∎ قال ابنُ القيم: (""الصَّمَد"" مَن تَصْمُدُ نحوَه القلوبُ بالرغْبةِ والرهبةِ، وذلك لكثرةِ خِصالِ الخيرِ فيه، وكثرةِ الأوصافِ الحميدةِ له).</p><p>∎ قال السعدي: (""الصَّمَد"" أي الرّبُّ الكامِلُ والسيد العظيم، الذي لم يبقَ صفةُ كمالٍ إلا اتصفَ بها، ووُصِفَ بغايتِها وكمالها، بحيث لا تُحيطُ الخلائقُ ببعضِ تلك الصفات بقلوبِهِم، ولا تُعبِّرُ عنها ألسنتُهُم، وهو المصمودُ إليه، المَقصودُ في جميعِ الحوائجِ والنوائِب).</p><p class=""ql-align-justify""><br></p><p class=""ql-align-justify""><br></p><p class=""ql-align-justify""><br></p>",#201e15,https://app.isokoon.com/upload/voices/373328e5f79f2184b9e47b09f531ef28.mp3,https://app.isokoon.com/upload/images/JswsnxEAtIWiYJd1TCKNg46VlUguAEv3zTalTL8D.jpg,https://app.isokoon.com/upload/images/LPpXxgZJtElRNbterQCl1Iir6cdJJr67P7YvKLaw.svg
69,317,القادر,Al-Qādir,"<p class=""ql-direction-rtl ql-align-right""><span class=""ql-cursor"">﻿</span>  الذي له القُدْرَةُ التَّامّةُ الشامِلةُ الكامِلةُ على كل شيء، والذي لا يُعجزُه شيء في الأرض ولا في السماء، ولا يَفوتُهُ مَطلوبٌ.</p>","<p class=""ql-direction-rtl ql-align-right""><span class=""ql-font-vazirmatn""><span class=""ql-cursor"">﻿</span>  </span>∎ قال ابنُ تيمية: اسمٌ مُشتَقٌّ (يَدُلُّ على القُدْرَة).</p><p>∎ قال ابنُ القيم: (الذي سَلِمَتْ قُدْرتُهُ مِن اللغُوبِ والتَّعَبِ والإِعياءِ والعَجْزِ عَمّا يَريد).</p><p>∎ قال السعدي: (عَظِيْمُ القُدْرَة).</p><p class=""ql-align-justify""><br></p><p class=""ql-align-justify""><br></p><p class=""ql-align-justify""><br></p>",#20191e,https://app.isokoon.com/upload/voices/0e307043615a13a4d6ac85d088aa7d9e.mp3,https://app.isokoon.com/upload/images/U6aOVFWIs9CfhV79Xabkg8GzZa7dB8ReXIqL5FTu.jpg,https://app.isokoon.com/upload/images/IGUKuGWccgSIV1a5xetV2kn4AyPF6i0S5Lsn4kae.svg
70,359,المقتدر,Al-Muqtadir,"<p class=""ql-direction-rtl ql-align-right"">  الذي له القُدْرةُ التَّامَّةُ التي لا يَمتنعُ عليها شيءٌ.</p>","<p class=""ql-direction-rtl ql-align-right""><span class=""ql-font-vazirmatn""><span class=""ql-cursor"">﻿</span>  </span>∎ قال الزَّجَّاجُ: (""المُقْتَدِر"" مُبالغةٌ في الوصفِ بِالقدرة، والأصلُ في العَربِيّة أنَّ زيادةَ اللفظِ زيادةٌ في المعنى؛ فلمّا قُلت: اقتدر، أفادت زيادة اللفظ زيادة المعنى).</p><p>∎ قال الحليمي: (المُظْهِرُ قدرتَه بفعل ما يَقْدِرُ عليه).</p><p>∎ قال الخطابي: (""المقتدر"" هو التّامُّ القُدرةِ الذي لا يَمتنعُ عليه شيءٌ، ولا يَحتجِزُ عنه بمَنَعَةٍ وقُوَّة).</p><p class=""ql-align-justify""><br></p><p class=""ql-align-justify""><br></p><p class=""ql-align-justify""><br></p>",#060606,https://app.isokoon.com/upload/voices/7979d2613284733ff4f4e2fed20f598f.mp3,https://app.isokoon.com/upload/images/KvRgacKJ6OYcwOPBeHjOFO1qOqeaL3XU8bHDw3Yo.jpg,https://app.isokoon.com/upload/images/hbCWOXkyBx8TRWwmiRpvHf2DnmKPiA8MI4UiLTGg.svg
71,360,المقدم,Al-Muqaddim,"<p class=""ql-direction-rtl ql-align-right""><span class=""ql-cursor"">﻿</span>  المُنْزِلُ للأشياءِ منازِلَها التي تَستَحقُّها، يُقَدِّمُ ما شاء منها ويؤخِّرُ ما شاء.</p>","<p class=""ql-direction-rtl ql-align-right""><span class=""ql-font-vazirmatn""><span class=""ql-cursor"">﻿</span>  </span>∎ قال ابنُ تيمية: (وهو المُقَدِّمُ والمُؤخِّر، فما قدَّمَه كان الكمالُ في تقديمِهِ، وما أخَّرَه كان الكمالُ في تأخيرِه).</p><p>∎ قال ابنُ القيم في نونيته:</p><p>(وهو المُقدِّمُ والمُؤخِّر ذانكَ الصِّـ</p><p>ـفتانِ للأفعالِ تابعتانِ</p><p>وهما صفاتُ الذاتِ أيضًا إذ هما</p><p>بالذاتِ لا بالغير قائمتانِ).</p><p>∎ قال السعدي: (فهو تعالى المُقدِّم في الزمان والمكان والأوصاف الحِسِّيَّة، والمُقَدِّم في الفضائلِ والأوصافِ المَعنويّة).</p><p class=""ql-align-justify""><br></p><p class=""ql-align-justify""><br></p><p class=""ql-align-justify""><br></p>",#2c2533,https://app.isokoon.com/upload/voices/e44cdb7551565c7824733ebaffd1d893.mp3,https://app.isokoon.com/upload/images/iEckSs2TZH4yF1lXoTiVYULm1VaNRW67wM1856in.jpg,https://app.isokoon.com/upload/images/DsdIhyzFEPhwdlSnpPAGKeouF2kzdFIep1zOHxGe.svg
72,361,المؤخر,Al-Mu’akhkhir,"<p class=""ql-direction-rtl ql-align-right""><span class=""ql-cursor"">﻿</span>  الذي يُؤخِّرُ الأشياءَ التي تستَحِقُّ التأخير فيضعها في موضِعِها.</p>","<p class=""ql-direction-rtl ql-align-right""><span class=""ql-font-vazirmatn""><span class=""ql-cursor"">﻿</span>  </span>∎ قال الحَلِيمي: (الذي يُؤخِّر ما يَجِبُ تأخيرُه).</p><p>∎ قال ابنُ تيمية: (وهو المقدم والمؤخر، فما قدَّمه كان الكمال في تقديمه، وما أخَّرَه كان الكَمالُ في تأخيرِه).</p><p class=""ql-align-justify""><br></p><p class=""ql-align-justify""><br></p><p class=""ql-align-justify""><br></p>",#1d1615,https://app.isokoon.com/upload/voices/315a61859dcdbe4445e93a9fad275cdb.mp3,https://app.isokoon.com/upload/images/jMCRElduOwmXjJRJ65qU3U0e2omqRLWwS0Gstzep.jpg,https://app.isokoon.com/upload/images/6EmsTkB6OiVrFUlrFr2Tm2Z9MqRzhU5JwRnAaTGx.svg
73,362,الأول,Al-Awwal,"<p class=""ql-direction-rtl ql-align-right""><span class=""ql-cursor"">﻿</span>  الذي ليسَ قَبلَهُ شيءٌ.</p>","<p class=""ql-direction-rtl ql-align-right""><span class=""ql-font-vazirmatn""><span class=""ql-cursor"">﻿</span>  </span>∎ قال ابنُ تيمية: (فـ ""الأَوَّلُ"" ليس قَبْلَه شيءٌ، إذ هو خَالِقُ كلِّ شيءٍ).</p><p>∎ قال ابنُ القيم: (""الأَوَّلُ"" الذي دَلَّتْ على وَحْدانِيّتِهِ وأَوَّلِيَّتِهِ البَراهِيْنُ القَطْعِيّةُ، والمُشاهَدَةُ الإيمانِية).</p><p>∎ قال السعديُّ: (فَسَّرَه النبيُّ ﷺ تَفْسِيرًا كامِلًا واضِحًا فقال: «أنتَ الأوَّلُ فليسَ قَبْلَكَ شيءٌ»).</p><p class=""ql-align-justify""><br></p><p class=""ql-align-justify""><br></p><p class=""ql-align-justify""><br></p>",#231c17,https://app.isokoon.com/upload/voices/42451d2973d563b937a2f72ecb85a642.mp3,https://app.isokoon.com/upload/images/Pq4siKifHRBA3QqeqnG4mzQJ4EA0zgcJCPShvlYr.jpg,https://app.isokoon.com/upload/images/ktqsyEhbwAXgo1enue6aG9pzF0tgeblUXtOh3Um0.svg
74,363,الآخر,Al-Ākhir,"<p class=""ql-direction-rtl ql-align-right""><span class=""ql-cursor"">﻿</span>  الذي ليس بَعْدَهُ شَيءٌ.</p>","<p class=""ql-direction-rtl ql-align-right""><span class=""ql-font-vazirmatn""><span class=""ql-cursor"">﻿</span>  </span>∎ قال ابنُ تيمية: (""الآخِرُ"" الذي ليس بعده شيء).</p><p>∎ قال ابنُ القيم: (""الآخِرُ"" الذي انتهتْ إليهِ عُبُودِيةُ المخلوقاتِ وإرادتُها ومحبتُها، فليس وراء اللهِ شيءٌ يُقْصَدُ ويُعْبَدُ ويُتَأَلَّهُ).</p><p>∎ قال السعديُّ: (فَسَّرَهُ النبيُّ ﷺ تَفسِيرًا كاملًا واضحًا فقال: «وأنتَ الآخِرُ فليس بَعدَكَ شيءٌ»).</p><p><br></p><p><br></p>",#2b211c,https://app.isokoon.com/upload/voices/3b25f1c4e4c48b6e21638279f839a2ca.mp3,https://app.isokoon.com/upload/images/4NRQdn57QCExEINlYkTdVvCqtNGK3rHdLvkWfOiO.jpg,https://app.isokoon.com/upload/images/STjGMzNn6nYGgrRULYQdHgvdh6jYdgtX6t1nEZKe.svg
75,364,الظاهر,Azh-Zhāhir,"<p class=""ql-direction-rtl ql-align-right""><span class=""ql-cursor"">﻿</span>  الذي ليسَ فوقَه شيءٌ.</p>","<p class=""ql-direction-rtl ql-align-right""><span class=""ql-font-vazirmatn""><span class=""ql-cursor"">﻿</span>  </span>∎ قال ابنُ تيمية: (وإذا كان ظَاهِرًا ليس فوقَه شيءٌ كان هناك ما الرَّبُّ ظاهرًا عليه).</p><p>∎ قال ابنُ القيم: (فَسَّرَه النبيُّ ﷺ بقوله: «وأنت الظاهر فليس فوقك شيء»).</p><p>∎ قال السعدي: (فَسَّرَها النبيُّ ﷺ تَفسيرًا كاملًا واضحًا فقال: «وأنت الظاهر فليس فوقك شيء»).</p><p><br></p><p><br></p><p><br></p>",#392E26,https://app.isokoon.com/upload/voices/c72fdf3ab6713422c3f43c0dded742fa.mp3,https://app.isokoon.com/upload/images/RyitURrTt9zEFHukIX0czIqxf6eCXkdqUEH72hSi.jpg,https://app.isokoon.com/upload/images/FnTyA4R4k3YldX0L2MX5bkCNhb6Hfi5b8Uix6Daa.svg
76,365,الباطن,Al-Bātin,"<p class=""ql-direction-rtl ql-align-right""><span class=""ql-cursor"">﻿</span>  الذي ليسَ دونَهُ شَيءٌ.</p>","<p class=""ql-direction-rtl ql-align-right""><span class=""ql-font-vazirmatn""><span class=""ql-cursor"">﻿</span>  </span>∎ قال ابنُ تيمية في شرح حديث: «وأنت البَاطِنُ فليس دُونَكَ شَيءٌ»: ([أي] أن بُطُونَه أَوْجَبَ أَن لا يكونَ شيءٌ دُونَهُ).</p><p>∎ قال ابنُ القيم: (""الباطِنُ"" وهو الذي ليس دونَهُ شيءٌ).</p><p><strong>∎ قال السعديُّ: (فَسَّرَه النبيُّ ﷺ تَفسِيرًا كاملًا واضحًا فقال: «وأنت البَاطِنُ فليس دُونَكَ شَيءٌ»).</strong></p>",#33332D,https://app.isokoon.com/upload/voices/37dac0dab4d748c788b54146f48870fe.mp3,https://app.isokoon.com/upload/images/qV7O3FqkF8lPbEnDZyx3kGWV53KgDi2kBbnn7lE6.jpg,https://app.isokoon.com/upload/images/UPCAHOwcTx0yu3WxFinFfxCCq0nHddnfjxASKKBz.svg
78,318,المتعال,Al-Muta‘āl,"<p class=""ql-direction-rtl ql-align-right""><span class=""ql-cursor"">﻿</span>  اسمٌ دالٌّ على عُلُوِّ اللهِ المُطلَقِ بِجَمِيعِ الوُجوهِ: عُلُوّ الذَّات وعُلُو القَدْر وعلو القَهْر.</p>","<p class=""ql-direction-rtl ql-align-right""><span class=""ql-font-vazirmatn""><span class=""ql-cursor"">﻿</span>  </span>∎ قال ابنُ تيمية: (يُفَسَّر بأنه أعلى مِن غيرِهِ قَدْرًا، فهو أحقُّ بصفاتِ الكمال، ويُفَسَّر بأنه العالي عليهم بالقَهْر والغَلَبة).</p><p>∎ قال ابنُ القيم: (فهو سبحانه كثيرًا ما يقرن في وصفِهِ بين هذين الاسمين، كقوله تعالى: ﴿وهو العلي العظيم﴾، وقوله: ﴿وهو العلي الكبير﴾، وقوله: ﴿عَـٰلِمُ ٱلْغَيْبِ وَٱلشَّهَـٰدَةِ ٱلْكَبِيرُ ٱلْمُتَعَالِ﴾؛ ثبت بذلك عُلُوُّهُ على المخلوقات وعظمتُه، والعُلوُّ رِفعتُهُ، والعَظَمةُ قَدْرُه ذاتًا ووصفًا).</p><p>∎ قال السعدي: (""المتعال"" على جميعِ خلقِهِ بذاتِهِ وقدرتِهِ وقهرِهِ).</p><p class=""ql-align-justify""><br></p><p class=""ql-align-justify""><br></p><p class=""ql-align-justify""><br></p>",#1A1E29,https://app.isokoon.com/upload/voices/bf5bd03826c25fc2c9c825dabb63b1ac.mp3,https://app.isokoon.com/upload/images/HSUNXyMMKguJjVaOcPQI7wfheHJmvpqG6bnx1qwJ.jpg,https://app.isokoon.com/upload/images/KbtHqwVl7EcgDpeiWNCKvfxZI2GpUJPgN6ETX7rK.svg
79,367,البر,Al-Barr,"<p class=""ql-direction-rtl ql-align-right""><span class=""ql-cursor"">﻿</span>  المُحْسِنُ الذي أَنْعَمَ على العِبادِ بِأصنافِ النِّعَم.</p>","<p class=""ql-direction-rtl ql-align-right""><span class=""ql-font-vazirmatn""><span class=""ql-cursor"">﻿</span>  </span>∎ قال ابنُ تيمية: (فهو سبحانه بَرٌّ جَوادٌ مُحسنٌ، يُعطي العبدَ ما يُناسِبُهُ؛ فَكُلّما عَظُم فَقْرُهُ إليهِ كان أغنى، وكُلَّما عَظُم ذُلُّه له كان أَعَزّ).</p><p>∎ قال ابنُ القيم في نونيته:</p><p>(والبَرُّ في أوصافِهِ سبحانَهُ</p><p>هو كَثْرَةُ الخيراتِ والإحسان).</p><p>∎ قال السعديُّ: (مِن أسمائِه تعالى ""البَرُّ الوَهّابُ الكريمُ"" الذي شمل الكائناتِ بأسرِها بِبِرِّه وهِباتِهِ وكَرَمِه؛ فهو مُولي الجميل ودائمُ الإحسان وواسعُ المواهِب).</p><p class=""ql-align-justify""><br></p><p class=""ql-align-justify""><br></p><p class=""ql-align-justify""><br></p>",#19201e,https://app.isokoon.com/upload/voices/2d8dffd1bf824069d58b351a395bf829.mp3,https://app.isokoon.com/upload/images/78UKzYpI3xKRNfjo8OJWjBRrRnBm8bF3ArA12Dh1.jpg,https://app.isokoon.com/upload/images/4Cnuai6SPBmMb5LYeqxbJtOINZcccQxSbEtsjePd.svg
80,319,التواب,At-Tawwāb,"<p class=""ql-direction-rtl ql-align-right""><span class=""ql-cursor"">﻿</span>  الذي يُوَفِّق العَبدَ للتَّوبةِ ويَتَقَبَّلُها مِنه.</p>","<p class=""ql-direction-rtl ql-align-right""><span class=""ql-font-vazirmatn""><span class=""ql-cursor"">﻿</span>  </span>∎ قال ابنُ تيمية: ([الذي] يَتوبُ على مَن تاب).</p><p>∎ قال ابنُ القيم: (هو الذي جَادَ على [عبدِهِ] بِأَنْ وَفَّقَه للتوبة وأَلْهَمَه إياها، ثُمَّ قَبِلَها منه، فَتابَ عليه أوَّلًا وآخِرًا).</p><p>∎ قال السعديُّ: (""التَّوّابُ"" الذي لم يَزَلْ يَتوبُ على التائبين ويَغفِر ذُنُوبَ المُنيبين، فكلُّ مَن تاب إلى الله توبةً نَصوحًا تابَ اللهُ عليهِ).</p><p class=""ql-align-justify""><br></p><p class=""ql-align-justify""><br></p><p class=""ql-align-justify""><br></p>",#1b272a,https://app.isokoon.com/upload/voices/5c0f69ef66ebd0b4dd325348b104e441.mp3,https://app.isokoon.com/upload/images/ekuPwKZp9aT96pjgfksu7LuRJG73tbAZvCVyBJhV.jpg,https://app.isokoon.com/upload/images/aJAGiysQFMulyRpDFLL2RGaB6LK4YcGrGBZyjZHh.svg
82,320,العفو,Al-‘Afuww,"<p class=""ql-direction-rtl ql-align-right""><span class=""ql-cursor"">﻿</span>  الذي يَمْحُو السَّيِّئاتِ، ويَتَجاوَزُ عن المعاصي.</p>","<p class=""ql-direction-rtl ql-align-right""><span class=""ql-font-vazirmatn""><span class=""ql-cursor"">﻿</span>  </span>∎ قال ابنُ تيمية: (فـ ""العَفُوُّ"" مُتَضَمِّنٌ لإسقاطِ حقِّهِ قِبَلهم، ومُسامحتِهِم بِهِ).</p><p>∎ قال ابنُ القيم في نونيته:</p><p>(وهو العَفُوُّ فَعَفْوُهُ وَسِعَ الوَرَى).</p><p>∎ قال السعديُّ: (الذي يَعْفُو عن زَلَّاتِ عِبادِهِ وذُنُوبِهِم العَظيمةِ، فَيَسْدِلُ عليهِم سِتْرَه، ثُمّ يُعامِلُهُم بعفوِهِ التَّامِّ الصادرِ عن قدرتِهِ).</p><p class=""ql-align-justify""><br></p><p class=""ql-align-justify""><br></p><p class=""ql-align-justify""><br></p>",#22261c,https://app.isokoon.com/upload/voices/ada82b0e2c819aa2ddb98572f100bde2.mp3,https://app.isokoon.com/upload/images/tT3FPNGDDlFTHryQQwC18E4X1Zeghm2E4WZci6nE.jpg,https://app.isokoon.com/upload/images/nEndfTtFyi1MTT1h9qgoahdY2R0GmG50pBkJq8K9.svg
83,321,الرؤوف,Ar-Ra’ūf,"<p class=""ql-direction-rtl ql-align-right""><span class=""ql-cursor"">﻿</span>  شَدِيْدُ الرَّأْفَةِ بعِبادِهِ والرَّحْمَةِ بِهِم، كامل الرأفة، والرأفة هي أبلغ الرحمة، ومن رأف بعباد الله رأف الله به.</p>","<p class=""ql-direction-rtl ql-align-right""><span class=""ql-font-vazirmatn""><span class=""ql-cursor"">﻿</span>  </span>∎ قال ابنُ تيمية: (الرَّحِيمُ بِعِبادِهِ).</p><p>∎ قال ابنُ القيم: (""الرَّؤُوفُ"" الرّحيمُ بِخَلْقِهِ المُتَكَفِّلُ بِمَصالِحِهِم).</p><p>∎ قال السعديُّ: (""الرَّؤوف"" أي شَدِيدُ الرَّأْفَةِ بِعِبادِهِ، فمِن رَأفَتِهِ ورحمتِهِ بِهم أنْ يُتِمَّ عليهِم نِعمَتَه التي ابتدأهم بها، ومِن رأفتِهِ تَوفيقُهُم للقيامَ بحقوقِهِ وحقوقِ عبادِهِ، ومن رأفتِهِ ورحمتِهِ أنه خَوَّفَ العباد، وزَجَرَهم عن الغَيِّ والفَسادِ).</p><p class=""ql-align-justify""><br></p><p class=""ql-align-justify""><br></p><p class=""ql-align-justify""><br></p>",#1b211f,https://app.isokoon.com/upload/voices/7da83852bcb08e8b890d2d57d564b9cd.mp3,https://app.isokoon.com/upload/images/Z731PdUpz3ULxSVLmDx8M0udBzMquKqkrWAEcGeS.jpg,https://app.isokoon.com/upload/images/PTy4dYd3yvajgGOAdgOKhk9do39vQk8igE9ndSfj.svg
84,369,مالك الملك,Maalik-Ul-Mulk,"<p class=""ql-direction-rtl ql-align-right""><span class=""ql-cursor"">﻿</span>  المالك لجميع الممالك، وجميع من فيها مماليك له، والمالك لخزائن السموات والأرض، بيده الخير يرزق من يشاء.</p>","<p class=""ql-direction-rtl ql-align-right""><span class=""ql-font-vazirmatn""><span class=""ql-cursor"">﻿</span>  </span>∎ قال ابن القيم: (وهذا هو الفرق بين المَلِك والمالك؛ إذِ المالك هو المتصرِّف بفعله، والمَلِك هو المتصرف بفعله وأمره، والربُّ ـ تعالى ـ مالكُ الملك؛ فهو المتصرِّف بفعله وأمرِه).</p><p>∎ قال السعدي: (الملك المالك لجميع الممالك، فصفة الملك المطلق لك، والمملكة كلها علويها وسفليها لك، والتصريف والتدبير كله لك).</p><p>∎ قال ابن عثيمين: (مالك المملوكات كلها، ويحتمل أن يكون المراد به التدبير، أي: مالك تدبير الخلائق كلها، والأمران ثابتان لله عز وجل؛ فهو مالك المملوكات كلها بأعيانها، وهو مالك التصرف فيها لا يشركه في ذلك أحد، هو الذي يدبر الأمر ويملك المأمور).</p><p><br></p><p><br></p>",#161a1f,https://app.isokoon.com/upload/voices/78cd0f6ba387c59d194a9c28d0b9f108.mp3,https://app.isokoon.com/upload/images/8JWo3YgLHupRriQnaGXci8G5Gamsuh2U2OHNDCjb.jpg,https://app.isokoon.com/upload/images/Iu4G1mgqdKFChGds3aQTZVObLnBNzd3TO3NHAd9R.svg
85,370,ذو الجلال والإكرام,Dhul-Jalāl wa al-Ikrām,"<p class=""ql-direction-rtl ql-align-right""><span class=""ql-cursor"">﻿</span>  ذو العظمة والكبرياء والرحمة والجود، المُستَحِقُّ للتَّعْظِيمِ والحَمْد.</p>","<p class=""ql-direction-rtl ql-align-right""><span class=""ql-font-vazirmatn""><span class=""ql-cursor"">﻿</span>  </span>∎ قال ابنُ تيمية: (وهو سبحانه ذو الجلال والإكرام، فهو المُستحِق لأنْ يُجَلَّ ولأن يُكْرَم، والإجلال يتضمن التعظيم، والإكرام يتضمن الحمد والمحبة).</p><p>∎ قال ابنُ القيم: (وأمَّا المَجدُ فهو مُستَلزِم للعَظَمَةِ والسَّعةِ والجلالِ، والحَمْدُ يَدُلُّ على صفاتِ الإكرام، والله سبحانه ذو الجلال والإكرام).</p><p>∎ قال السعدي: (""ذو الجلال والإكرام"" أي ذو العظمة والكبرياء، وذو الرحمة والجود والإحسان العام والخاص، المُكرِم لأوليائه وأصفيائه الذين يُجِلُّونه ويُعظِّمونه ويُحِبُّونه).</p><p class=""ql-align-justify""><br></p><p class=""ql-align-justify""><br></p><p class=""ql-align-justify""><br></p>",#2f252c,https://app.isokoon.com/upload/voices/8241f4b4673605c9b2f3b5b84e46f6a3.mp3,https://app.isokoon.com/upload/images/tLhdhcXrozt8n3DHJc4pMtMF2mE0JdjE14X2jyxQ.jpg,https://app.isokoon.com/upload/images/fB3Mh7bvZRRq5NXdWscmLfeONWbsxPMwFlX9Cg2Z.svg
88,322,الغني,A-Ghanyy,"<p class=""ql-direction-rtl ql-align-right""><span class=""ql-cursor"">﻿</span>  الذي كُلُّ ما سِواهُ مُحتاجٌ إليهِ، وليس بِهِ حاجةٌ إلى أَحَدٍ، وذلك لكمال صفاته، والخلق كلهم فقراءُ إليه.</p>","<p class=""ql-direction-rtl ql-align-right""><span class=""ql-font-vazirmatn""><span class=""ql-cursor"">﻿</span>  </span>∎ قال ابنُ تيمية: (الغَنِيّ بِما له مِن الأسماءِ والصفات، وليس بِمُفتَقِرٍ إلى غيرِهِ بِوَجْهٍ مِن الوجوه).</p><p>∎ قال ابنُ القيم: (هو الغَنِي بِذاتِهِ، الذي كلُّ ما سِواه مُحتاجٌ إليه، وليس بِهِ حاجةٌ إلى أَحَدٍ).</p><p>∎ قال السعدي: (فهو الغَني بِذاتِهِ، الذي له الغِنى التَّامُّ المُطلق مِن جَميع الوجوه والاعتبارات لكمالِهِ وكمالِ صفاتِهِ).</p><p class=""ql-align-right""><br></p><p class=""ql-align-right""><br></p><p class=""ql-align-right""><br></p>",#231f27,https://app.isokoon.com/upload/voices/1244d849366f6d048803296445783f1b.mp3,https://app.isokoon.com/upload/images/TbX0DIeAssUXgd1vYT0c3zfMRwq1QCFyc6YfkJ20.jpg,https://app.isokoon.com/upload/images/SJxuabG0EQZAu9F4iFlOsfW1nevXapEFDD2luL7C.svg
94,323,الهادي,Al-Hādi,"<p class=""ql-direction-rtl ql-align-right""><span class=""ql-cursor"">﻿</span>  الذي يُرْشِدُ عبادَهُ إلى جَميعِ المَنافِع وإلى دَفْعِ المَضَارّ، ويُوفِّقُ مَن شاء منهم إلى الهُدى، والذي يهدي ويدُلّ سائر الخلق إلى مصالحها وكسب رزقها ودفع ما يضرُّها، والذي يدلُّ المكلَّفين إلى طريق الخير والشرِّ، وطريق النجاة والهلاك.</p>","<p class=""ql-direction-rtl ql-align-right""><span class=""ql-font-vazirmatn""><span class=""ql-cursor"">﻿</span>  </span>∎ قال ابنُ تيمية: (الذي يَهدِي مَن يَشاءُ إلى صراطٍ مستقيمٍ ويُبَيِّنُ له سُبُلَ الرَّشاد، كما هدى الذين آمنوا لِمَا اختُلِفَ فيه مِن الحَقِّ وجَمَعَ لَهم الهُدى والسَّداد).</p><p>∎ قال ابنُ القيم: (المُوَفِّقُ المُلْهِم الخالِق للهدى في القُلوب).</p><p>∎ قال السعدي: (""الهَادِي"" أي الذي يَهدي ويُرْشِدُ عبادَه إلى جَميعِ المَنافِعِ وإلى دَفْعِ المَضَارّ، ويُعلِّمُهم ما لا يعلمون، ويَهديهم بهدايةِ التوفيقِ والتسديد ويلهمُهم التقوى ويجعل قلوبهم منيبةً إليه منقادةً لأمرِهِ).</p><p class=""ql-align-justify""><br></p>",#131b1d,https://app.isokoon.com/upload/voices/fda8439695e6dce9fc997dcd50c75313.mp3,https://app.isokoon.com/upload/images/hjFAFFlDfSCNFQ7bV7rSFppOmRW1JN6YCeoLxaul.jpg,https://app.isokoon.com/upload/images/68eqZzjU6wLPORo7b6QegGB4k0qBQuhQTG0n2iYM.svg
97,380,الوارث,Al-Wārith,"<p class=""ql-direction-rtl ql-align-right""><span class=""ql-cursor"">﻿</span>  البَاقِي بعدَ فَنَاء الخَلْق، الذي يَرِثُ الأرضَ ومَن عليها.</p>","<p class=""ql-direction-rtl ql-align-right""><span class=""ql-font-vazirmatn""><span class=""ql-cursor"">﻿</span>  </span>∎ قال الزَّجَّاج: (""الوَارث"" كلُّ باقٍ بعدَ ذاهِبٍ).</p><p>∎ قال الخَطَّابي: (""الوَارث"" هو البَاقي بعدَ فَنَاءِ الخَلْقِ والمُسْتَرِدُّ أملاكهم وموارثهم بعد موتِهِم، ولم يَزَل الله باقيًا مالكًا لأصولِ الأشياءِ كلِّها، يُورِثها مَن يشاء، ويَستَخلِفُ فيها مَن أَحب).</p><p>∎ قال حافظ الحكمي: (""الوارث"" الذي يَرِثُ الأرضَ ومَن عليها، وهو خيرُ الوارثين، وإليه المَرجِعُ والمَآل).</p><p class=""ql-align-justify""><br></p><p class=""ql-align-justify""><br></p><p class=""ql-align-justify""><br></p>",#040404,https://app.isokoon.com/upload/voices/3889f52c6b9c51f168a45a821be5aae8.mp3,https://app.isokoon.com/upload/images/rgw8dWxAolXvNbdCzc6UcpWSbQTNXrkIHBe5ZFT4.jpg,https://app.isokoon.com/upload/images/2xsMH4eJ19Fq6eE8m1yMTVPpnI9n4mhr1xOyVNy9.svg
100,383,الجميل,Al-Jamīl,"<p class=""ql-direction-rtl ql-align-right""><span class=""ql-cursor"">﻿</span>  الذي له الجمالُ المُطلقُ في ذاتِه وأسمائِهِ وصِفاتِهِ وأفعالِهِ.</p>","<p class=""ql-direction-rtl ql-align-right""><span class=""ql-font-vazirmatn""><span class=""ql-cursor"">﻿</span>  </span>∎ قال ابنُ القيم: (ومِن أسمائِهِ الحُسنى ""الجَمِيل""، ومَن أحقُّ بِالجَمال مِمَّن كلُّ جَمالٍ في الوُجُودِ فهو مِن آثارِ صُنعِهِ؟ فله جَمالُ الذات وجمالُ الأوصاف وجمالُ الأفعال وجمالُ الأسماء).</p><p>∎ قال السعدي: (""الجَميلُ"" مَن له نُعُوتُ الحُسْنِ والإحسان).</p><p>∎ قال الهرّاس: (وأمَّا ""الجَميل"" فهو اسمٌ له سبحانه مِن الجمال، وهو الحُسْنُ الكثير، والثابِتُ له سبحانه مِن هذا الوصفِ هو الجمالُ المطلق، الذي هو الجمالُ على الحقيقة؛ فإنَّ جَمالَ هذه المَوجوداتِ على كَثْرةِ ألوانُهُ وتَعَدُّدِ فُنُونِهِ هو مِن بعضِ آثارِ جمالِهِ).</p><p class=""ql-align-justify""><br></p><p class=""ql-align-justify""><br></p><p class=""ql-align-justify""><br></p>",#000000,https://app.isokoon.com/upload/voices/12a18a2b4d352f8089c78b9ddc22ef65.mp3,https://app.isokoon.com/upload/images/toBuq279IaJ4ccmtYmw1ze9DyDYuLDTXOdpeBnQL.jpg,https://app.isokoon.com/upload/images/CeRsiPFLiOyqhRpTxW8K3velNiouamIIcvroWKzo.svg
101,384,القاهر,Al-Qāhir,"<p class=""ql-direction-rtl ql-align-right""><span class=""ql-cursor"">﻿</span>الذي خَضَعَتْ له جميعُ الكائِنات، وذَلَّتْ له جميعُ المخلوقات، ودَانَتْ لقدرتِهِ ومشيئتِهِ.</p>","<p class=""ql-direction-rtl ql-align-right""><span class=""ql-font-vazirmatn""><span class=""ql-cursor"">﻿</span>  </span>∎ قال ابنُ تيمية: (خالِقُ كلِّ شيءِ وَربُّهُ ومليكُهُ، فكلُّ ما سِوى اللهِ مخلوقٌ له، حادِثٌ بمشيئتِهِ وقدرتِهِ، ولا يكونُ في ملكِهِ ما لا يشاؤه ويخلُقُه، فلا يَقدِرُ أحدٌ أنْ يمنعَ اللهَ عمَّا أرادَ أنْ يَخلُقَه ويُكوِّنَه).</p><p>∎ قال ابنُ القيم: (""القاهِرُ"" مَن اتَّصَفَ بالقوةِ والغَلَبة).</p><p>∎ قال السعدي: (الذي خَضَعتْ له المَخلوقاتُ، وذلك لعزَّتِهِ وقوتِهِ وكمالِ اقتدارِهِ).</p><p class=""ql-align-justify""><br></p><p class=""ql-align-justify""><br></p><p class=""ql-align-justify""><br></p>",#0b0909,https://app.isokoon.com/upload/voices/8479b9e291547f12826bad1f66434346.mp3,https://app.isokoon.com/upload/images/JYK9dWz5GBSajxiSkTaf0wozvPPJv0A0BCyrap7Z.jpg,https://app.isokoon.com/upload/images/O65ZtMKRVf0TeWOQWHLarGetJ3GF43ArdKnce686.svg
102,324,القريب,Al-Qarīb,"<p class=""ql-direction-rtl ql-align-right""><span class=""ql-cursor"">﻿</span>  القريب مِن مُطيعِهِ بالإثابة ومِن داعيهِ بالإجابة ومن سائر عباده بالعلم، القريب من جميع خلقه المحيط بهم والعليم بحالهم، القريب من المؤمنين بنصره لهم وإجابة دعائهم، وحفظهم، وهو لا ينافي علوه سبحانه.</p>","<p class=""ql-direction-rtl ql-align-right""><span class=""ql-font-vazirmatn""><span class=""ql-cursor"">﻿</span>  </span>∎ قال ابنُ تيمية: (وهو القريب الذي يجيب دعوة الداعي إذا دعاه، وهو سميع الدعاء).</p><p>∎ قال ابنُ القيم: (أقربُ مِن كلِّ قَرِيب).</p><p>∎ قال السعدي: (هذا القُرْبُ قُرْبٌ لا تُدْرَك له حقيقة، وإنما تُعلم آثارُه مِن لُطفِهِ بعبدِهِ، وعنايتِهِ به وتوفيقِهِ وتسديدِهِ، ومِن آثارِه الإجابةُ للداعين والإثابةُ للعابدين).</p><p class=""ql-align-justify""><br></p><p class=""ql-align-justify""><br></p><p class=""ql-align-justify""><br></p>",#07080A,https://app.isokoon.com/upload/voices/9477e0d24f87559276d52f4a3a2b3662.mp3,https://app.isokoon.com/upload/images/iBUfcWglq2wzICWM8E7sCs42n3dzXkzQ5OSVHk7E.jpg,https://app.isokoon.com/upload/images/fIrauIsvHNs0NQPdQZG1omx3DiaXibQq2RDNBoEE.svg
104,327,الرب,Ar-Rabb,"<p class=""ql-direction-rtl ql-align-right""><span class=""ql-cursor"">﻿</span>  السيدُ المالِكُ المُصلِحُ لغيرِهِ، والمُرَبِّي جميعَ عبادِهِ بالتدبيرِ وأصنافِ النِّعَم، الذي يربّي خلقه بنعمه وينشئهم شيئًا فشيئًا، والذي يربّي أوليائه بما يصلحُ قلوبهم، وهو الخالق المالك السيد.</p>","<p class=""ql-direction-rtl ql-align-right""><span class=""ql-font-vazirmatn""><span class=""ql-cursor"">﻿</span>  </span>∎ قال ابنُ تيمية: (هو الذي يَربِّي عبدَهُ فيعطيه خَلْقَه ثم يَهديه إلى جميعِ أحوالِهِ مِن العبادةِ وغيرها).</p><p>∎ قال ابنُ القيم: (""الرَّبُّ"" هو السيدُ والمالِكُ والمُنعمُ والمُربي والمُصلِح، والله تعالى هو الرَّبُّ بهذه الاعتبارات كلِّها، فلا شيء أوجَبَ في العقولِ والفِطَرِ مِن عِبادَةِ مَن هذا شأنُهُ وحدَه لا شريك له).</p><p>∎ قال السعدي: (هو المُربِّي جميعَ عبادِهِ بالتدبيرِ وأصنافِ النعم).</p><p class=""ql-align-justify""><br></p><p class=""ql-align-justify""><br></p><p class=""ql-align-justify""><br></p>",#0f111d,https://app.isokoon.com/upload/voices/0486c969451f1251a39e73ca88d3a8e0.mp3,https://app.isokoon.com/upload/images/N4xcYA6IrV9TzfE3xx3WO4KTKOMz7XbvL8mDpizo.jpg,https://app.isokoon.com/upload/images/aGidJxji92tiUazuanbrFwPLbImWObjcAlmOg8NS.svg
105,385,المبين,Al-Mubīn,"<p class=""ql-direction-rtl ql-align-right""><span class=""ql-cursor"">﻿</span>  البَيِّنُ أمْرُهُ في الوحدانية، وأنه لا شريك له، والذي يُبَيِّنُ لعبادِهِ الحق.</p>","<p class=""ql-direction-rtl ql-align-right""><span class=""ql-font-vazirmatn""><span class=""ql-cursor"">﻿</span>  </span>∎ قال ابنُ جرير: (الذي يُبَيِّنُ لهم حقائقَ ما كان يَعدُهُم في الدنيا مِن العذاب).</p><p>∎ قال الخَطَّابِي: (هو البَيِّنُ أَمرُه في الوَحدانية، وأنه لا شريكَ له).</p><p>∎ قال ابنُ تيمية: ([الذي] لا شيءَ أَبْيَنَ منه).</p><p class=""ql-align-justify""><br></p><p class=""ql-align-justify""><br></p><p class=""ql-align-justify""><br></p>",#25272a,https://app.isokoon.com/upload/voices/4edc017ee77e849210d07c2fba1907d0.mp3,https://app.isokoon.com/upload/images/Lex7sWAPbVFUZPYgbNyxISzVk0drRrsQ5F9ywfEk.jpg,https://app.isokoon.com/upload/images/vvM5YnAG3LBr7UYgMmLKKTqX5pXFUgvNLI6Dlick.svg
116,328,المعطي,Al-Mu‘ti,"<p class=""ql-direction-rtl ql-align-right""><span class=""ql-cursor"">﻿</span> المُتَفَرِّدُ بالعطاءِ على الحَقيقة، لا مانِعَ لِمَا أَعْطَى، ولا مُعطِيَ لِمَا مَنَعَ، الذي يعطي ما شاء من خزائنه لمن شاء من خلقه، ولا رادّ لعطائه، ولأوليائه النصيبُ الأوفرُ من عطائه، والذي أعطى كل شيء خلقه وصُورتَه.</p>","<p class=""ql-direction-rtl ql-align-right""><span class=""ql-font-vazirmatn""><span class=""ql-cursor"">﻿</span> </span>∎ قال ابنُ تيمية: (وهو سبحانه المُعطِي المانِع، لا مانِعَ لما أَعطَى ولا مُعطِيَ لِما مَنَع، لكنْ مَنَّ على الإنسانِ بالإيمانِ والعملِ الصالحِ، ثُم لَمْ يَمنعْهُ مُوجِبَ ذلك أصلًا، بل يُعطيه مِن الثوابِ والقُرْبِ ما لا عينٌ رَأَتْ، ولا أُذُنٌ سَمِعَتْ، ولا خَطَرَ على قلبِ بَشَر، وحيثُ مَنَعَه ذلك فلا يَبقى سببُهُ، وهو العمل الصالح).</p><p>∎ قال ابنُ القيم: ([أي] أنَّ حقيقةَ العطاءِ والمَنعِ إليكَ لا إلى غيرِك، بل أنت المُتَفَرِّدُ بها لا يشركك فيها أَحَدٌ).</p><p>∎ قال السعدي: (المُعطِي المانِع، لا مانعَ لما أعطى، ولا معطيَ لِمَا مَنَع، فجميعُ المصالحِ والمنافِعِ مِنه تُطْلَب، وإليه يُرغَبُ فيها، وهو الذي يُعطيها لِمَن يشاء، ويَمنعُها مَن يَشاء بحكمتِهِ ورحمتِهِ).</p><p><br></p><p><br></p>",#17161c,https://app.isokoon.com/upload/voices/f58391bfb5f70b77e8b17e93e5299d6b.mp3,https://app.isokoon.com/upload/images/yFNCTh6r02Bs9Klvc7MxLUxJF4ngobV3Fm4IMkMP.jpg,https://app.isokoon.com/upload/images/NiK0wYXaSNUkUTpzbNytsiVbLXzFxoM6Cd6SAfpd.svg
117,386,الكافي,Al-Kāfi,"<p class=""ql-direction-rtl ql-align-right""><span class=""ql-cursor"">﻿</span>  الذي يَكفي عبادَه جميعَ ما يَحتاجون إليه، والذي يُكتَفَى بِمعونتِهِ عن غيرِهِ، ويُستغنى به عمَّن سِواه.</p>","<p class=""ql-direction-rtl ql-align-right""><span class=""ql-font-vazirmatn""><span class=""ql-cursor"">﻿</span>  </span>∎ قال الخَطَّابي: (وأمَّا ""الكافي"" فهو الذي يَكفي عبادَه المُهِمّ، ويَدفعُ عنهم المُلِمّ، وهو الذي يُكتفَى بمعونتِهِ عن غيرِهِ، ويُستغنى به عمّن سواه).</p><p>∎ قال ابنُ تيمية: (والله وحدَه كافٍ عبادَه المؤمنين كما قال تعالى: ﴿يأيها النبي حسبك الله ومن اتبعك من المؤمنين﴾، أي هو وحده حسبُك وحسبُ مَن اتبعك من المؤمنين).</p><p>∎ قال السعدي: (الكافي عباده جميعَ ما يحتاجون ويضطرون إليه، الكافي كفايةً خاصةً مَن آمَن به وتوكلَ عليه واستمدَّ منه حوائجَ دينِهِ ودنياه).</p><p class=""ql-align-justify""><br></p><p class=""ql-align-justify""><br></p><p class=""ql-align-justify""><br></p>",#1b1612,https://app.isokoon.com/upload/voices/81b21442ae623093cc0fdd87b5e398e0.mp3,https://app.isokoon.com/upload/images/JcOcEM26gEHLz8jlEdwjWNQPZrtaJGOSdmKmYHCI.jpg,https://app.isokoon.com/upload/images/MrdJYjNUG8pjm7m206SqKgcfTqOrRZ561APcM4Zp.svg
122,387,الوتر,Al-Witr,"<p class=""ql-align-right ql-direction-rtl""><span class=""ql-cursor"">﻿</span>  الواحد الذي لا شريكَ له ولا نظيرَ.</p>","<p class=""ql-direction-rtl ql-align-right""><span class=""ql-font-vazirmatn""><span class=""ql-cursor"">﻿</span>  </span>∎ قال الخَطَّابي: (الوَاحِدُ الذي لا شريكَ له، ولا نظيرَ له، المُتَفَرِّدُ عن خلقِهِ، البائنُ منهم بصفاتِه).</p><p>∎ قال البيهقي: (""الوِتْر"" هو الفَرْدُ الذي لا شريكَ له ولا نظير، وهذه صفةٌ يَستحِقُّها بذاتِهِ).</p><p>∎ قال ابنُ تيمية: (إنَّ الشَّفْعَ هو الخَلْق، فكلُّ مَخلوقٍ له نظير، والوِتْرُ هو الله الذي لا شبيهَ له).</p><p><br></p><p><br></p>",#171b22,https://app.isokoon.com/upload/voices/a4bc0c835f1edc5c3599fc1d17b21d09.mp3,https://app.isokoon.com/upload/images/mkP12rZQQAdhQEi1G7gkc9iIEUXTQFPTqbKUTtt7.jpg,https://app.isokoon.com/upload/images/PI6a7etOzsAw7Y9dju5pmip6ndLaJBnBtoNcHRFP.svg
123,329,الأحد,Al-Ahad,"<p class=""ql-direction-rtl ql-align-right""><span class=""ql-cursor"">﻿</span>  الذي تَوَحّدَ وتفرد بِجَميعِ الكَمالاتِ المطلقة في ربوبيتِهِ وأُلوهيتِهِ وأسمائِهِ وصفاتِهِ وتفرد بها، بحيثُ لا يُشارِكُهُ فيها مُشارِكٌ، وليس كمثله شيء.</p>","<p class=""ql-direction-rtl ql-align-right""><span class=""ql-font-vazirmatn""><span class=""ql-cursor"">﻿</span>  </span>∎ قال ابنُ تيمية: (""الأَحَدُ"" هو الذي لا كُفُؤَ له ولا نَظِيرَ فيَمْتَنِعُ أنْ تَكونَ له صاحِبة).</p><p>∎ قال ابنُ القيم: (""الأَحَدُ"" المُتَضَمِّنُ لانفرادِهِ بالربوبيةِ والألوهيةِ).</p><p>∎ قال السعدي: (هو الذي تَوَحَّدَ بِجميعِ الكمالات، وتَفَرّدَ بِكلِّ كَمَالٍ ومَجْدٍ وجلال وجَمالٍ وحَمْدٍ وحِكْمَةٍ ورحمة، وغيرِها مِن صفاتِ الكمال).</p><p class=""ql-align-justify""><br></p><p class=""ql-align-justify""><br></p><p class=""ql-align-justify""><br></p>",#040404,https://app.isokoon.com/upload/voices/20f980edb47572108e5ebda90f17fde5.mp3,https://app.isokoon.com/upload/images/DN3YCLynPsmigQ9y79otIhfPs7JPugE8fkLC2dZr.jpg,https://app.isokoon.com/upload/images/mCR0Ym3QTIwH3mcTjzH28XPCwzMgy2VvV3LhzuJk.svg
126,388,الجواد,Al-Jawād,"<p class=""ql-direction-rtl ql-align-right""><span class=""ql-cursor"">﻿</span>  كَثيرُ العطاءِ الذي عَمّ بعطائِهِ جميعَ الكائنات.</p>","<p class=""ql-direction-rtl ql-align-right""><span class=""ql-font-vazirmatn""><span class=""ql-cursor"">﻿</span>  </span>∎ قال ابنُ تيمية: (الجَوَادُ في كلام العرب معناه: كَثيرُ العطاء).</p><p>∎ قال ابنُ القيم: ([الذي] يَجودُ على عبادِهِ ويُوسِعُهم فَضلًا، ويَغْمُرُهُم إحسانًا وجودًا، ويُتِمُّ عليهم نعمتَه، ويُضاعِفُ لديهم مِنَّتَه، ويتعرفُ إليهم بأوصافِه وأسمائِه).</p><p>∎ قال السعدي: (الذي عَمَّ بِجودِهِ جميعَ الكائنات، وملأَها مِن فضلِهِ وكَرَمِهِ ونعمِه المتنوعة، وخَصَّ بجودِهِ السائلين بلسانِ المقالِ أو لسال الحالِ، مِن بَرٍّ وفاجر، ومسلم وكافر، فَمَن سألَ اللهَ أعطاه سؤالَه، وأَنَالَهُ ما طَلَب).</p><p class=""ql-align-justify""><br></p><p class=""ql-align-justify""><br></p><p class=""ql-align-justify""><br></p>",#1C1C1C,https://app.isokoon.com/upload/voices/3fc587e182097dec101f1a1430270862.mp3,https://app.isokoon.com/upload/images/CM6OXfKRUI83wfQhcOHd5aZzTJ4cDxrYiKiMOAIf.jpg,https://app.isokoon.com/upload/images/lG3oJlsHRPv1usEAhIvHrZEmpUOGJ6V9mBU96kRW.svg
130,389,الرفيق,Ar-Rafīq,"<p class=""ql-direction-rtl ql-align-right""><span class=""ql-cursor"">﻿</span>  المتأني في الأمور، المتدرج فيها، الذي لا يُعجِّلُ بعقوبةِ العُصاة.</p>","<p class=""ql-direction-rtl ql-align-right""><span class=""ql-font-vazirmatn""><span class=""ql-cursor"">﻿</span>  </span>∎ قال ابنُ القيم: (فإنّه رَفِيقٌ يُحِبُّ الرِّفْقَ).</p><p>∎ قال السعدي: (ومِن أسمائِهِ ""الرَّفِيق"" في أفعالِهِ وشرعِهِ)، وقال في موضع آخر: (فالله تعالى رفيقٌ في أفعالِهِ، خَلَقَ المَخلوقاتِ كلَّها بالتدريج شيئًا فشيئًا بحسب حكمته ورفقه، مع أنه قادرٌ على خَلْقِها دُفعَةً واحدةً، وفي لحظةٍ واحدةٍ).</p><p>∎ قال الهَرّاس: (مأخوذٌ مِن الرِّفْقِ الذي هو التَّأنِّي في الأمور والتَّدَرُّجِ فيها، وضِدُّه العُنفُ الذي هو الأخذُ فيها بِشِدَّةٍ واستعجالٍ).</p><p class=""ql-align-justify""><br></p><p class=""ql-align-justify""><br></p><p class=""ql-align-justify""><br></p>",#131915,https://app.isokoon.com/upload/voices/5abd4e2a4d1f9d06c60b1d6ce40e125a.mp3,https://app.isokoon.com/upload/images/zDxh6JJIdKVudRtnCrAjwBXBPBTb8W6Htn92bYaA.jpg,https://app.isokoon.com/upload/images/uzYL35oqdJMBU6NaRrZG1lJf9cmOOPCf85zY012P.svg
131,390,السيد,As-Sayyid,"<p class=""ql-direction-rtl ql-align-right""><span class=""ql-cursor"">﻿</span>  الرب والمالك، صاحبُ السُّؤْدَدِ على الحَقِيقة، الذي يَرجِعُ الخَلْقُ إليه في أمورِ الدُّنيا والآخرةِ.</p>","<p class=""ql-direction-rtl ql-align-right""><span class=""ql-font-vazirmatn""><span class=""ql-cursor"">﻿</span>  </span>∎ قال الخَطَّابِي: (قولُه ﷺ : «السَّيِّدُ الله» يُرِيدُ أنَّ السُّؤدَد حَقيقة لله عز وجل، وأنَّ الخَلقَ كلَّهم عبيدٌ له).</p><p>∎ قال الحليمي: (المُحْتَاجُ إليه بالإطلاق، فإنَّ سَيِّدَ الناسِ إنَّما هو رأسُهُم الذي إليه يرجعون، وبأمرِهِ يعملون، وعن رأيِهِ يَصْدُرُون، ومِن قولِهِ يَستَهْدُون).</p><p>∎ قال ابنُ القيم: (سَيِّدُ الخَلقِ هو مَالِكُ أمرِهِم الذي إليه يرجعون وبأمره يعلمون وعن قوله يصدرون).</p><p class=""ql-align-justify""><br></p><p class=""ql-align-justify""><br></p><p class=""ql-align-justify""><br></p>",#231d18,https://app.isokoon.com/upload/voices/a0d117018eee99a6121028600258a726.mp3,https://app.isokoon.com/upload/images/VrDJsKw2eWovDrjA6eajMzGHp1Ip8wWKs3pSFIBi.jpg,https://app.isokoon.com/upload/images/ojgFmSYimUonO01MueCusTdvLuhOa8KgMiep24Q0.svg
132,391,السبوح,As-Subbūh,"<p class=""ql-direction-rtl ql-align-right""><span class=""ql-cursor"">﻿</span>  المُنَزّهُ عَن النقائصِ والعيوب، الذي يُقَدِّسُه ويُنزِّهُهُ كلُّ مَن في السماوات والأرض.</p>","<p class=""ql-direction-rtl ql-align-right""><span class=""ql-font-vazirmatn""><span class=""ql-cursor"">﻿</span>  </span>∎ قال الخطابي: (""السُّبُّوح"" المُنَزَّهُ عن كلِّ عيب).</p><p>∎ قال ابنُ تيمية: (وهو سبحانه سُبُّوحٌ قُدُّوسٌ يُسبّحُ له ما في السماوات والأرض، و ""سبحان الله"" كلمةٌ كما قال ميمون بن مهران: هي كلمةٌ يُعظَّمُ بها الرّبُّ ويُحاشَى بها مِن السُّوء).</p><p>∎ قال الزَّجَّاج: (الذي يُنَزَّه عن كلِّ سُوء).</p><p>∎ قال الحليميُّ: (""السُّبُّوحُ"" ومعناه الُمنزَّهُ عن المَعَايِبِ، والصفاتِ التي تَعتَوِرُ الُمحدَثين مِن ناحيةِ الحَدَثِ، والتسبيحُ: التَّنزيهُ).</p><p class=""ql-align-justify""><br></p><p class=""ql-align-justify""><br></p><p class=""ql-align-justify""><br></p>",#162026,https://app.isokoon.com/upload/voices/a5266370eca579d97897c012c25a5b16.mp3,https://app.isokoon.com/upload/images/89pMeqzL0KGCXuuUqiSq5Jj0D2dUGchCMADWQsLx.jpg,https://app.isokoon.com/upload/images/19PSCiGrRmAGpAKAP6yPMoYCX3d186Ud9PRx1SmD.svg
134,326,الشافي,Ash-Shāfi,"<p class=""ql-direction-rtl ql-align-right""><span class=""ql-cursor"">﻿</span>الذي يشفي القلوب والأبدان من أمراضها، فيُعافِي العِبادَ مِن أمراضِ الأبدان، وشُبَهِ القُلوب، وشهواتِ النُّفوسِ، ، وليس في يد العباد إلا ما يسّره لهم من الدواء، أما الشفاء فبيَدِهِ وحده لا شريك له، فلا شافي إلا هو ولا شفاء إلا شفاؤه.</p>","<p class=""ql-direction-rtl ql-align-right""><span class=""ql-font-vazirmatn""><span class=""ql-cursor"">﻿</span>  </span>∎ قال الحليمي: ([الذي] يَشفي الصُّدورَ مِن الشُّبَهِ والشُّكُوك، ومِن الحَسَدِ والغُلُول، والأبدانَ مِن الأمراضِ والآفات).</p><p>∎قال ابنُ القيم: ([أي] أنّه وحدَه الشَّافي، وأنَّه لا شِفاء إلا شفاؤه).</p><p>∎ قال ابنُ عثيمين: (""الشَّافي"" هو الله عز وجل؛ لأنّه الذي يَشفِي المَرَض).</p><p class=""ql-align-justify""><br></p><p class=""ql-align-justify""><br></p><p class=""ql-align-justify""><br></p>",#1b211e,https://app.isokoon.com/upload/voices/4fc8701bd9cdd189bb69859995f9f260.mp3,https://app.isokoon.com/upload/images/BsxvTgPnhYjp9qGkLi8paO2m63mP0itDGsVO85V1.jpg,https://app.isokoon.com/upload/images/FR6veyjReTQ9q8NJohXUCcfmD0v1guoRqG1tUrKl.svg
136,392,الشاكر,Ash-Shākir,"<p class=""ql-direction-rtl ql-align-right""><span class=""ql-cursor"">﻿</span>المادِحُ لِمَن يُطِيْعُهُ، والمُثْنِي عليه، والمُثِيْبُ له على طاعتِهِ فوقَ ما يَستحِقُّ بها.</p>","<p class=""ql-direction-rtl ql-align-right""><span class=""ql-font-vazirmatn""><span class=""ql-cursor"">﻿</span>  </span>∎ قال الحَلِيمي: (معناه المادِحُ لِمَن يُطيعُه والمُثنِي عليهِ والمُثيبُ له بطاعتِهِ فَضلًا مِن نعمتِهِ).</p><p>∎ قال ابنُ القيم: (سَمّى نفسَه ""شاكِرًا"" و ""شَكَورًا""، وسَمّى الشاكرين بهذين الاسمين فأعطاهم مِن وصفِه، وسمّاهم باسمِهِ، وحسبُك بهذا محبةً للشاكرين وفَضْلًا).</p><p>∎ قال السعدي: (الذي يَشكُرُ القليلَ مِن العَمَل، ويَغفِرُ الكثيرَ مِن الزَّلَل، ويُضاعِفُ للمُخلِصِين أعمالَهم بغيرِ حِساب).</p><p class=""ql-align-justify""><br></p><p class=""ql-align-justify""><br></p><p class=""ql-align-justify""><br></p>",#161518,https://app.isokoon.com/upload/voices/07f5073c996996542c5e3494601cad85.mp3,https://app.isokoon.com/upload/images/TCMkpQovilaNUoZOOredUhf81wJn68msWVoCQaiW.jpg,https://app.isokoon.com/upload/images/G211hOUgFuBMHMnhPyp7WrvZpJyebWknI55U5bWp.svg
137,393,الطيب,At-Tayyib,"<p class=""ql-direction-rtl ql-align-right""><span class=""ql-cursor"">﻿</span>  المُقَدَّسٌ المُنَزَّهٌ عن النَّقائِصِ والعُيُوبِ كلِّها.</p>","<p class=""ql-direction-rtl ql-align-right""><span class=""ql-font-vazirmatn""><span class=""ql-cursor"">﻿</span>  </span>∎ قال ابنُ القيم: (واسمُهُ ""الطَّيِّب""، ولا يَصدرُ عنه إلا طَيِّب، لا يَصعَدُ إليه إلا طَيِّب، ولا يقربُ منه إلا طيب، .. فالطيبات كلُّها له، ومضافةٌ إليه، وصادرةٌ عنه، منتهيةٌ إليه).</p><p>∎ قال ابنُ رجب: (والمَعنى أنَّ الله تعالى مُقَدَّسٌ مُنَزَّهٌ عن النَّقائِصِ والعُيُوبِ كلِّها).</p><p class=""ql-align-justify""><br></p><p class=""ql-align-justify""><br></p><p class=""ql-align-justify""><br></p>",#28171a,https://app.isokoon.com/upload/voices/f198a40ceb78e2b4d842470cff63f6ff.mp3,https://app.isokoon.com/upload/images/hgPMUAjoXS7jjgdM3sSccy73FlUSzPsNcEJB84Fa.jpg,https://app.isokoon.com/upload/images/U3y96e1YS5Ruqb655ccRjaO0au5ctRmhpeW5npbf.svg
138,394,الأعلى,Al-A‘la,"<p class=""ql-direction-rtl ql-align-right""><span class=""ql-cursor"">﻿</span>  اسمٌ دَالٌّ على ثُبُوتِ جميعِ معاني العُلُوِّ للَّهِ مِن كُلِّ وَجهٍ، عُلُوّ الذَّاتِ، وعُلُوّ القَدْرِ، وعُلُوّ القَهْر.</p>","<p class=""ql-direction-rtl ql-align-right""><span class=""ql-font-vazirmatn""><span class=""ql-cursor"">﻿</span>  </span>∎ قال ابنُ تيمية: (والرَّبُّ تعالى لا يَكونُ شيءٌ أَعْلى مِنه قَطّ، بَلْ هُوَ العَلِيُّ الأَعْلى، ولا يَزالُ هو العليُّ الأعلى مع أنّه يَقْرُبُ إلى عِبادِهِ ويَدْنُو مِنهم).</p><p>∎ قال ابنُ القيم: (هو ""الأَعلى"" بِكُلِّ مَعْنىً مِن مَعاني العُلُوّ).</p><p>∎ قال السعديُّ: (دَالٌّ على أنَّ جَميعَ معاني العُلُوّ ثابتةٌ للهِ من كُلِّ وَجْهٍ).</p><p><br></p><p><br></p>",#1b221b,https://app.isokoon.com/upload/voices/2e32c6096ac8b64ca09b32cb40e07fad.mp3,https://app.isokoon.com/upload/images/pYicu4IR92Yf773flvaTQZlMy0nZuPpipxv5AcGk.jpg,https://app.isokoon.com/upload/images/5uFAi5WFxTaIYDbNu8aEh5x8fLVu4n0SajlsnbGr.svg
141,395,القدير,Al-Qadīr,"<p class=""ql-direction-rtl ql-align-right""><span class=""ql-cursor"">﻿</span>  ذُو القُدرةِ الكامِلةِ الذي لا يَعتريْهِ عَجْزٌ ولا فُتُورٌ.</p>","<p class=""ql-direction-rtl ql-align-right""><span class=""ql-font-vazirmatn""><span class=""ql-cursor"">﻿</span>  </span>∎ قال ابنُ تيمية: (""القَدِيرُ"" يَدُلُّ على القُدرة، .. ومِن أسمائِهِ ""القدير""، والقُدرة تَستَلْزِمُ مِن قُدرتِهِ على المخلوقات ما لا يَدُلُّ عليه العِلْم، وخَلقُهُ للمخلوقات يَدُلُّ على قُدرتِهِ أَبلغُ مِن دلالتِهِ على عِلمِهِ).</p><p>∎ قال ابنُ القيم: (""القَديرُ"" الذي ليس كمثله شيءٌ في قُدرتِهِ).</p><p>∎ قال السعدي: (""القَدير"" كاملُ القُدرةِ، بقدرتِهِ أَوْجَدَ المَوجودات، وبقدرتِهِ دَبَّرَها، وبقدرته سوَّاها وأَحْكَمَها، وبقدرتِهِ يُحيِي ويُميت، ويبعثُ العبادَ للجزاء، ويجازي المُحسنَ بإحسانه، والمُسيءَ بإساءته، الذي إذا أرادَ شيئًا قال له: كن فيكون، وبقدرتِهِ يُقَلِّبُ القلوبَ ويُصَرِّفُها على ما يشاء ويُريد).</p><p class=""ql-align-justify""><br></p><p class=""ql-align-justify""><br></p><p class=""ql-align-justify""><br></p>",#241A19,https://app.isokoon.com/upload/voices/63287058d2587b0baf4b294a7abafecf.mp3,https://app.isokoon.com/upload/images/xWnR7E2gjmNucng7fzOYW2VXkAAScpavxOfdq1v7.jpg,https://app.isokoon.com/upload/images/yekqTQf7KJruvjSOQ11Hfcz62tDsMb8JP4mEN1GR.svg
144,325,المنان,Al-Mannān,"<p class=""ql-direction-rtl ql-align-right""><span class=""ql-cursor"">﻿</span>  المُنعِمُ المُعطي عظيمُ المَواهبِ الذي يَجودُ بالنِّعمةِ قبلَ سؤالِها، واسمٌ</p>","<p class=""ql-direction-rtl ql-align-right""><span class=""ql-font-vazirmatn""><span class=""ql-cursor"">﻿</span>  </span>∎ قال الخَطَّابِيُّ: (وأَمَّا ""المَنَّان"" فهو كثير العطاء).</p><p>∎ قال ابنُ تيمية: (و ""المَنَّان"" الذي يَجودُ بالنوالِ قبلَ السؤال).</p><p>∎ قال ابنُ القيم: ([الذي] ما طاب العيشُ إلا بِمِنَّتِهِ، وكلُّ نعمةٍ منه في الدنيا والآخرة فهي مِنَّةٌ يَمُنُّ بها على مَن أَنعَمَ عليه).</p><p><br></p><p><br></p>",#181a21,https://app.isokoon.com/upload/voices/449d6cd213e6c2bd623b407dd8c20532.mp3,https://app.isokoon.com/upload/images/wACPs8XQIOf7D25ImCz0jcdaO9o5bmTKsv04cYVd.jpg,https://app.isokoon.com/upload/images/CB6SrCmwHFbOeGXxrgjHEFhX5eYCa9D1YUywYncr.svg
177,396,المحيط,Al-Muhīt,"<p class=""ql-direction-rtl ql-align-right""><span class=""ql-cursor"">﻿</span>  اسمٌ دَالٌّ على علو الله على خلقه، وإِحاطته بِكُلِّ شيءٍ عِلْمًا وقُدرةً وقَهرًا.</p>","<p class=""ql-direction-rtl ql-align-right""><span class=""ql-font-vazirmatn""><span class=""ql-cursor"">﻿</span>  </span>∎ قال الخَطَّابِي: (هو الذي أَحَاطَتْ قدرتُهُ بِجميعِ خَلقِهِ، وهو الذي أَحَاطَ بِكُلِّ شيءٍ عِلْمًا، وأَحصَى كلَّ شيءٍ عَدَدًا).</p><p>∎ قال ابنُ القيم: (فإنه سبحانه مُحيطٌ بالعالَمِ كلِّه، وأنَّ العالَمَ العُلويَّ والسُّفْلِيَّ في قَبضَتِهِ كما قال تعالى: ﴿والله من ورائهم محيط﴾، فإذا كان مُحيطًا بالعالَمِ فهو فوقَه بالذات، عالٍ عليه مِن كلِّ وجهٍ وبِكلِّ مَعنى، فالإحاطةُ تَتَضَمَّنُ العُلوَّ والسعةَ والعَظَمَةَ).</p><p>∎ قال السعدي: (المُحيطُ بِكلِّ شيءٍ عِلمًا وقُدرةً ورحمةً وقهرًا).</p><p class=""ql-align-justify""><br></p><p class=""ql-align-justify""><br></p><p class=""ql-align-justify""><br></p>",#171c22,https://app.isokoon.com/upload/voices/11f8fccb53a1bfc6d5b8954bd6cf6706.mp3,https://app.isokoon.com/upload/images/vYLS3RbJMUAQTfv5Pdl2rFX4ziz9sc8XbzZfnlGc.jpg,https://app.isokoon.com/upload/images/V40LatAnJKsXOeP61OJNFN7f8iRhcPtyR4dY46HG.svg
179,397,الأكرم,Al-Akram,"<p class=""ql-direction-rtl ql-align-right""><span class=""ql-cursor"">﻿</span>  كثيرُ الخيرِ والعطاء، الذي بيدِهِ الخيرُ كلُّه، وكلُّ خيرٍ منه سبحانه.</p>","<p class=""ql-direction-rtl ql-align-right""><span class=""ql-font-vazirmatn""><span class=""ql-cursor"">﻿</span>  </span>∎ قال ابنُ تيمية: ([الذي] يُنعِم على المخلوقين، ويوصِلُهُم إلى الغايات المحمودة، .. ولفظُ الكَرَمِ لفظٌ جامِعٌ للمحاسِنِ والمحامِد، لا يُرادُ به مُجردُ الإعطاء، بل الإعطاءُ مِن تَمامِ معناه، فإنّ الإحسانَ إلى الغيرِ تمامُ المحاسن، والكرم كثرةُ الخيرِ ويسرته).</p><p>∎ قال ابنُ القيم: (هو الأفْعَل مِن الكَرَم، وهو كَثْرَةُ الخير، ولا أحد أولى بذلك منه سبحانه، فإنّ الخيرَ كلَّه بيديه والخير كله منه).</p><p class=""ql-align-justify""><br></p><p class=""ql-align-justify""><br></p><p class=""ql-align-justify""><br></p>",#1d2727,https://app.isokoon.com/upload/voices/0af0b8f013fcd58c936d056d1afb192a.mp3,https://app.isokoon.com/upload/images/kiWgS4LgtuFUfdN4ZU8pBmHfdJqcykg6DnxepbDx.jpg,https://app.isokoon.com/upload/images/I5m7RbNG34wJhIQLV2N9sJfW04B9Og3VPBDI2aMR.svg
180,398,الإله,Al-Ilāh,"<p class=""ql-direction-rtl ql-align-right""><span class=""ql-cursor"">﻿</span>  الجامع لجميع صفات الكمال ونعوت الجلال، المعبودُ الذي لا يَستحقُّ العبادةَ أحدًا سواه.</p>","<p class=""ql-direction-rtl ql-align-right""><span class=""ql-font-vazirmatn""><span class=""ql-cursor"">﻿</span>  </span>∎ قال ابنُ تيمية: (""الإلهُ"" هو الذي يُؤلَه فيُعبد، محبةً وإنابةً وإجلالًا وإكرامًا).</p><p>∎ قال ابنُ القيم: (أَمَّا ""الإلهُ"" فهو الجامِعُ لجميعِ صفاتِ الكمالِ ونُعُوتِ الجلال، فيدخُلُ في هذا الاسم جميعُ الأسماء الحسنى).</p><p>∎ قال السعدي: (""الإلهُ"" هو الجامع لجميع صفات الكمال ونعوت الجلال، فقد دخل في هذا الاسم جميع الأسماء الحسنى).</p><p class=""ql-align-justify""><br></p><p class=""ql-align-justify""><br></p><p class=""ql-align-justify""><br></p>",#161f25,https://app.isokoon.com/upload/voices/a929de24469b8d2f37443e2c98d3710a.mp3,https://app.isokoon.com/upload/images/pfjBK9354u0jAqQaZm3yEGTxUvhPajgpXAlFkbRQ.jpg,https://app.isokoon.com/upload/images/FJolQ6AA6bidsL83l3eJgXhL2KuILPilNdylVjxl.svg
192,399,النصير,An-Nasīr,"<p class=""ql-direction-rtl ql-align-right""><span class=""ql-cursor"">﻿</span>  الذي يَنصُرُ عِبادَهُ المُؤمنين ويُعِينُهُم.</p>","<p class=""ql-direction-rtl ql-align-right""><span class=""ql-font-vazirmatn""><span class=""ql-cursor"">﻿</span>  </span>∎ قال التيمي: (ومعناه: يَنصُرُ المؤمنين على أعدائهم، ويُثبِّتُ أقدامَهم عند لقاء عدوِّهم، ويُلقي الرعبَ في قُلُوبِ عدوِّهم).</p><p>∎ قال ابنُ تيمية: (وهو الهادي النصير، .. ويَنصُرُ رسلَه والذين آمنوا في الحياة الدنيا ويومَ يقومُ الأشهاد).</p><p>∎ قال الحَلِيمي: (المَوثوق منه بألَّا يُسلِم وليَّه ولا يَخذُلُهُ).</p><p class=""ql-align-justify""><br></p><p class=""ql-align-justify""><br></p><p class=""ql-align-justify""><br></p>",#1f1922,https://app.isokoon.com/upload/voices/245083d6256bbad458572b239bc720f3.mp3,https://app.isokoon.com/upload/images/CcDbs9w6ft8u2NsQGctJSNfIRMB2pBVVUxIRuAs6.jpg,https://app.isokoon.com/upload/images/CIAnqh3TJMQi3kHAJ9qWkq2YJFEMT2Zi3EBVKmef.svg
220,400,المولى,Al-Mawla,"<p class=""ql-direction-rtl ql-align-right""><span class=""ql-cursor"">﻿</span>  مولى الخلق أجمعين بمعنى أنه سيدهم ومالكهم وخالقهم ومعبودهم الحق، ومولى عباده المؤمنين، يحبهم ويوفقهم وينصرهم ويُوصِلُ إليهم مصالحَهم، ويُيَسِّرَ لهم منافِعَهم الدينيّة والدنيويّة.</p>","<p class=""ql-direction-rtl ql-align-right""><span class=""ql-font-vazirmatn""><span class=""ql-cursor"">﻿</span>  </span>∎ قال الحَلِيمي: (المَأمولُ منه النصرُ والمَعَوْنةُ؛ لأنه هو المَالك).</p><p>∎ قال ابنُ القيم: (وهو نِعْم المَولى ونِعم النصير، فَمَن تَوَّلاه واستَنصرَ به وتَوَكَّلَ عليه وانقطعَ بِكُلِّيَّتِهِ إليه تَوَلّاه وحفظَه وحَرَسَه وصانَه).</p><p>∎ قال السعدي: (الذي يَتَولّى عبادَه المؤمنين، ويُوصِلُ إليهم مصالحَهم، ويُيَسِّرَ لهم منافِعَهم الدينيّة والدنيويّة).</p><p class=""ql-align-justify""><br></p><p class=""ql-align-justify""><br></p><p class=""ql-align-justify""><br></p>",#121a1e,https://app.isokoon.com/upload/voices/d9e0350cd3a309a5ceec455da4339d5a.mp3,https://app.isokoon.com/upload/images/DfFqv4bxui8zxnQjRA9Qjykf7QLgx7zjR1dbuqej.jpg,https://app.isokoon.com/upload/images/jnweI5vR3qudWf1y4qzTN0TOqMmiHGOfGB1HlG2E.svg
221,401,الحيي,Al-Hayiyy,"<p class=""ql-direction-rtl ql-align-right""><span class=""ql-cursor"">﻿</span>  كَثِيرُ الحياء، وهو وَصْفٌ يَليقُ به ليس كحياءِ المَخلوقين بل هو تركُ ما ليس يتناسب مع سعِة رحمته، وكمالِ جوده وكرمه، وعظيم عفوه وحلمه.</p>","<p class=""ql-direction-rtl ql-align-right""><span class=""ql-font-vazirmatn""><span class=""ql-cursor"">﻿</span>  </span>∎ قال ابنُ القيم: (حَيِيٌّ يُحِبُّ أهلَ الحياءِ)، وقال في موضع آخر: (حياءُ الرَّبِّ تعالى مِن عبدِهِ فذاك نوعٌ آخَرُ لا تُدْرِكُهُ الأفهامُ ولا تُكَيِّفُهُ العقولُ، فإنه حياءُ كَرَمٍ وبِرٍّ وجُودٍ وجلالٍ).</p><p>∎ قال السعدي: (وهو الحَيِيّ، يُحِب أهلَ الحياء؛ ولهذا يَكرَهُ مِن عبدِهِ إذا فعل معصيةً أن يُذيعَها، بل يتوبُ إليه فيما بينه وبينه ولا يُظهرها للناس).</p><p class=""ql-align-justify""><br></p><p class=""ql-align-justify""><br></p><p class=""ql-align-justify""><br></p>",#212621,https://app.isokoon.com/upload/voices/fd7797b03e151d9635b866161ab1799d.mp3,https://app.isokoon.com/upload/images/zmKzDq2FocSqLCNw74lXi7DI7ibqnx4F4jwCP5tJ.jpg,https://app.isokoon.com/upload/images/WzjdToOFn3EQ1wd7OpevuXIYNPDXuls3AEmvalvx.svg
222,402,المحسن,Al-Muhsin,"<p class=""ql-direction-rtl ql-align-center"">  المُتَفَضِّلُ على عبادِهِ بأصنافِ النِّعَمِ الظاهرةِ والباطِنةِ.</p>","<p class=""ql-direction-rtl ql-align-justify""><span class=""ql-font-vazirmatn"">  </span>∎ قال ابنُ تيمية: (وأهلُ السُّنَّة يقولون: هو مُحسِنٌ إلى العبدِ متفضِّلٌ عليه، بأنْ أَرْسَل إليه الرسولَ ﷺ ، وأنْ جَعَلَ له السمعَ والبصرَ والفؤادَ الذي يعقلُ به، وأنْ هداه للإيمان، وأنْ أماتَه عليه، فكُلُّ هذا إحسانٌ منه إلى المؤمِن وتَفَضلٌ عليه).</p><p class=""ql-align-justify"">∎ قال ابنُ القيم: (لا محسن على الحقيقةِ بأصنافِ النِّعمِ الظاهرةِ والباطنةِ إلا [الله]).</p><p class=""ql-align-justify"">∎ قال البَرَّاك: (المُنْعِمُ بِجميعِ النِّعَم).</p><p class=""ql-align-justify""><br></p><p class=""ql-align-justify""><br></p><p class=""ql-align-justify""><br></p>",#171412,https://app.isokoon.com/upload/voices/86d4a12f82ac1ea2c48af1b13cdfd6b2.mp3,https://app.isokoon.com/upload/images/pfRJmgUe28V7CL5wQ4S2pWPsemwaNXmTlYJrBh4a.jpg,https://app.isokoon.com/upload/images/7O1eMOOVXR2sJ3DIf9HvIe4oPqEt3AYe1G3IPL5q.svg
