id,gods_name_id,lang,name,short_meaning_key,short_meaning_val,meanings_key,meanings_val
162,278,ar,Allāh,المعنى المختصر,"<p class=""ql-direction-rtl ql-align-center"">الإلهُ المعبودُ بحقٍّ، محبةً ورجاءً وخوفًا، الجامع لجميع معاني أسماء الله الحسنى، والمتضمن لسائر صفات الله تعالى.</p>",أقوال العلماء,"<p class=""ql-direction-rtl ql-align-right""><span class=""ql-font-vazirmatn""><span class=""ql-cursor"">﻿</span>  </span>∎ قال ابنُ تيمية: (""اللهُ"" هو الإلهُ المعبودُ، فهذا الاسمُ أحقُّ بالعبادة).</p><p class=""ql-direction-rtl ql-align-right"">∎ قال ابنُ القيم: (اسمُ ""الله"" دالٌّ على كونِهِ مَألوهًا مَعبودًا، تُؤلِّهُهُ الخلائقُ محبةً وتعظيمًا وخضوعًا، وفزعًا إليه في الحوائجِ والنوائبِ).</p><p class=""ql-direction-rtl ql-align-right"">∎ قال السعدي: (""الله"" هو المَألوهُ المعبود، ذو الألوهية والعبودية على خلقه أجمعين؛ لما اتصف به من صفات الألوهيةِ التي هي صفات الكمال).</p>"
163,279,ar,Ar-Rahmān,المعنى المختصر,"<p class=""ql-direction-rtl ql-align-right""><span class=""ql-cursor"">﻿</span>ذو الرحمةِ الواسعةِ العظيمةِ التي وَسِعَتْ كلَّ شيء.</p>",أقوال العلماء,"<p class=""ql-direction-rtl ql-align-right""><span class=""ql-font-vazirmatn""><span class=""ql-cursor"">﻿</span>  </span>∎ قال ابنُ تيمية: (هو المُسمّى بِصِفَةِ الرَّحمة).</p><p>∎ قال السعدي: (ذو الرحمةِ الواسعةِ العظيمةِ التي وَسِعَتْ كلَّ شيء).</p><p><br></p>"
164,280,ar,Ar-Rahīm,المعنى المختصر,"<p class=""ql-direction-rtl ql-align-right"">  ذو الرّحمةِ العظيمةِ المُتَعَلِّقةِ بالمرحوم، الذي له الرحمة الواسعة بعباده، وأسعد الخلق بها المؤمنون والمحسنون والرحماء.</p>",أقوال العلماء,"<p class=""ql-direction-rtl ql-align-right""><span class=""ql-font-vazirmatn""><span class=""ql-cursor"">﻿</span>  </span>∎ قال ابنُ تيمية: (هو الذي يَرحمُ العِبادَ بِمشيئتِهِ وقُدرتِه).</p><p>∎ قال السعدي: (""الرحيمُ"" ذو الرحمةِ العظيمةِ التي اتصفَ بها، المُتَعَلِّقةِ بالمرحوم).</p>"
165,281,ar,Al-Malik,المعنى المختصر,"<p class=""ql-direction-rtl ql-align-right""><span class=""ql-cursor"">﻿</span>  الموصوفُ بِصفاتِ العظمةِ والقهر والتدبير، المالك لجميع الأشياء المتصرف فيها بلا ممانعة ولا مدافعة، الذي له ملك السماوات والأرض ومن فيهن، المدبِّر لأمر العالم كله بمشيئته وحكمته.</p>",أقوال العلماء,"<p class=""ql-direction-rtl ql-align-right""><span class=""ql-font-vazirmatn"">  </span>∎ قال ابنُ تيمية: (الذي يَتصرَّفُ بِالأمر).</p><p>∎ قال ابنُ القيم: (الذي يَأمرُ ويَنهى، ويُثِيبُ ويُعاقب، ويُهِينُ ويُكْرِم، ويُعِزُّ ويُذِلُّ).</p><p>∎ قال السعدي: (المالكُ الذي له المُلْكُ، فهو الموصوفُ بِصِفةِ المُلْكِ وهي صفاتُ العظمة والكبرياء والقهر والتدبير، الذي له التصرُّفُ المطلق في الخَلْقِ والأَمْر والجَزَاء).</p>"
166,282,ar,Al-Quddūs,المعنى المختصر,"<p class=""ql-direction-rtl ql-align-right""><span class=""ql-cursor"">﻿</span>  المُعَظَّم المُنَزَّهُ عن صِفاتِ النَّقصِ كلِّها، وعن كلّ نقصٍ وعيب بأيّ وجه من الوجوه، وأنْ يُماثِلَه أحدٌ من الخلق؛ وذلك لأنه المنفرد بأوصاف الكمال المطلق.</p>",أقوال العلماء,"<p class=""ql-direction-rtl ql-align-right""><span class=""ql-font-vazirmatn""><span class=""ql-cursor"">﻿</span>  </span>∎ قال ابنُ تيمية: (المُتَنَزِّهُ أنْ يُماثِلَه شيءٌ في نُعُوتِ الكَمَال أو يَلحَقَه شيءٌ من الآفات).</p><p>∎ قال ابنُ القيم: (المُنَزَّهُ مِن كلِّ شرٍّ ونَقْصٍ وعيب).</p><p>∎ قال السعدي: (المُعَظَّم المُنَزَّهُ عن صِفاتِ النَّقصِ كلِّها، وأنْ يُماثِلَه أحدٌ من الخلق؛ فهو المُتَنَزِّهُ عن جميعِ العيوب، والمتنزهُ عن أنْ يُقارِبَه أو يماثلَه أحدٌ في شيءٍ من الكمال).</p>"
167,283,ar,As-Salām,المعنى المختصر,"<p class=""ql-direction-rtl ql-align-right""><span class=""ql-cursor"">﻿</span>  السَّالِمُ مِن كلِّ نَقصٍ وآفَةٍ وعَيْب، في ذاته وفي صفاته وفي أسمائه وأفعاله، وكل سلام في الدنيا والآخرة فهو منه سبحانه وتعالى.</p>",أقوال العلماء,"<p class=""ql-direction-rtl ql-align-right""><span class=""ql-font-vazirmatn""><span class=""ql-cursor"">﻿</span>  </span>∎ قال ابنُ تيمية: (المُقَدَّسُ عن العَيبِ والنَّقْص).</p><p>∎ قال ابنُ القيم: (الذي سَلِمَ مِن العُيوبِ والنَّقائِصِ).</p><p>∎ قال السعدي: (المُعَظَّمُ المُنَزَّهُ عن صفاتِ النقصِ كلِّها، وأَنْ يُماثِلَه أحدٌ مِن الخَلْق، فهو المُتَنَزِّهِ عن جميعِ العُيوب، والمُتنزّه عن أَنْ يُقارِبَه أو يُماثِلَه أحدٌ في شيءٍ مِن الكَمال).</p><p><br></p>"
168,284,ar,Al-Muhaymin,المعنى المختصر,"<p class=""ql-direction-rtl ql-align-right""><span class=""ql-cursor"">﻿</span>  القائِمُ على الخَلْق، والحاكم عليهم، والمُتصَرِّفُ فيهم، والحافظ لهم، والشاهد عليهم، والمحيط بهم، الذي أحاطَ بِكُلِّ شيءٍ عِلْمًا.</p>",أقوال العلماء,"<p class=""ql-direction-rtl ql-align-right""><span class=""ql-font-vazirmatn""><span class=""ql-cursor"">﻿</span>  </span>∎ قال ابنُ تيمية: (الحَاكِمُ على الناسِ القائِمُ بأمورِهِم).</p><p>∎ قال البَغويُّ: (الشَّهِيدُ على عِبادِهِ بأعمالِهِم).</p><p>∎ قال السعديُّ: (المُطَّلِعُ على خَفايا الأمورِ، وخَبايا الصُّدُور، الذي أحاطَ بِكُلِّ شيءٍ عِلْمًا).</p><p><br></p><p><br></p>"
169,285,ar,Al-‘Azīz,المعنى المختصر,"<p class=""ql-direction-rtl ql-align-right""><span class=""ql-cursor"">﻿</span>  الذي له العِزَّةُ التّامّة، والذي قَهَرَ كُلَّ ما عداه بِقُوَّتِهِ وغَلَبَتِهِ وامتِناعِهِ، القوي الغالب الذي لا يهزم، الجليل الرفيع الشأن السالم من الذُّل، وللعبد من العزَّة والرفعة بقدر طاعته للعزيز سبحانه وتعالى.</p>",أقوال العلماء,"<p class=""ql-direction-rtl ql-align-right""><span class=""ql-font-vazirmatn""><span class=""ql-cursor"">﻿</span>  </span>∎ قال ابنُ تيمية: (مَن له العِزّةُ جميعًا، وكلُّ عِزَّةٍ فمِن عِزّتِهِ).</p><p>∎ قال ابنُ القيم: (العزيزُ الذي له العِزَّةُ التَّامّة).</p><p>∎ قال السعدي: (العزيزُ الذي له العِزَّةُ كلُّها، عِزّةُ القوة، وعِزةُ الغلبة، وعِزة الامتناع).</p><p><br></p>"
170,286,ar,Al-Jabbār,المعنى المختصر,"<p class=""ql-direction-rtl ql-align-right""><span class=""ql-cursor"">﻿</span>  العالي على خلقه، المسيطرُ على كلِّ شيءٍ، الذي دَانَ له كلُّ شيء وخَضَعَ له، والذي يَجبُرُ مَن التَجأَ إليه، العظيم الذي يُنفِذ مشيئته على سبيل الإجبار والقهر في كل أحد، الذي يَجبُرُ الفقيرَ بالغنى، والمريضَ بالصّحة، والمحتاجَ بالعطاء.</p>",أقوال العلماء,"<p class=""ql-direction-rtl ql-align-right""><span class=""ql-font-vazirmatn""><span class=""ql-cursor"">﻿</span>  </span>∎ قال ابنُ تيمية: (الرَّبُّ هو الجَبَّارُ عليهِم المُسَيْطِر، وذلك يَستلزِمُ قدرتَه عليهم).</p><p>∎ قال ابن القيم: (فالجَبَّارُ في صِفةِ الربِّ سبحانه تَرجِعُ إلى ثلاثةِ مَعَانٍ: المُلْك والقَهْر والعُلُو).</p><p>∎ قال السعدي: (الجَبَّارُ بِمعنى العَلِيِّ الأعلى، وبمعنى القَهّار، وبمعنى الرَّؤوف الجَبّارُ للقُلُوبِ المُنْكَسِرة، وللضعيفِ العاجِزِ، ولِمَن لاذَ به ولَجَأَ إليه).</p><p class=""ql-align-justify""><br></p><p class=""ql-align-justify""><br></p><p class=""ql-align-justify""><br></p>"
171,287,ar,Al-Mutakabbir,المعنى المختصر,"<p class=""ql-direction-rtl ql-align-right""><span class=""ql-cursor"">﻿</span>  المتعالي العظيم المُتعاظِم عن كل سوء ونقص وعيبِ؛ لِكمالِهِ وجلالِهِ، المتعالي عن ظلم عباده، القاهر لعتاة خلقه، المتصف بالكبرياء، ومن نازعه في ذلك قصمه وعذّبه.</p>",أقوال العلماء,"<p class=""ql-direction-rtl ql-align-right""><span class=""ql-font-vazirmatn""><span class=""ql-cursor"">﻿</span>  </span>∎ قال ابنُ تيمية: (المُتَعالي بالحقِّ ليس كالملوكِ الجبارين المُتكبرين بالباطلِ على بَني جِنسِهِم).</p><p>∎ قال ابنُ القيم: (قال قتادةُ وغيرُه: الذي تَكَبَّرَ عن السيئاتِ، وقال مُقاتِل: المُتَعظِّمِ عن كلِّ سوء).</p><p>∎ قال السعدي: (المُتكبر عن السوء والنقص والعيوب؛ لعظمتِهِ وكبريائِهِ).</p><p><br></p><p><br></p><p><br></p>"
172,288,ar,Al-Khāliq,المعنى المختصر,"<p class=""ql-direction-rtl ql-align-right""><span class=""ql-cursor"">﻿</span>  مُوْجِدُ الموجودات كلِّها ومُخْتَرِعُها ومبدعها على غَيرِ مِثالٍ سابِقٍ.</p>",أقوال العلماء,"<p class=""ql-direction-rtl ql-align-right""><span class=""ql-font-vazirmatn""><span class=""ql-cursor"">﻿</span>  </span>∎ قال ابنُ تيمية: (الخَالِقُ يَقْتَضِي الإبْدَاعَ والتَّقْدِيرَ).</p><p>∎ قال ابنُ القيم: (اللهُ سبحانه بِذاتِهِ وصفاتِهِ الخَالقُ، وكُلُّ ما عَدَاه مَخلوقٌ، وذلك عُمُومٌ لا تَخْصيصَ فيه بِوَجْهٍ، إذ ليس إلا الخالقُ والمخلوقُ، واللهُ وحدَهُ الخالقُ وما سِواهُ كُلُّهُ مَخْلوقٌ).</p><p>∎ قال السعديُّ: (الذي خَلَقَ جَميعَ المَوجَوداتِ).</p><p><br></p><p><br></p><p><br></p>"
173,289,ar,Al-Qahhār,المعنى المختصر,"<p class=""ql-direction-rtl ql-align-right""><span class=""ql-cursor"">﻿</span>  الذي خَضَعَتْ له جميعُ الكائِنات، وذَلَّتْ له جميعُ المخلوقات، ودَانَتْ لقدرتِهِ ومشيئتِهِ، المذلّ عباده والمستعبد خلقه، العالي عليهم، الغالب الذي خضعت له الرقاب وعنت له الوجوه، والقهّار مبالغة من القاهر.</p>",أقوال العلماء,"<p class=""ql-direction-rtl ql-align-right""><span class=""ql-font-vazirmatn""><span class=""ql-cursor"">﻿</span>  </span>∎ قال الحَليمي: (الذي يَقهر ولا يُقهر بحال).</p><p>∎ قال الخطابي: (الذي قهر الجبابرة من عتاة خلقه بالعقوبة، وقهر الخلق كلهم بالموت).</p><p>∎ قال ابن القيم في نونيته:</p><p>(وَكذلِكَ القّهَّارُ مِنْ أوْصَافِهِ</p><p>فَالخَلْقُ مَقْهُورُونَ بِالسُّلْطَانِ</p><p>لَوْ لَمْ يَكُنْ حَيًّا عَزِيزًا قَادِرًا</p><p>مَا كَانَ مِنْ قَهْرٍ وَمِنْ سُلْطانِ).</p><p><br></p><p><br></p>"
174,290,ar,Al-Wahhāb,المعنى المختصر,"<h4 class=""ql-direction-rtl ql-align-right""><span class=""ql-cursor"">﻿</span> هو واسِعُ العَطَايا والهِبَات، الذي شَملَ الكائناتِ بأسرِها بِكَرَمِهِ وجُودِهِ، كثير المواهب لخلقه فضلًا منه وإحسانًا.</h4>",أقوال العلماء,"<p class=""ql-direction-rtl ql-align-right""><span class=""ql-font-vazirmatn""><span class=""ql-cursor"">﻿</span>  </span>∎ قال الخَطّابي: (هو الذي يَجودُ بالعطاءِ عن ظَهرِ يَدٍ مِن غيرِ استثابة).</p><p>∎ قال ابنُ القيم في نونيته:</p><p>(وكذلك الوَهّابُ مِن أسمائِهِ</p><p>فانظر مَواهِبَه مَدى الأزمانِ</p><p>أهلُ السماواتِ العلى والأرضِ عن</p><p>تلك المَوَاهِبِ ليس يَنْفَكَّانِ).</p><p>∎ قال السعدي: (واسِعُ العطايا والهِبات، كثيرُ الإحسانِ الذي عَمَّ جُودُكَ جميعَ البَرِيَّات).</p>"
175,291,ar,Ar-Razzāq,المعنى المختصر,"<p class=""ql-direction-rtl ql-align-right"">  المُتَكَفِّلُ بأرزاقِ العبادِ التي بِها قوامُ قُلوبِهِم وأبدانِهِم، والمتكفل برزق مَن في السماوات والأرض برًا كان أو فاجرًا، ثم يرزق أولياءه رزقًا خاصًا بقلوبهم فيزيدها إيمانًا وحكمةً، وينمي أجسادهم بالرزق الحلال، وهو اسم دالٌ على كثرة رزقه لخلقه</p>",أقوال العلماء,"<p class=""ql-direction-rtl ql-align-right""><span class=""ql-font-vazirmatn""><span class=""ql-cursor"">﻿</span>  </span>∎ قال ابنُ تيمية: (يَرزُقُ ولا يُرْزَق، يَرزُقُ عبادَهُ ويَنصُرُهُم ويَهدِيهِم ويُعافِيهم، بما خَلَقَه مِن الأسباب التي هي مِن خلقِهِ، والتي هي مُفتَقِرةٌ إليه كافتقارِ المُسَبَّبَاتِ إلى أسبابِها).</p><p>∎ قال ابنُ القيم: (رَزَقَ البَدَنَ الطعامَ والشرابَ، ورَزَقَ القَلبَ الإيمانَ والمَعرِفةَ).</p><p>∎ قال السعدي: (الرَّزّاقُ لِجَميعِ المخلوقات، فما مِن مَوجودٍ في العالَمِ العُلويِّ والعالَمِ السُّفْليِّ إلا مُتَمَتِّعٌ بِرزقِهِ مَغمورٌ بكَرَمِهِ).</p><p class=""ql-align-justify""><br></p><p class=""ql-align-justify""><br></p><p class=""ql-align-justify""><br></p>"
176,292,ar,Al-‘Alīm,المعنى المختصر,"<p class=""ql-direction-rtl ql-align-right""><span class=""ql-cursor"">﻿</span> المُحِيْطُ عِلْمُهُ بِكُلِّ شيءٍ.</p>",أقوال العلماء,"<p class=""ql-direction-rtl ql-align-right""><span class=""ql-font-vazirmatn""><span class=""ql-cursor"">﻿</span> </span>∎ قال ابنُ تيمية: (العالِم بالمعلومات، ولا يَعلَمُ أحدٌ شيئًا إلا بِتَعْلِيمِهِ).</p><p>∎ قال ابنُ القيم: (العَلِيمُ الذي سَلِمَ عِلْمُهُ أنْ يَعْزُبَ عنه مِثقالُ ذَرَّةٍ، أو يَغِيْبَ عنه مَعلومٌ مِن المَعلومات).</p><p>∎ قال السعدي: (هو الذي أَحَاطَ عِلْمُهُ بِالظَّواهرِ والبَوَاطِنِ، والإِسرارِ والإعلانِ، والوَاجِباتِ والمُستَحيلات والمُمْكِنَاتِ، وبالعَالَمِ العُلْويِّ والسُّفْلِي، وبالماضِي والحاضِرِ والمُستَقبل، فلا يَخْفى عليه شيءٌ من الأشياء).</p><p class=""ql-align-justify""><br></p><p class=""ql-align-justify""><br></p><p class=""ql-align-justify""><br></p>"
177,293,ar,As-Samī‘,المعنى المختصر,"<p class=""ql-direction-rtl ql-align-right""><span class=""ql-cursor"">﻿</span>  الذي يُدْرِكُ جميعَ المَسموعات، ويَسمعُ السِّرَّ والنَّجوى، سواء عنده الجَهْر والخُفُوت، والنُّطْق والسُّكُوت، بل بكل الأصوات مهما دقّت أو عظمت، وهو المجيب لمن دعاه.</p>",أقوال العلماء,"<p class=""ql-direction-rtl ql-align-right""><span class=""ql-font-vazirmatn""><span class=""ql-cursor"">﻿</span>  </span>∎ قال ابنُ تيمية: (يَسمعُ ضجيجَ الأصوات، باختلافِ اللغات، على تَفَنُّنِ الحاجات، لا يَشغَلُهُ سَمْعٌ عن سَمع، ولا تُغلطه المسائل، ولا يَتَبَرَّمُ بإلحاحِ المُلِحِّين).</p><p>∎ قال ابنُ القيم: (الذي قد استوى في سمعِهِ سِرُّ القَولِ وجَهْرِهِ، ووَسِعَ سَمعُهُ الأصوات).</p><p>∎ قال السعدي: (الذي يَسمعُ جميعَ الأصواتِ باختلافِ اللغاتِ على تفننِ الحاجات، فالسِّرُّ عنده علانيةٌ، والبعيدُ عنده قَريبٌ).</p><p class=""ql-align-justify""><br></p><p class=""ql-align-justify""><br></p><p class=""ql-align-justify""><br></p>"
178,294,ar,Al-Latīf,المعنى المختصر,"<p class=""ql-direction-rtl ql-align-right""><span class=""ql-cursor"">﻿</span>  الذي لا تَخفى عليه الأشياءُ وإنْ دَقَّت، البَرُّ بِعبادِهِ الذي يَرفق بِهِم ويُوفِّقُهم لما فيه صلاحُهُم، واسم</p>",أقوال العلماء,"<p class=""ql-direction-rtl ql-align-right""><span class=""ql-font-vazirmatn""><span class=""ql-cursor"">﻿</span>  </span>∎ قال ابنُ تيمية: (الذي يُدرِك الدَّقِيقَ [من الأمور]).</p><p>∎ قال ابنُ القيم: (الذي لَطَفَ صُنْعُهُ وحكمتُهُ ودَقَّ، حتى عَجَزَت عنه الأفهام).</p><p>∎ قال السعدي: (الذي لَطفَ علمُهُ حتى أدرك الخفايا والخبايا، وما احتوت عليه الصدور، وما في الأراضي من خفايا البُذُور، ولَطَفَ بأوليائِهِ وأصفيائِهِ، فيَسَّرَهم لليُسرى وجنَّبَهم العُسرى، وسهّل لهم كلَّ طريقٍ يُوصل إلى مرضاتِهِ وكرامتِهِ، وحفظَهم من كلِّ سببٍ ووسيلةٍ توصل إلى سخطه، من طُرُقٍ يشعرون بها، ومن طرق لا يشعرون بها، وقَدَّرَ عليهم أمورًا يكرهونها ليُنِيلَهم ما يُحِبُّون، فلطف بهم في أنفسهم فأجراهم على عوائِدِهِ الجميلة وصنائعِهِ الكريمة، ولَطَف لهم في أمورٍ خارجةٍ عنهم، لهم فيها كلُّ خيرٍ وصلاحٍ ونجاح).</p><p class=""ql-align-justify""><br></p><p class=""ql-align-justify""><br></p><p class=""ql-align-justify""><br></p>"
179,295,ar,Al-Khabīr,المعنى المختصر,"<p class=""ql-direction-rtl ql-align-right""><span class=""ql-cursor"">﻿</span>  الذي أحاط عِلمُهُ بِبَواطِنِ الأشياءِ وخفاياها، كما أحاط بظواهرها.</p>",أقوال العلماء,"<p class=""ql-direction-rtl ql-align-right""><span class=""ql-font-vazirmatn""><span class=""ql-cursor"">﻿</span>  </span>∎ قال ابنُ تيمية: (الخَبِيْر بالأمور، المُطَّلِع على بواطِنِها).</p><p>∎ قال ابنُ القيم: (""الخَبير"" الذي انتهى علمُهُ إلى الإحاطةِ بِبواطِنِ الأشياءِ وخفاياها، كما أحاط بظواهِرِها).</p><p>∎ قال السعدي: (""الخَبير العَليم"" هو الذي أحاطَ علمُهُ بالظواهر والبواطِن، والإسرارِ والإعلان، والواجبات والمستحيلات والممكنات، وبالعالَمِ العُلويِّ والسُّفْليِّ، وبالماضي والحاضر والمستقبل، فلا يخفى عليه شيءٌ من الأشياء).</p><p class=""ql-align-justify""><br></p><p class=""ql-align-justify""><br></p>"
180,296,ar,Al-Halīm,المعنى المختصر,"<p class=""ql-direction-rtl ql-align-right""><span class=""ql-cursor"">﻿</span>  ذو الأَناةِ الذي لا يَعْجَلُ على عِبادِهِ بِعقوبَتِهِم على ذُنُوبِهِم، وهو الذي لا يُعجّل العقوبة على عباده مع قدرته على عقابهم، بل يصفح عنهم ويغفر لهم إذا استغفروه.</p>",أقوال العلماء,"<p class=""ql-direction-rtl ql-align-right""><span class=""ql-font-vazirmatn""><span class=""ql-cursor"">﻿</span>  </span>∎ قال ابنُ تيمية: (الذي قَدْ كَمُلَ في حِلْمِهِ).</p><p>∎ قال ابنُ القيم: (مَن عَظُمَ حِلْمُهُ [عن الجُناةِ]، .. ولا يُعاجِلُهُم بِالعُقُوبة).</p><p>∎ قال السعدي: (""الحَليمُ"" الذي له الحِلْمُ الكامل، والذي وَسِعَ حِلْمُهُ أهلَ الكُفرِ والفُسُوقِ والعِصْيانِ، ومَنَعَ عُقُوبَتَه أنْ تَحِلَّ بأهلِ الظُّلمِ عاجلًا).</p><p class=""ql-align-justify""><br></p><p class=""ql-align-justify""><br></p><p class=""ql-align-justify""><br></p>"
181,297,ar,Al-‘Azhīm,المعنى المختصر,"<p class=""ql-direction-rtl ql-align-right""><span class=""ql-cursor"">﻿</span>  الجامِعُ لجَمِيعِ صِفاتِ الكَمَالِ والمَجدِ والكبرياءِ والعظمةِ، الذي تُحِبُّه القُلُوب وتُعَظِّمُهُ الأرواح، والذي له العظمة المطلقة في ذاته وأسمائه وصفاته؛ ولذلك وجب على الخلق أن يعظموه ويبجلّوه، وأن يعظموا أمره ونهيه.</p>",أقوال العلماء,"<p class=""ql-direction-rtl ql-align-right""><span class=""ql-font-vazirmatn""><span class=""ql-cursor"">﻿</span>  </span>∎ قال ابنُ تيمية: (الذي قَد كَمُلَ في عَظَمَتِهِ).</p><p>∎ قال ابنُ القيم: (""العَظِيم"" مَن اتَّصَفَ بِصِفاتٍ كثيرةٍ مِن صِفاتِ الكَمَال).</p><p>∎ قال السعدي: (""العظيمُ"" الجامِعُ لجميعِ صفاتِ العَظَمَةِ والكِبْرِياء والمَجْدِ والبَهاءِ، الذي تُحِبُّه القُلُوب، وتُعَظِّمُهُ الأرواح، ويَعرِفُ العارِفونَ أَنَّ عَظَمَةَ كلِّ شيءٍ وإِنْ جَلَّتْ في الصِّفة فإنها مُضْمَحِلَّةٌ في جَانِبِ عَظَمَةِ العَلِيِّ العَظِيم).</p><p class=""ql-align-justify""><br></p><p class=""ql-align-justify""><br></p><p class=""ql-align-justify""><br></p>"
182,298,ar,Al-Ghafūr,المعنى المختصر,"<p class=""ql-direction-rtl ql-align-right""><span class=""ql-cursor"">﻿</span>  الذي يَقِي عِبادَه شَرَّ ذُنُوبِهِم، ولا يُعاقِبُهُم عليها، والذي يستر الذنب على صاحبه ولا يفضحه ولا يعاقبه عليه.</p>",أقوال العلماء,"<p class=""ql-direction-rtl ql-align-right""><span class=""ql-font-vazirmatn""><span class=""ql-cursor"">﻿</span>  </span>∎ قال ابنُ تيمية: (الغَفُورُ الذي يَغفِرُ ذُنُوبَ العباد، فإنّ المَغفرةَ معناها وِقاية شَرِّ الذَّنْب، بِحيثُ لا يُعاقَبُ على الذَّنْب، فمَن غُفِر ذَنبُهُ لم يُعاقَبْ عليهِ).</p><p>∎ قال ابنُ القيم: (هو الذي يَغفِر لمَن تاب إليه).</p><p>∎ قال السعديُّ: (الغَفُورُ الذي لم يَزَلْ يَغفِرُ الذُّنوب).</p><p class=""ql-align-justify""><br></p><p class=""ql-align-justify""><br></p><p class=""ql-align-justify""><br></p>"
183,299,ar,Ash-Shakūr,المعنى المختصر,"<p class=""ql-direction-rtl ql-align-right""><span class=""ql-cursor"">﻿</span>  الذي يَشكُرُ القليلَ من العملِ بالثوابِ الجزيلِ المضاعَفِ، ويَعفو عن الكَثيرِ من الزَّللِ، والذي يقبل العمل الصالح مهما قلّ، ويثيب عليه، ويضاعف أجره، ويزيد من نعمته لعبده وثناءه عليه، والشكور أبلغ في ذلك.</p>",أقوال العلماء,"<p class=""ql-direction-rtl ql-align-right""><span class=""ql-font-vazirmatn""><span class=""ql-cursor"">﻿</span>  </span>∎ قال ابنُ تيمية: (الذي يَشْكُرُ اليَسِيْرَ مِن العَمَل، ويَغفِرُ الكَثيرَ مِن الزَّلل).</p><p>∎ قال ابنُ القيم: (هو الشَّكُورُ على الحَقيقةِ؛ فإنه يُعطِي العَبدَ ويُوفِّقُهُ لِمَا يَشكُرُهُ عليه، ويَشكُرُ القليلَ من العملِ والعطاءِ فلا يَستقِلُّهُ أنْ يَشكرَه، ويَشكُرُ الحسنةَ بِعشرِ أمثالِها الى أضعافٍ مُضاعَفَةٍ، ويَشكُرُ عبدَه بِقولِهِ بأنْ يَثنيَ عليه بين ملائكتِهِ وفى مَلَئِهِ الأعلى).</p><p>∎ قال السعدي: (هو الذي يَشكُرُ القليلَ مِن العملِ الخالِصِ النَّقِيِ النافِع، ويَعفُو عن الكثيرِ مِن الزَّلَلِ، ولا يضيع أجرَ مَن أحسن عملًا؛ بل يُضاعِفُهُ أضعافًا مُضاعفة بغير عَدٍّ ولا حِسابٍ).</p><p class=""ql-align-justify""><br></p><p class=""ql-align-justify""><br></p><p class=""ql-align-justify""><br></p>"
184,300,ar,Al-Kabīr,المعنى المختصر,"<p class=""ql-direction-rtl ql-align-right""><span class=""ql-cursor"">﻿</span>  العَظيمُ الذي كلُّ شيءٍ دونَه، ولا شيءَ أعظمَ منه، العظيم في ذاته وأوصافه وأفعاله، وليس شيء أعظم منه بل كلّ ما سواه صغير في جنب جلاله عز وجل.</p>",أقوال العلماء,"<p class=""ql-direction-rtl ql-align-right""><span class=""ql-font-vazirmatn""><span class=""ql-cursor"">﻿</span>  </span>∎ قال ابنُ تيمية: (العَظِيْمُ الذي لا تُدرِكُهُ الأبصارُ، وهو يُدرِكُ الأبصارَ، وهو سبحانه أَكْبَرُ مِن كلِّ شيء).</p><p>∎ قال ابنُ القيم: (فالكَبِيْرُ يُوصَفُ بِهِ الذّاتُ، وصفاتُها القائمةُ بها).</p><p>∎ قال السعدي: (الذي هو أَكْبَرُ مِن كلِّ شيء، وأَعْظَمُ مِن كل شيء، وأجَلُّ وأعلى، وله التعظيم، والإجلالُ في قلوبِ أوليائِهِ وأصفيائِهِ، قد مُلِئتْ قلوبُهُم من تعظيمِهِ وإجلالِهِ والخضوعِ له والتذلُّلِ لكبريائِهِ).</p><p class=""ql-align-justify""><br></p><p class=""ql-align-justify""><br></p><p class=""ql-align-justify""><br></p>"
185,301,ar,Al-Hafīzh,المعنى المختصر,"<p class=""ql-direction-rtl ql-align-right""><span class=""ql-cursor"">﻿</span>  الذي حَفِظَ ما خَلَقَه، وأَحاطَ عِلمُهُ بما أَوجَدَه، وحَفِظ أولياءَه مِن وقوعِهِم في الذنوب والهَلَكات، وأحصى على العباد أعمالَهم وجزاءَها، واسم</p>",أقوال العلماء,"<p class=""ql-direction-rtl ql-align-right""><span class=""ql-font-vazirmatn""><span class=""ql-cursor"">﻿</span>  </span>∎ قال ابنُ تيمية: (حَفِيظٌ لا يَنْسى).</p><p>∎ قال ابنُ القيم في نونيته:</p><p>(وهو الحَفيظُ عليهِمُ، وهو الــ</p><p>ـكَفِيلُ بِحفظِهِم مِن كُلِّ أَمْرٍ عانِ).</p><p>∎ قال السعدي: (""الحَفيظ"" الذي حَفِظ ما خَلَقَه، وأَحَاطَ عِلْمُهُ بما أَوْجَدَه، وحَفِظ أولياءَه مِن وقوعِهِم في الذنوب والهَلَكات، ولَطَفَ بِهِم في الحركات والسَّكَنات، وأحصى على العباد أعمالَهم وجزاءَها).</p><p class=""ql-align-justify""><br></p><p class=""ql-align-justify""><br></p><p class=""ql-align-justify""><br></p>"
186,302,ar,Al-Muqīt,المعنى المختصر,"<p class=""ql-direction-rtl ql-align-right""><span class=""ql-cursor"">﻿</span>  الذي يُقَدِّرُ أقواتَ الخلائقِ بِعلمِهِ، ثم يَسُوقُها إليهِم بِقُدرتِهِ، ويقسمها بينهم، والذي خلق الأقواتَ والأرزاقَ وتكفَّلَ بإيصالها إلى الخلق، وهو حفيظٌ عليها وعلى أعمال العباد بلا نقصان.</p>",أقوال العلماء,"<p class=""ql-direction-rtl ql-align-right""><span class=""ql-font-vazirmatn""><span class=""ql-cursor"">﻿</span>  </span>∎ قال الزَّجَّاجي: (""المُقِيتُ"" المُقتَدِرُ على الشيء).</p><p>∎ قال أبو القاسم التيمي: (""المُقيت"" يُنزِلُ الأقواتَ للخَلْق، ويُقسم أرزاقَهم).</p><p>∎ قال السعدي: (""المُقيتُ"" الذي أَوصَلَ إلى كلِّ مَوجودٍ ما به يَقتات، وأَوصَلَ إليها أرزاقَها وصَرفَها كيف يَشاءُ بحكمتِهِ وحَمدِهِ).</p><p class=""ql-align-justify""><br></p><p class=""ql-align-justify""><br></p><p class=""ql-align-justify""><br></p>"
187,303,ar,Al-Karīm,المعنى المختصر,"<p class=""ql-direction-rtl ql-align-right""><span class=""ql-cursor"">﻿</span>  كَثيرُ الخيرِ عَظيمُ النفع، وهو اسمٌ دالٌ على كثرة خيره وعظيم نفعه وعطائه، وهو كريم يحب الكرم.</p>",أقوال العلماء,"<p class=""ql-direction-rtl ql-align-right""><span class=""ql-font-vazirmatn""><span class=""ql-cursor"">﻿</span>  </span>∎ قال ابنُ تيمية: (فالاسمُ الكَريم يَتَناوَلُ معانيَ الجُود، فإنّ فيه مَعنى الشّرفِ والسُّؤْدَد، ومعنى الحلم، وفيه معنى الإحسان).</p><p>∎ قال ابنُ القيم: (إنّ الكريمَ هو البهي، الكثير الخير، العظيم النفع، وهو مِن كلِّ شيءٍ أحسنُهُ وأفضلُهُ، والله وَصَفَ نفسَه بالكَرَم، ووَصَفَ به كلامَه، ووَصَفَ به عَرشَه).</p><p>∎ قال السعدي: (كثيرُ الخيرِ يَعُمُّ به الشاكرَ والكافرَ، إلا أنَّ شُكْرَ نِعمِهِ داعٍ للمزيدِ منها، وكُفرَها داعٍ لزوالِها).</p><p class=""ql-align-justify""><br></p><p class=""ql-align-justify""><br></p><p class=""ql-align-justify""><br></p>"
188,304,ar,Ar-Raqīb,المعنى المختصر,"<p class=""ql-direction-rtl ql-align-right""><span class=""ql-cursor"">﻿</span>المُطَّلِعُ على كلِّ شيءٍ، الشَّاهِدُ على السرائر والضَّمَائِر، الذي يَعلَم ويَرى ولا يَخفى عليه السِّرُّ والنَّجْوى، المطّلع على خلقه، والمحصي على العباد أعمالهم، فلا تفوته لفتة ناظر، ولا فلتةُ خاطر.</p>",أقوال العلماء,"<p class=""ql-direction-rtl ql-align-right""><span class=""ql-font-vazirmatn""><span class=""ql-cursor"">﻿</span>  </span>∎ قال ابنُ تيمية: (المُطَّلِعُ عليهم المُحصي أعمالهم المجازي عليها).</p><p>∎ قال ابنُ القيم في نونيته:</p><p>(وهو الرَّقِيبُ على الخَواطِر واللوا</p><p>حِظِ، كيفَ بالأفعالِ بالأركانِ).</p><p>∎ قال السعدي: (""الرّقيبُ"" و ""الشهيدُ"" مِن أسمائِهِ الحسنى وهما مُترادِفان، وكلاهما يَدُلُّ على إحاطةِ سَمْعِ الله بالمَسموعاتِ وبصرِهِ بالمُبْصَرات، وعلمِهِ بجميع المَعلومات الجَليّةِ والخَفيّة، وهو الرقيب على ما دار في الخواطر، وما تحركت به اللواحظ، ومِن باب أولى الأفعال الظاهرةِ بالأركان).</p><p class=""ql-align-justify""><br></p><p class=""ql-align-justify""><br></p><p class=""ql-align-justify""><br></p>"
189,305,ar,Al-Mujīb,المعنى المختصر,"<p class=""ql-direction-rtl ql-align-right""><span class=""ql-cursor"">﻿</span>  الذي يُقابِلُ مَسألةَ السائلينَ ودعاءَ الداعين بالإجابة والقبول.</p>",أقوال العلماء,"<p class=""ql-direction-rtl ql-align-right""><span class=""ql-font-vazirmatn""><span class=""ql-cursor"">﻿</span>  </span>∎ قال ابنُ تيمية: (وَمَعْلُومٌ أَنَّهُ لَا يُقَالُ إنَّهُ مُجِيبٌ لِكُلِّ مَوْجُودٍ، وَإِنَّمَا الْإِجَابَةُ لِمَنْ سَأَلَهُ وَدَعَاهُ).</p><p>∎ قال ابنُ القيم في نونيته:</p><p>(وهو المُجيبُ يقولُ مَن يدعو أجبـ</p><p>ـه أنا المُجيبُ لكلِّ مَن ناداني</p><p>وهو المُجيبُ لدعوةِ المُضطر إذ</p><p>يدعوه في سِرٍّ وفي إعلانِ).</p><p>∎ قال السعدي: (المُجيبُ لدعوةِ مَن دَعاه في أمرِ دينِهِ ودنياه).</p><p class=""ql-align-justify""><br></p><p class=""ql-align-justify""><br></p><p class=""ql-align-justify""><br></p>"
190,306,ar,Al-Wāsi‘,المعنى المختصر,"<p class=""ql-direction-rtl ql-align-right""><span class=""ql-cursor"">﻿</span>  الذي لَه مِن كُلِّ وَصْفٍ المَعنى الأتَمُّ والقَدْرُ الأكمل، وهو اسم دالٌ على سعة عظمته وعلمه ورحمته وسائر صفات كماله.</p>",أقوال العلماء,"<p class=""ql-direction-rtl ql-align-right""><span class=""ql-font-vazirmatn""><span class=""ql-cursor"">﻿</span>  </span>∎ قال ابنُ تيمية: (فالرَّبُّ تعالى واسِعٌ عليم، وَسِعَ سمعُهُ الأصوات كلها، وعطاؤه الحاجات كلها).</p><p>∎ قال ابنُ القيم: (ثُمَّ خَتَمَ باسمين دَالَّين على السَّعَةِ والإحاطة فقال: ﴿إِنَّ ٱللَّهَ وَ ٰسِعٌ عَلِيمٌ﴾؛ فَذَكر اسمَ الواسع عقيب قوله: ﴿فأينما تولوا فثَمَّ وجه الله﴾، كالتفسيرِ والبيانِ والتقريرِ له، فَتَأمَّلْه).</p><p>∎ قال السعدي: (""الواسِع"" الصفات والنعوت ومتعلقاتها بحيث لا يُحصي أحدٌ ثناءً عليه، بل هو كما أثنى على نفسه، واسع العظمة والسلطان والملك، واسع الفضل والإحسان، عظيم الجود والكرم).</p><p class=""ql-align-justify""><br></p><p class=""ql-align-justify""><br></p><p class=""ql-align-justify""><br></p>"
191,307,ar,Al-Hakīm,المعنى المختصر,"<p class=""ql-direction-rtl ql-align-right""><span class=""ql-cursor"">﻿</span>  الموصوفُ بِكَمالِ الحِكمَةِ في أوامرِهِ وتشريعاتِهِ وبكمالِ الحُكمِ بين مَخلوقاتِهِ، وهو الذي يضع الأشياء في مواضعها، ولا يدخل تدبيره خللٌ ولا زللٌ، وله الحكمة العليا في خلقه وأمره، ولا أحسن من حكمه سبحانه.</p>",أقوال العلماء,"<p class=""ql-direction-rtl ql-align-right""><span class=""ql-font-vazirmatn""><span class=""ql-cursor"">﻿</span>  </span>∎ قال ابنُ تيمية: (""الحَكِيْمِ"" يَتَضَمَّنُ حُكْمَهُ وعِلْمَهُ وحِكْمِتَهُ فيما يَقُولُهُ ويَفعلُهُ).</p><p>∎ قال ابنُ القيم: (""الحكيم"" يَتَضمنُ حِكمتَهُ في خَلْقِهِ، وأَمْرَهُ في إرادتِهِ الدِّيْنِيّةِ والكَوْنِيةِ، وهو حَكِيمٌ في كلِّ ما خَلَقَهُ وأَمَرَ بِهِ).</p><p>∎ قال السعديُّ: (الحَكِيمُ هو الذي لَه الحِكْمةُ العُليا في خَلْقِهِ وأَمْرِهِ الذي أَحسَنَ كلَّ شيءٍ خَلَقَه).</p><p class=""ql-align-justify""><br></p><p class=""ql-align-justify""><br></p><p class=""ql-align-justify""><br></p>"
192,308,ar,Al-Wadūd,المعنى المختصر,"<p class=""ql-direction-rtl ql-align-right""><span class=""ql-cursor"">﻿</span>  أي المُحِبُّ المَحبُوب، فهو الذي يُحِبُّ أنبياءَه ورسلَه وأتباعَهم ويحبونه، وهو الحبيبُ الذي يحِبُّ أولياءَه ويتودد إليهم بالمغفرة والعطاء.</p>",أقوال العلماء,"<p class=""ql-direction-rtl ql-align-right""><span class=""ql-font-vazirmatn""><span class=""ql-cursor"">﻿</span>  </span>∎ قال ابنُ تيمية: (أي المُحِبّ لهم، .. وقيل معناه: المَوْدُوْد).</p><p>∎ قال ابنُ القيم: (""الوَدُود"" المُتَوَدِّد إلى عبادِهِ بِنعمِهِ، الذي يود من تابَ إليه وأقبل عليه، وهو الوَدُوْدُ أيضًا أي المَحْبُوب).</p><p>∎ قال السعدي: (""الوَدُودُ"" هو المُحِبُّ المَحبُوب، بمعنى وَادٍّ ومَودُود، فهو الذي يُحِبُّ أنبياءَه ورسلَه وأتباعَهم ويحبونه، فهو أَحَبُّ إليهِم مِن كُلِّ شيء، قد امتَلَأتْ قلوبُهُم مِن مَحَبَّتِهِ، وَلَهَجَتْ أَلسِنَتُهُم بالثناءِ عليهِ، وانجَذَبَت أَفئِدَتُهُم إليهِ ودًّا وإخلاصًا وإنابة مِن جميعِ الوُجُوه).</p><p class=""ql-align-justify""><br></p><p class=""ql-align-justify""><br></p><p class=""ql-align-justify""><br></p>"
193,309,ar,Al-Majīd,المعنى المختصر,"<p class=""ql-direction-rtl ql-align-right""><span class=""ql-cursor"">﻿</span>  المُتَّصِفُ بالصِّفاتِ المُتعدِّدةِ العظيمةِ الواسعة مِن صفاتِ الكَمال، الواسع فيما له من الأسماء الحسنى والصفات العليا، فهو واسع في عظمته وكرمه وجميع أوصافه.</p>",أقوال العلماء,"<p class=""ql-direction-rtl ql-align-right""><span class=""ql-font-vazirmatn""><span class=""ql-cursor"">﻿</span>  </span>∎ قال ابنُ تيمية: (والمَجْدُ يَقتضي تعظيمَها [أي المَحامِد] وتوسيعَها والزيادةَ في قَدْرِها وصِفتِها).</p><p>∎ قال ابنُ القيم: (إنّ ""المَجيد"" من اتصفَ بصفاتٍ متعددةٍ من صفاتِ الكمال).</p><p>∎ قال السعدي: (""المَجيدُ"" الذي له المجد العظيم، والمجد هو عظمة الصفات وسعتها، فكل وصفٍ من أوصافِهِ عظيمٌ شأنُه، فهو العليمُ الكامل في علمه، الرحيمُ الذي وسعت رحمتُهُ كلَّ شيء، القديرُ الذي لا يعجزه شيء، الحليمُ الكامل في حلمِهِ، الحكيمُ الكاملُ في حكمتِهِ، إلى بقية أسمائِهِ وصفاتِهِ).</p><p class=""ql-align-justify""><br></p><p class=""ql-align-justify""><br></p><p class=""ql-align-justify""><br></p>"
194,310,ar,Ash-Shahīd,المعنى المختصر,"<p class=""ql-direction-rtl ql-align-right""><span class=""ql-cursor"">﻿</span>  الذي لا يَغيبُ عنه شيءٌ، بل هو مُطَّلِعٌ على كل شيء، مُشاهِدٌ له، عليمٌ بتفاصيلِهِ، والمطَّلع على جميع خلقه، فيسمع جميع الأصوات ويبصر جميع الموجودات.</p>",أقوال العلماء,"<p class=""ql-direction-rtl ql-align-right""><span class=""ql-font-vazirmatn""><span class=""ql-cursor"">﻿</span>  </span>∎ قال ابنُ تيمية: (فإنّه شهيدٌ عليم، ليس عن المخلوقات بِغائب).</p><p>∎ قال ابنُ القيم: (الذي لا يغيبُ عنه شيء، ولا يعزبُ عنه مثقالُ ذرة في الأرض ولا في السماء، بل هو مُطَّلعٌ على كل شيء، مشاهِدٌ له، عليمٌ بتفاصيلِهِ).</p><p>∎ قال السعدي: (""الرَّقيبُ"" و ""الشهيدُ"" من أسمائِهِ الحسنى، وهما مترادفان، وكلاهما يدلُّ على إحاطةِ سَمْعِ الله بالمسموعات وبصرِهِ بالمُبْصَرَات، وعلمِهِ بجميعِ المعلومات الجَلِيّة والخفيّة).</p><p class=""ql-align-justify""><br></p><p class=""ql-align-justify""><br></p><p class=""ql-align-justify""><br></p>"
195,311,ar,Al-Haqq,المعنى المختصر,"<p class=""ql-direction-rtl ql-align-right""><span class=""ql-cursor"">﻿</span>  المتحقق كونه ووجوده، وأن أسماءه وصفاته وأفعاله وأحكامه وجزاءه كلها كمالٌ وحقٌّ، فليس فيها شيءٌ باطل، المتحقق كونه ووجوده فهو واجب الوجود وكامل الصفات، فلا يعبد بحقٍّ إلا هو، وكل معبود من دونه باطل، ولذا فقوله حق، وفعله حق ووعده حق.</p>",أقوال العلماء,"<p class=""ql-direction-rtl ql-align-right""><span class=""ql-font-vazirmatn""><span class=""ql-cursor"">﻿</span>  </span>∎ قال ابنُ تيمية: (واللهُ هو الحقُّ المُبين، و ""الحقُّ"" له معنيان، أحدُهما: المَوجودُ الثابِت، والثاني: المَقصودُ النافع).</p><p>∎ قال ابنُ القيم: (فاللهُ هو ""الحق""، والحقيقةُ ما نُسِب إليه، وتَعلَّق به)، (فهو الحق، وقوله الحق، ووعده الحق، ولقاؤه حق، ورسوله حق، وعبوديته وحده حق).</p><p>∎ قال السعدي: (""الحَقّ"" في ذاتِه وصفاتِه، فهو وَاجِبُ الوُجود، كاملُ الصفات والنُّعوت، وُجُودُهُ مِن لوازمِ ذاتِهِ، ولا وُجودَ لشيءٍ من الأشياءِ إلا به، فهو الذي لم يَزل ولا يَزال بالجلال والجمال والكمال موصوفًا، ولم يزل ولا يزال بالإحسان معروفًا، فقوله حق، وفعله حق، ولقاؤه حق، ورسوله حق، وكتبه حق، ودينه هو الحق، وعبادته وحده لا شريك له هي الحق، وكل شيء إليه فهو حق).</p><p class=""ql-align-justify""><br></p><p class=""ql-align-justify""><br></p><p class=""ql-align-justify""><br></p>"
196,312,ar,Al-Qawiyy,المعنى المختصر,"<p class=""ql-direction-rtl ql-align-right""><span class=""ql-cursor"">﻿</span>  التَّامُّ القُوَّةِ، الذي له القوّة والقدرة المطلقة، الذي لا يَغْلِبُهُ غالِبٌ، ولا يَرُدُّ قضاءَه رَادٌّ، ولا يعجزه شيء في الأرض ولا في السماء.</p>",أقوال العلماء,"<p class=""ql-direction-rtl ql-align-right""><span class=""ql-font-vazirmatn""><span class=""ql-cursor"">﻿</span>  </span>∎ قال الخَطّابي: (التَّامُّ القُوّةِ الذي لا يَستَوْلِي عليه العَجْزُ في حالٍ من الأحوال).</p><p>∎ قال ابنُ القيم: (فَعُلِم أنَّ ""القويَّ"" مِن أسمائِهِ، ومعناه: المَوصُوفُ بالقوة).</p><p>∎ قال السعدي: (ومِن أسمائِهِ ""القويُّ العزيز المتين القدير""، ومعانيها مُتقارِبةٌ تَقتَضي كمالَ قوَّتِهِ وكبريائِه، فلا يَملكُ الخلقُ نفعَه فينفعونه ولا ضُرَّه فيَضرونه، وكمال اقتداره على جميع الموجودات والمعدومات).</p><p class=""ql-align-justify""><br></p><p class=""ql-align-justify""><br></p><p class=""ql-align-justify""><br></p>"
197,313,ar,Al-Matīn,المعنى المختصر,"<p class=""ql-direction-rtl ql-align-right"">  الشَّديدُ المُتَنَاهي في القُوَّةِ والقُدْرة، فلا يَلحقُهُ ضَغْفٌ ولا مَشَقَّة ولا كلفة ولا تعب.</p>",أقوال العلماء,"<p class=""ql-direction-rtl ql-align-right""><span class=""ql-font-vazirmatn""><span class=""ql-cursor"">﻿</span>  </span>∎ قال الخَطَّابي: (الشَّدِيدُ القويُّ الذي لا تَنقَطِعُ قوتُه، ولا تلحقُهُ في أفعالِهِ مَشَقةٌ ولا يَمَسُّه لُغُوب).</p><p>∎ قال ابنُ تيمية: (فَسَمّى نفسَه ""المَتين""، و ""المَتينُ"" في دَلالتِهِ على الغلظ أقوى من ""الصمد"").</p><p>∎ قال السعدي: (عِزَّةُ القُوَّة الدالّ عليها مِن أسمائِهِ ""القَوي المَتين""، وهي وصفُهُ العظيمُ الذي لا تُنسبُ إليه قُوةُ المخلوقاتِ وإنْ عَظُمَت).</p><p class=""ql-align-justify""><br></p><p class=""ql-align-justify""><br></p><p class=""ql-align-justify""><br></p>"
198,314,ar,Al-Hayy,المعنى المختصر,"<p class=""ql-direction-rtl ql-align-right""><span class=""ql-cursor"">﻿</span>  الذي له جميعُ معاني الحياةِ الكامِلةِ التي لا يسبِقُها عدم ولا يَلحقُها فناء، والذي له الحياة الدائمة، والبقاء الذي لا أول له ولا آخر، وكل حياة في الوجود فإنما هي منه سبحانه وتعالى.</p>",أقوال العلماء,"<p class=""ql-direction-rtl ql-align-right""><span class=""ql-font-vazirmatn""><span class=""ql-cursor"">﻿</span>  </span>∎ قال ابنُ تيمية: (واسمُهُ ""الحَيُّ القَيُّومُ"" يَجمعُ أصلَ معاني الأسماءِ والصفات).</p><p>∎ قال ابنُ القيم: (إذا اعتبرتَ اسمَه ""الحي"" وَجدتَه مُقتضيًا لصفاتِ كمالِه مِن عِلمِهِ وسمعِهِ وبصرِهِ وقدرتِهِ وإرادتِهِ ورحمتِهِ وفعلِه ما يشاء).</p><p>∎ قال السعدي: (""الحَيُّ"" هو كاملُ الحياة، وذلك يَتَضَمَّنُ جميعَ الصفاتِ الذاتِيَّةِ للهِ كالعِلمِ والعِزَّةِ والقُدرة والإرادة والعظمة والكبرياء، وغيرِها من صفاتِ الذاتِ المُقدَّسة).</p><p class=""ql-align-justify""><br></p><p class=""ql-align-justify""><br></p><p class=""ql-align-justify""><br></p>"
199,315,ar,Al-Qayyūm,المعنى المختصر,"<p class=""ql-direction-rtl ql-align-right""><span class=""ql-cursor"">﻿</span>  الذي قَامَ بنفسِهِ فلَمْ يَحْتَجْ إلى أحدٍ، وقام كلُّ شيء به فلا غِنى لأحدٍ عنه.</p>",أقوال العلماء,"<p class=""ql-direction-rtl ql-align-right""><span class=""ql-font-vazirmatn""><span class=""ql-cursor"">﻿</span>  </span>∎ قال ابنُ تيمية: (القائِمُ المُقيمُ لِمَا سِواه).</p><p>∎ قال ابنُ القيم: (هو الذي قامَ بنفسِهِ، فلم يَحتجْ إلى أحدٍ، وقامَ كلُّ شيءٍ به، فكلُّ ما سِواه مُحتاجٌ إليه بالذات).</p><p>∎ قال السعدي: (القائِمُ بنفسِهِ، القَيُّومُ لأهلِ السماواتِ والأرضِ، القائمُ بتدبيرِهِم وأرزاقِهِم وجميعِ أحوالِهم).</p><p class=""ql-align-justify""><br></p><p class=""ql-align-justify""><br></p><p class=""ql-align-justify""><br></p>"
200,316,ar,As-Samad,المعنى المختصر,"<p class=""ql-direction-rtl ql-align-right""><span class=""ql-cursor"">﻿</span>  الرّبُّ الكامِلُ والسيد العظيم، المَقصودُ في كلِّ حاجَةٍ بالرّغْبةِ والرّهْبَةِ، الذي كَمُلَ في سؤدده، والذي تصمد إليه الخلائق وتقصده في حوائجها كلّها؛ لعظيم افتقارهم إليه، فهو الذي يُطعم ولا يُطعَم.</p>",أقوال العلماء,"<p class=""ql-direction-rtl ql-align-right""><span class=""ql-font-vazirmatn""><span class=""ql-cursor"">﻿</span>  </span>∎ قال ابنُ تيمية: (فإنّ ""الصَّمَدَ"" يَتَضمَّنُ صُمُودَ كلِّ شيءٍ وفقرَه إليه).</p><p>∎ قال ابنُ القيم: (""الصَّمَد"" مَن تَصْمُدُ نحوَه القلوبُ بالرغْبةِ والرهبةِ، وذلك لكثرةِ خِصالِ الخيرِ فيه، وكثرةِ الأوصافِ الحميدةِ له).</p><p>∎ قال السعدي: (""الصَّمَد"" أي الرّبُّ الكامِلُ والسيد العظيم، الذي لم يبقَ صفةُ كمالٍ إلا اتصفَ بها، ووُصِفَ بغايتِها وكمالها، بحيث لا تُحيطُ الخلائقُ ببعضِ تلك الصفات بقلوبِهِم، ولا تُعبِّرُ عنها ألسنتُهُم، وهو المصمودُ إليه، المَقصودُ في جميعِ الحوائجِ والنوائِب).</p><p class=""ql-align-justify""><br></p><p class=""ql-align-justify""><br></p><p class=""ql-align-justify""><br></p>"
201,317,ar,Al-Qādir,المعنى المختصر,"<p class=""ql-direction-rtl ql-align-right""><span class=""ql-cursor"">﻿</span>  الذي له القُدْرَةُ التَّامّةُ الشامِلةُ الكامِلةُ على كل شيء، والذي لا يُعجزُه شيء في الأرض ولا في السماء، ولا يَفوتُهُ مَطلوبٌ.</p>",أقوال العلماء,"<p class=""ql-direction-rtl ql-align-right""><span class=""ql-font-vazirmatn""><span class=""ql-cursor"">﻿</span>  </span>∎ قال ابنُ تيمية: اسمٌ مُشتَقٌّ (يَدُلُّ على القُدْرَة).</p><p>∎ قال ابنُ القيم: (الذي سَلِمَتْ قُدْرتُهُ مِن اللغُوبِ والتَّعَبِ والإِعياءِ والعَجْزِ عَمّا يَريد).</p><p>∎ قال السعدي: (عَظِيْمُ القُدْرَة).</p><p class=""ql-align-justify""><br></p><p class=""ql-align-justify""><br></p><p class=""ql-align-justify""><br></p>"
202,318,ar,Al-Muta‘āl,المعنى المختصر,"<p class=""ql-direction-rtl ql-align-right""><span class=""ql-cursor"">﻿</span>  اسمٌ دالٌّ على عُلُوِّ اللهِ المُطلَقِ بِجَمِيعِ الوُجوهِ: عُلُوّ الذَّات وعُلُو القَدْر وعلو القَهْر.</p>",أقوال العلماء,"<p class=""ql-direction-rtl ql-align-right""><span class=""ql-font-vazirmatn""><span class=""ql-cursor"">﻿</span>  </span>∎ قال ابنُ تيمية: (يُفَسَّر بأنه أعلى مِن غيرِهِ قَدْرًا، فهو أحقُّ بصفاتِ الكمال، ويُفَسَّر بأنه العالي عليهم بالقَهْر والغَلَبة).</p><p>∎ قال ابنُ القيم: (فهو سبحانه كثيرًا ما يقرن في وصفِهِ بين هذين الاسمين، كقوله تعالى: ﴿وهو العلي العظيم﴾، وقوله: ﴿وهو العلي الكبير﴾، وقوله: ﴿عَـٰلِمُ ٱلْغَيْبِ وَٱلشَّهَـٰدَةِ ٱلْكَبِيرُ ٱلْمُتَعَالِ﴾؛ ثبت بذلك عُلُوُّهُ على المخلوقات وعظمتُه، والعُلوُّ رِفعتُهُ، والعَظَمةُ قَدْرُه ذاتًا ووصفًا).</p><p>∎ قال السعدي: (""المتعال"" على جميعِ خلقِهِ بذاتِهِ وقدرتِهِ وقهرِهِ).</p><p class=""ql-align-justify""><br></p><p class=""ql-align-justify""><br></p><p class=""ql-align-justify""><br></p>"
203,319,ar,At-Tawwāb,المعنى المختصر,"<p class=""ql-direction-rtl ql-align-right""><span class=""ql-cursor"">﻿</span>  الذي يُوَفِّق العَبدَ للتَّوبةِ ويَتَقَبَّلُها مِنه.</p>",أقوال العلماء,"<p class=""ql-direction-rtl ql-align-right""><span class=""ql-font-vazirmatn""><span class=""ql-cursor"">﻿</span>  </span>∎ قال ابنُ تيمية: ([الذي] يَتوبُ على مَن تاب).</p><p>∎ قال ابنُ القيم: (هو الذي جَادَ على [عبدِهِ] بِأَنْ وَفَّقَه للتوبة وأَلْهَمَه إياها، ثُمَّ قَبِلَها منه، فَتابَ عليه أوَّلًا وآخِرًا).</p><p>∎ قال السعديُّ: (""التَّوّابُ"" الذي لم يَزَلْ يَتوبُ على التائبين ويَغفِر ذُنُوبَ المُنيبين، فكلُّ مَن تاب إلى الله توبةً نَصوحًا تابَ اللهُ عليهِ).</p><p class=""ql-align-justify""><br></p><p class=""ql-align-justify""><br></p><p class=""ql-align-justify""><br></p>"
204,320,ar,Al-‘Afuww,المعنى المختصر,"<p class=""ql-direction-rtl ql-align-right""><span class=""ql-cursor"">﻿</span>  الذي يَمْحُو السَّيِّئاتِ، ويَتَجاوَزُ عن المعاصي.</p>",أقوال العلماء,"<p class=""ql-direction-rtl ql-align-right""><span class=""ql-font-vazirmatn""><span class=""ql-cursor"">﻿</span>  </span>∎ قال ابنُ تيمية: (فـ ""العَفُوُّ"" مُتَضَمِّنٌ لإسقاطِ حقِّهِ قِبَلهم، ومُسامحتِهِم بِهِ).</p><p>∎ قال ابنُ القيم في نونيته:</p><p>(وهو العَفُوُّ فَعَفْوُهُ وَسِعَ الوَرَى).</p><p>∎ قال السعديُّ: (الذي يَعْفُو عن زَلَّاتِ عِبادِهِ وذُنُوبِهِم العَظيمةِ، فَيَسْدِلُ عليهِم سِتْرَه، ثُمّ يُعامِلُهُم بعفوِهِ التَّامِّ الصادرِ عن قدرتِهِ).</p><p class=""ql-align-justify""><br></p><p class=""ql-align-justify""><br></p><p class=""ql-align-justify""><br></p>"
205,321,ar,Ar-Ra’ūf,المعنى المختصر,"<p class=""ql-direction-rtl ql-align-right""><span class=""ql-cursor"">﻿</span>  شَدِيْدُ الرَّأْفَةِ بعِبادِهِ والرَّحْمَةِ بِهِم، كامل الرأفة، والرأفة هي أبلغ الرحمة، ومن رأف بعباد الله رأف الله به.</p>",أقوال العلماء,"<p class=""ql-direction-rtl ql-align-right""><span class=""ql-font-vazirmatn""><span class=""ql-cursor"">﻿</span>  </span>∎ قال ابنُ تيمية: (الرَّحِيمُ بِعِبادِهِ).</p><p>∎ قال ابنُ القيم: (""الرَّؤُوفُ"" الرّحيمُ بِخَلْقِهِ المُتَكَفِّلُ بِمَصالِحِهِم).</p><p>∎ قال السعديُّ: (""الرَّؤوف"" أي شَدِيدُ الرَّأْفَةِ بِعِبادِهِ، فمِن رَأفَتِهِ ورحمتِهِ بِهم أنْ يُتِمَّ عليهِم نِعمَتَه التي ابتدأهم بها، ومِن رأفتِهِ تَوفيقُهُم للقيامَ بحقوقِهِ وحقوقِ عبادِهِ، ومن رأفتِهِ ورحمتِهِ أنه خَوَّفَ العباد، وزَجَرَهم عن الغَيِّ والفَسادِ).</p><p class=""ql-align-justify""><br></p><p class=""ql-align-justify""><br></p><p class=""ql-align-justify""><br></p>"
206,322,ar,A-Ghanyy,المعنى المختصر,"<p class=""ql-direction-rtl ql-align-right""><span class=""ql-cursor"">﻿</span>  الذي كُلُّ ما سِواهُ مُحتاجٌ إليهِ، وليس بِهِ حاجةٌ إلى أَحَدٍ، وذلك لكمال صفاته، والخلق كلهم فقراءُ إليه.</p>",أقوال العلماء,"<p class=""ql-direction-rtl ql-align-right""><span class=""ql-font-vazirmatn""><span class=""ql-cursor"">﻿</span>  </span>∎ قال ابنُ تيمية: (الغَنِيّ بِما له مِن الأسماءِ والصفات، وليس بِمُفتَقِرٍ إلى غيرِهِ بِوَجْهٍ مِن الوجوه).</p><p>∎ قال ابنُ القيم: (هو الغَنِي بِذاتِهِ، الذي كلُّ ما سِواه مُحتاجٌ إليه، وليس بِهِ حاجةٌ إلى أَحَدٍ).</p><p>∎ قال السعدي: (فهو الغَني بِذاتِهِ، الذي له الغِنى التَّامُّ المُطلق مِن جَميع الوجوه والاعتبارات لكمالِهِ وكمالِ صفاتِهِ).</p><p class=""ql-align-right""><br></p><p class=""ql-align-right""><br></p><p class=""ql-align-right""><br></p>"
207,323,ar,Al-Hādi,المعنى المختصر,"<p class=""ql-direction-rtl ql-align-right""><span class=""ql-cursor"">﻿</span>  الذي يُرْشِدُ عبادَهُ إلى جَميعِ المَنافِع وإلى دَفْعِ المَضَارّ، ويُوفِّقُ مَن شاء منهم إلى الهُدى، والذي يهدي ويدُلّ سائر الخلق إلى مصالحها وكسب رزقها ودفع ما يضرُّها، والذي يدلُّ المكلَّفين إلى طريق الخير والشرِّ، وطريق النجاة والهلاك.</p>",أقوال العلماء,"<p class=""ql-direction-rtl ql-align-right""><span class=""ql-font-vazirmatn""><span class=""ql-cursor"">﻿</span>  </span>∎ قال ابنُ تيمية: (الذي يَهدِي مَن يَشاءُ إلى صراطٍ مستقيمٍ ويُبَيِّنُ له سُبُلَ الرَّشاد، كما هدى الذين آمنوا لِمَا اختُلِفَ فيه مِن الحَقِّ وجَمَعَ لَهم الهُدى والسَّداد).</p><p>∎ قال ابنُ القيم: (المُوَفِّقُ المُلْهِم الخالِق للهدى في القُلوب).</p><p>∎ قال السعدي: (""الهَادِي"" أي الذي يَهدي ويُرْشِدُ عبادَه إلى جَميعِ المَنافِعِ وإلى دَفْعِ المَضَارّ، ويُعلِّمُهم ما لا يعلمون، ويَهديهم بهدايةِ التوفيقِ والتسديد ويلهمُهم التقوى ويجعل قلوبهم منيبةً إليه منقادةً لأمرِهِ).</p><p class=""ql-align-justify""><br></p>"
208,324,ar,Al-Qarīb,المعنى المختصر,"<p class=""ql-direction-rtl ql-align-right""><span class=""ql-cursor"">﻿</span>  القريب مِن مُطيعِهِ بالإثابة ومِن داعيهِ بالإجابة ومن سائر عباده بالعلم، القريب من جميع خلقه المحيط بهم والعليم بحالهم، القريب من المؤمنين بنصره لهم وإجابة دعائهم، وحفظهم، وهو لا ينافي علوه سبحانه.</p>",أقوال العلماء,"<p class=""ql-direction-rtl ql-align-right""><span class=""ql-font-vazirmatn""><span class=""ql-cursor"">﻿</span>  </span>∎ قال ابنُ تيمية: (وهو القريب الذي يجيب دعوة الداعي إذا دعاه، وهو سميع الدعاء).</p><p>∎ قال ابنُ القيم: (أقربُ مِن كلِّ قَرِيب).</p><p>∎ قال السعدي: (هذا القُرْبُ قُرْبٌ لا تُدْرَك له حقيقة، وإنما تُعلم آثارُه مِن لُطفِهِ بعبدِهِ، وعنايتِهِ به وتوفيقِهِ وتسديدِهِ، ومِن آثارِه الإجابةُ للداعين والإثابةُ للعابدين).</p><p class=""ql-align-justify""><br></p><p class=""ql-align-justify""><br></p><p class=""ql-align-justify""><br></p>"
209,325,ar,Al-Mannān,المعنى المختصر,"<p class=""ql-direction-rtl ql-align-right""><span class=""ql-cursor"">﻿</span>  المُنعِمُ المُعطي عظيمُ المَواهبِ الذي يَجودُ بالنِّعمةِ قبلَ سؤالِها، واسمٌ</p>",أقوال العلماء,"<p class=""ql-direction-rtl ql-align-right""><span class=""ql-font-vazirmatn""><span class=""ql-cursor"">﻿</span>  </span>∎ قال الخَطَّابِيُّ: (وأَمَّا ""المَنَّان"" فهو كثير العطاء).</p><p>∎ قال ابنُ تيمية: (و ""المَنَّان"" الذي يَجودُ بالنوالِ قبلَ السؤال).</p><p>∎ قال ابنُ القيم: ([الذي] ما طاب العيشُ إلا بِمِنَّتِهِ، وكلُّ نعمةٍ منه في الدنيا والآخرة فهي مِنَّةٌ يَمُنُّ بها على مَن أَنعَمَ عليه).</p><p><br></p><p><br></p>"
210,326,ar,Ash-Shāfi,المعنى المختصر,"<p class=""ql-direction-rtl ql-align-right""><span class=""ql-cursor"">﻿</span>الذي يشفي القلوب والأبدان من أمراضها، فيُعافِي العِبادَ مِن أمراضِ الأبدان، وشُبَهِ القُلوب، وشهواتِ النُّفوسِ، ، وليس في يد العباد إلا ما يسّره لهم من الدواء، أما الشفاء فبيَدِهِ وحده لا شريك له، فلا شافي إلا هو ولا شفاء إلا شفاؤه.</p>",أقوال العلماء,"<p class=""ql-direction-rtl ql-align-right""><span class=""ql-font-vazirmatn""><span class=""ql-cursor"">﻿</span>  </span>∎ قال الحليمي: ([الذي] يَشفي الصُّدورَ مِن الشُّبَهِ والشُّكُوك، ومِن الحَسَدِ والغُلُول، والأبدانَ مِن الأمراضِ والآفات).</p><p>∎قال ابنُ القيم: ([أي] أنّه وحدَه الشَّافي، وأنَّه لا شِفاء إلا شفاؤه).</p><p>∎ قال ابنُ عثيمين: (""الشَّافي"" هو الله عز وجل؛ لأنّه الذي يَشفِي المَرَض).</p><p class=""ql-align-justify""><br></p><p class=""ql-align-justify""><br></p><p class=""ql-align-justify""><br></p>"
211,327,ar,Ar-Rabb,المعنى المختصر,"<p class=""ql-direction-rtl ql-align-right""><span class=""ql-cursor"">﻿</span>  السيدُ المالِكُ المُصلِحُ لغيرِهِ، والمُرَبِّي جميعَ عبادِهِ بالتدبيرِ وأصنافِ النِّعَم، الذي يربّي خلقه بنعمه وينشئهم شيئًا فشيئًا، والذي يربّي أوليائه بما يصلحُ قلوبهم، وهو الخالق المالك السيد.</p>",أقوال العلماء,"<p class=""ql-direction-rtl ql-align-right""><span class=""ql-font-vazirmatn""><span class=""ql-cursor"">﻿</span>  </span>∎ قال ابنُ تيمية: (هو الذي يَربِّي عبدَهُ فيعطيه خَلْقَه ثم يَهديه إلى جميعِ أحوالِهِ مِن العبادةِ وغيرها).</p><p>∎ قال ابنُ القيم: (""الرَّبُّ"" هو السيدُ والمالِكُ والمُنعمُ والمُربي والمُصلِح، والله تعالى هو الرَّبُّ بهذه الاعتبارات كلِّها، فلا شيء أوجَبَ في العقولِ والفِطَرِ مِن عِبادَةِ مَن هذا شأنُهُ وحدَه لا شريك له).</p><p>∎ قال السعدي: (هو المُربِّي جميعَ عبادِهِ بالتدبيرِ وأصنافِ النعم).</p><p class=""ql-align-justify""><br></p><p class=""ql-align-justify""><br></p><p class=""ql-align-justify""><br></p>"
212,328,ar,Al-Mu‘ti,المعنى المختصر,"<p class=""ql-direction-rtl ql-align-right""><span class=""ql-cursor"">﻿</span> المُتَفَرِّدُ بالعطاءِ على الحَقيقة، لا مانِعَ لِمَا أَعْطَى، ولا مُعطِيَ لِمَا مَنَعَ، الذي يعطي ما شاء من خزائنه لمن شاء من خلقه، ولا رادّ لعطائه، ولأوليائه النصيبُ الأوفرُ من عطائه، والذي أعطى كل شيء خلقه وصُورتَه.</p>",أقوال العلماء,"<p class=""ql-direction-rtl ql-align-right""><span class=""ql-font-vazirmatn""><span class=""ql-cursor"">﻿</span> </span>∎ قال ابنُ تيمية: (وهو سبحانه المُعطِي المانِع، لا مانِعَ لما أَعطَى ولا مُعطِيَ لِما مَنَع، لكنْ مَنَّ على الإنسانِ بالإيمانِ والعملِ الصالحِ، ثُم لَمْ يَمنعْهُ مُوجِبَ ذلك أصلًا، بل يُعطيه مِن الثوابِ والقُرْبِ ما لا عينٌ رَأَتْ، ولا أُذُنٌ سَمِعَتْ، ولا خَطَرَ على قلبِ بَشَر، وحيثُ مَنَعَه ذلك فلا يَبقى سببُهُ، وهو العمل الصالح).</p><p>∎ قال ابنُ القيم: ([أي] أنَّ حقيقةَ العطاءِ والمَنعِ إليكَ لا إلى غيرِك، بل أنت المُتَفَرِّدُ بها لا يشركك فيها أَحَدٌ).</p><p>∎ قال السعدي: (المُعطِي المانِع، لا مانعَ لما أعطى، ولا معطيَ لِمَا مَنَع، فجميعُ المصالحِ والمنافِعِ مِنه تُطْلَب، وإليه يُرغَبُ فيها، وهو الذي يُعطيها لِمَن يشاء، ويَمنعُها مَن يَشاء بحكمتِهِ ورحمتِهِ).</p><p><br></p><p><br></p>"
213,329,ar,Al-Ahad,المعنى المختصر,"<p class=""ql-direction-rtl ql-align-right""><span class=""ql-cursor"">﻿</span>  الذي تَوَحّدَ وتفرد بِجَميعِ الكَمالاتِ المطلقة في ربوبيتِهِ وأُلوهيتِهِ وأسمائِهِ وصفاتِهِ وتفرد بها، بحيثُ لا يُشارِكُهُ فيها مُشارِكٌ، وليس كمثله شيء.</p>",أقوال العلماء,"<p class=""ql-direction-rtl ql-align-right""><span class=""ql-font-vazirmatn""><span class=""ql-cursor"">﻿</span>  </span>∎ قال ابنُ تيمية: (""الأَحَدُ"" هو الذي لا كُفُؤَ له ولا نَظِيرَ فيَمْتَنِعُ أنْ تَكونَ له صاحِبة).</p><p>∎ قال ابنُ القيم: (""الأَحَدُ"" المُتَضَمِّنُ لانفرادِهِ بالربوبيةِ والألوهيةِ).</p><p>∎ قال السعدي: (هو الذي تَوَحَّدَ بِجميعِ الكمالات، وتَفَرّدَ بِكلِّ كَمَالٍ ومَجْدٍ وجلال وجَمالٍ وحَمْدٍ وحِكْمَةٍ ورحمة، وغيرِها مِن صفاتِ الكمال).</p><p class=""ql-align-justify""><br></p><p class=""ql-align-justify""><br></p><p class=""ql-align-justify""><br></p>"
214,330,ar,Al-Mu’min,المعنى المختصر,"<p class=""ql-direction-rtl ql-align-right""><span class=""ql-cursor"">﻿</span>المُصَدِّقُ الذي يصدق أنبياءه بإقامةِ الدلائلِ والمعجزاتِ لهم، والذي يؤمِّن الخَلْقَ مِن الظلمِ لِتَمَام عَدْلِه.</p>",أقوال العلماء,"<p class=""ql-direction-rtl ql-align-right""><span class=""ql-font-vazirmatn""><span class=""ql-cursor"">﻿</span>  </span>∎ قال ابنُ تيمية: (المُصَدِّقُ الذي يَصَدِّقُ أنبياءَهُ فيما أَخْبَروا عنه بِالدَّلائلِ التي دَلَّ بها على صِدقِهِ).</p><p>∎ قال ابنُ القيم: (المُصَدِّقُ الذي يصدق الصادقين بما يُقِيمُ لهم من شواهِدِ صدقِهِم، وهو المُؤمِّنُ الذي يؤمِّن خَلْقَهُ مِن ظُلْمِهِ).</p><p>∎ قال السعدي: (المُؤمِنُ الذي أثنى على نَفسِهِ بصفاتِ الكمال، وبكمال الجَلالِ والجمال، الذي أرسل رسلَه وأنزَلَ كُتُبَه بالآياتِ والبَراهين، وصَدَّقَ رُسُلَهُ بِكلِّ آيةٍ وبُرْهان يَدُلُّ على صِدقِهِم وصحةِ ماجاؤوا به).</p><p><br></p><p><br></p>"
215,331,ar,Al-Bāri’,المعنى المختصر,"<p class=""ql-direction-rtl ql-align-right""><span class=""ql-cursor"">﻿</span>الخالِقُ الذي خَلَقَ جَميعَ الموجوداتِ وصورها وأَوْجَدَها بَعد عَدَمِها.</p>",أقوال العلماء,"<p class=""ql-direction-rtl ql-align-right""><span class=""ql-font-vazirmatn""><span class=""ql-cursor"">﻿</span>  </span>∎ قال ابنُ تيمية: (ذَكَرَ نَفْسَه بِأنَّه الخالقُ البارئُ المُصوِّرُ، ولَمْ يَصِفْ قَطُّ شيئًا من المخلوقات بِهذا لا مَلَكًا ولا نَبِيًّا).</p><p>∎ قال ابنُ القيم: (الذي بَرَأَ الخَلِيْقَةَ وأَوْجَدَها بَعد عَدَمِها).</p><p>∎ قال السعديُّ: (الذي خَلَقَ جميعَ الموجوداتِ وبَرَأَها، وسَوَّاها بِحِكْمَتِهِ، وصَوَّرَها بِحَمْدِهِ وحِكْمَتِهِ، وهو لم يَزَلْ ولا يَزَالُ على هذا الوصفِ العَظِيْمِ).</p><p><br></p><p><br></p>"
216,332,ar,Al-Musawwir,المعنى المختصر,"<p class=""ql-direction-rtl ql-align-right""><span class=""ql-cursor"">﻿</span>الذي أَنشَأَ خَلْقَه على صُوَرٍ مُختلفَة، وهيئاتٍ متباينةٍ، دَالَّةً على كمالِ علمِهِ وحكمتِهِ.</p>",أقوال العلماء,"<p class=""ql-direction-rtl ql-align-right""><span class=""ql-font-vazirmatn""><span class=""ql-cursor"">﻿</span>  </span>∎ قال ابنُ تيمية: (الذي رَكَّبَ تلك الذَّوات على صُوَرِها المَخصوصةِ وتركيباتِها المَخصوصة).</p><p>∎ قال ابنُ القيم: (تَفصيلٌ لمعنى اسمِ الخالق)، وقال في موضع آخر (يقتضي مُصَوَّرًا ولا بدّ).</p><p>∎ قال السعدي: (الذي خَلَقَ جميعَ الموجوداتِ وبَرَأَها، وسوَّاها بحكمتِهِ، وصوَّرها بحمدِهِ وحكمتِهِ، وهو لم يزل ولا يزال على هذا الوصفِ العظيم).</p><p><br></p>"
217,333,ar,Al-Ghaffaar,المعنى المختصر,"<p class=""ql-direction-rtl ql-align-right""><span class=""ql-cursor"">﻿</span>  من صيغ المبالغة على وزن فعال، أي كثير المغفرة، كمًا ونوعًا، وأصل المغفرة التغطية والستر.</p>",أقوال العلماء,"<p class=""ql-direction-rtl ql-align-right""><span class=""ql-font-vazirmatn""><span class=""ql-cursor"">﻿</span>  </span>∎ قال القشيري: (كثير المغفرة).</p><p>∎ قال البيضاوي: (الذي يغفر ما يشاء من الذنوب لمن يشاء).</p><p>∎ قال ابن القيم: (المغفرة فضل من الله، وإلا فلو أخذك بمحض حقه كان عادلًا محمودًا، وإنما عفوه بفضله لا باستحقاقك، فيوجب لك ذلك أيضًا شكرًا له ومحبة، وإنابة إليه، وفرحًا وابتهاجًا به، ومعرفة له باسمه ""الغفار"" ومشاهدة لهذه الصفة وتعبدًا بمقتضاها).</p><p class=""ql-align-justify""><br></p><p class=""ql-align-justify""><br></p><p class=""ql-align-justify""><br></p>"
218,334,ar,Al-Fattāh,المعنى المختصر,"<h5 class=""ql-direction-rtl ql-align-right""><span class=""ql-cursor"">﻿</span>  الذي يَحْكُمُ بين عِبادِهِ بأحكامِهِ الشرعيّة، ويَقْضي فيهم بأحكامِهِ القَدَريّة، ويُحاسِبُهُم بأحكامِهِ الجَزَائيّة.</h5>",أقوال العلماء,"<p class=""ql-direction-rtl ql-align-right""><span class=""ql-font-vazirmatn""><span class=""ql-cursor"">﻿</span>  </span>∎ قال ابنُ جرير: (القَاضِي العَلِيم بالقضاءِ بين خَلْقِهِ).</p><p>∎ قال ابنُ القيم:</p><p>(وكذلك الفَتَّاحُ مِن أسمائِهِ</p><p>والفَتْحُ في أوصافِهِ أَمْرانِ</p><p>فَتْحٌ بِحُكْمٍ وهو شَرْعُ إِلهِنا</p><p>والفَتْحُ بالأقْدارِ فَتْحٌ ثانِ</p><p>والرَّبُّ فَتّاحٌ بِذَيْنِ كليهما</p><p>عَدْلًا وإِحسانًا مِن الرَّحْمنِ).</p><p>∎ قال السعدي: (""الفَتَّاحُ"" الذي يَحكمُ بين عبادِهِ، بأحكامِهِ الشرعية، وأحكامِهِ القَدَرِيّة، وأحكامِ الجَزاء، الذي فَتَحَ بلُطْفِهِ بَصائرَ الصادقين، وفَتَحَ قُلوبَهم لمعرفتِهِ، ومحبتِهِ، والإِنابةِ إليه، وفَتَحَ لعبادِهِ أبوابَ الرَّحمةِ والأرزاقِ المتنوعة، وسَبَّبَ لهم الأسبابَ التي ينالون بِها خيرَ الدنيا والآخِرة).</p><p><br></p><p><br></p>"
219,335,ar,Al-Qaabid,المعنى المختصر,"<p class=""ql-direction-rtl ql-align-right""><span class=""ql-cursor"">﻿</span>  ∎ يطوي برّه عمن يشاء، القابض للأرزاق والقلوب والأرواح. ∎</p>",أقوال العلماء,"<p class=""ql-direction-rtl ql-align-right""><span class=""ql-font-vazirmatn""><span class=""ql-cursor"">﻿</span>  </span>اتفق معظم العلماء أن القبض في ثلاثة أمور</p><p>1- قبض للأرزاق: يقبض الرزق عمن يشاء بلطفه وحكمته، ويقبض الصدقات من الأغنياء، ويبسط الأرزاق للفقراء.</p><p>2- قبض للقلوب: يقبض القلوب فيضيقها حتى تصير حرجًا ﴿فَمَن يُرِدِ ٱللَّهُ أَن يَهْدِيَهُ يَشْرَحْ صَدْرَهُ لِلْإِسْلَـٰمِ وَمَن يُرِدْ أَن يُضِلَّهُ يَجْعَلْ صَدْرَهُ ضَيِّقًا حَرَجًا كَأَنَّمَا يَصَّعَّدُ فِى ٱلسَّمَآءِ﴾.</p><p>3- قبض للأرواح: يقبض الأرواح بالموت الذي كتبه على العباد، ويبسط الأرواح في الأجساد عند الحياة. قال الرسول ﷺ لأصحابه حين ناموا عن الصلاة في سفر معه: «إِنَّ اللَّهَ قَبَضَ أَرْوَاحَكُمْ حِينَ شَاءَ، وَرَدَّهَا حِينَ شَاءَ»، والقبض: هو التقتير والتضييق.</p><p><br></p><p><br></p>"
220,336,ar,Al-Baasit,المعنى المختصر,"<p class=""ql-direction-rtl ql-align-right""><span class=""ql-cursor"">﻿</span>  ناشر فضله على عباده، الباسط للأرزاق والرحمة والقلوب.</p>",أقوال العلماء,"<p class=""ql-direction-rtl ql-align-right""><span class=""ql-font-vazirmatn""><span class=""ql-cursor"">﻿</span>  </span>مثل القبض فالبسط أيضًا في ثلاثة أمور:</p><p>1- بسط الرزق: على من أراد أن يوسع عليه ﴿يَبْسُطُ الرِّزْقَ لِمَن يَشَاءُ﴾.</p><p>2- بسط القلوب: بما يفيض عليها من معاني بره ولطفه ﴿فَمَن يُرِدِ ٱللَّهُ أَن يَهْدِيَهُ يَشْرَحْ صَدْرَهُ لِلْإِسْلَـٰمِ﴾.</p><p>3- بسط الأرواح: في الأجساد عند الحياة.</p><p>∎ ""البسط"" السعة، و ""بسطه"" نشره، وقيل إن أعظم البسط بسط الرحمة على القلوب حتى تستضيء وتخرج من ظلمة الذنوب.</p><p><br></p><p><br></p>"
221,337,ar,Al-Khaafid,المعنى المختصر,"<p class=""ql-direction-rtl ql-align-right""><span class=""ql-cursor"">﻿</span>  الذي يخفض الجبارين ويذل الفراعنة المتكبرين.</p>",أقوال العلماء,"<p class=""ql-direction-rtl ql-align-right""><strong class=""ql-font-vazirmatn""><span class=""ql-cursor"">﻿</span>  </strong><strong>∎ قال الْحَلِيمِيُّ فيما نقله البيهقي في ""الأسماء والصفات"": (ولا ينبغي أن يفرد الخافض عن الرافع في الدعاء؛ فالخافض هو الواضع من الأقدار، والرافع المعلي للأقدار).</strong></p>"
222,338,ar,Ar-Rāfi‘,المعنى المختصر,"<p class=""ql-direction-rtl ql-align-right""><span class=""ql-cursor"">﻿</span>  هو الذي يَرفَع من يشاء كما يشاء، كرفع أوليائه في الدنيا والآخِرة.</p>",أقوال العلماء,"<p class=""ql-direction-rtl ql-align-right""><span class=""ql-font-vazirmatn""><span class=""ql-cursor"">﻿</span>  </span>∎ قال ابنُ تيمية: (ومِن هذا البابِ أسماءُ الله المُقترِنةُ كالمعطي المانع، والضار النافِع، والمُعز المُذل، والخافض الرافع، فلا يُفرَدُ الاسمُ المانِع عن قرينِهِ ولا الضار عن قرينِه؛ لأن اقترانهما يدلُّ على العموم، .. فَخَفْضُه ورفعُهُ مِن عدلِهِ وإحسانِهِ إلى خلقِه مِن فضلِه).</p><p>∎ قال ابنُ القيم: (هو الذي يَرفعُ عبدَه إذا شاء بما آتاه مِن العِلمِ، وإن لم يرفعْهُ الله فهو مَوضوعٌ لا يَرفعُ أحدٌ به رأسًا).</p><p>∎ قال السعدي: (هذه الأسماءُ الكريمةُ مِن الأسماءِ المُتَقابِلات التي لا ينبغي أن يُثنى على الله بها إلا كل واحدٍ مع الآخَر، لأنَّ الكمالَ المُطلَق مِن اجتماع الوصفين، .. الرَّافِعُ للأقوامِ القائِمين بالعِلْم والإيمانِ، الخافِضُ لأعدائِهِ).</p><p><br></p><p><br></p>"
225,341,ar,Al-Basīr,المعنى المختصر,"<p class=""ql-direction-rtl ql-align-right""><span class=""ql-cursor"">﻿</span>  الذي أحاطَ بَصَرُهُ بكلِّ شيءٍ وإِنْ دَقّ وصَغُرَ، ذو البصيرة بالأشياء الخبير بها المطلع على بواطنها.</p>",أقوال العلماء,"<p class=""ql-direction-rtl ql-align-right""><span class=""ql-font-vazirmatn""><span class=""ql-cursor"">﻿</span>  </span>∎ قال ابنُ تيمية: (يُبْصِرُ دَبِيْبَ النّملَةِ السوداءِ في الليلةِ الظَّلْماءِ على الصَّخرةِ الصَّمَّاءِ).</p><p>∎ قال ابنُ القيم: (الذي ليسَ كمثلِهِ شيءٌ في بَصَرِهِ).</p><p>∎ قال السعديُّ: (الذي أَحاطَ بَصرُهُ بِجميعِ المُبْصَرَاتِ في أقطارِ الأرضِ والسماوات، حتى أخفى ما يكونُ فيها).</p><p class=""ql-align-justify""><br></p><p class=""ql-align-justify""><br></p>"
226,342,ar,Al-Hakam,المعنى المختصر,"<p class=""ql-direction-rtl ql-align-right""><span class=""ql-cursor"">﻿</span>  الذي إليهِ الحُكْمُ في كلِّ شيءٍ، وهو يَحكُمُ ما يُريدُ، ويحكم بين عبادِهِ بالحق والعدل.</p>",أقوال العلماء,"<p class=""ql-direction-rtl ql-align-right""><span class=""ql-font-vazirmatn""><span class=""ql-cursor"">﻿</span>  </span>∎ قال ابنُ تيمية: (الحَكَمُ بينَ الناسِ هو اللهُ تعالى بما أَنْزَلَه مِن الكتابِ المُفصّل).</p><p>∎ قال ابنُ القيم: ([أي] أنه أعدلُ العادِلِين في قضائِهِ).</p><p>∎ قال السعدي: (ومِن أسمائِهِ الحَكَمُ العدلُ الذي يَحكم بين عبادِهِ في الدنيا، والآخِرةِ بعدلِهِ، وقِسطِهِ فلا يَظْلِمُ مِثقالَ ذرة، ولا يُحَمِّلُ أحدًا وزرَ أحد، ولا يجازي العبدَ بأكثر مِن ذنبِهِ، ويؤدي الحقوقَ إلى أهلِها، فلا يَدَعُ صاحِبَ حقٍّ إلا وَصَلَ إليه حَقُّه).</p><p><br></p><p><br></p>"
228,344,ar,Al-‘Alyy,المعنى المختصر,"<p class=""ql-direction-rtl ql-align-right""><span class=""ql-cursor"">﻿</span>الذي له العُلُوُّ المُطلَقُ مِن جميعِ الوُجُوه؛ عُلُوُّ القَدْر، وعُلُوُّ القَهْر، وعُلُوُّ الذَّات.</p>",أقوال العلماء,"<p class=""ql-direction-rtl ql-align-right""><span class=""ql-font-vazirmatn""><span class=""ql-cursor"">﻿</span>  </span>∎ قال ابنُ تيمية: (واسمُهُ ""العَلِي"" يُفَسَّرُ بهذين المعنيين: يُفَسَّرُ بأنَّه أَعلى مِن غيرِهِ قَدْرًا، فهو أحقُّ بصفاتِ الكمال، ويُفَسَّرُ بأنه العالي عليهم بالقَهْرِ والغَلَبة).</p><p>∎ قال أيضًا: (ولما كان قد استقر في نفوس المخاطبين أن الله هو العلي الأعلى، وأنه فوق كل شيء؛ كان المفهوم من قوله: ﴿مَن فِي السَّمَاءِ﴾ أنه في السماء، أنه في العلو، وأنه فوق كل شيء).</p><p>∎ قال ابنُ القيم: (الذي عَلا عن كُلِّ عَيْبٍ وسُوءٍ ونَقْصٍ، ومِن كَمالِ عُلُوِّه أنْ لا يكونَ فوقَهُ شيءٌ، بل يكونُ فوقَ كُلِّ شيء).</p><p>∎ قال السعدي: (الذي له العُلُوُّ المُطلقُ مِن جَميعِ الوُجُوه).</p><p class=""ql-align-justify""><br></p><p class=""ql-align-justify""><br></p><p class=""ql-align-justify""><br></p>"
229,345,ar,Al-Hasīb,المعنى المختصر,"<p class=""ql-direction-rtl ql-align-right""><span class=""ql-cursor"">﻿</span>  الكافي لعبادِهِ المؤمنين المتوكلين عليه، العليمُ بأفعالِ عبادِهِ المُحاسِب لَهُم عليها.</p>",أقوال العلماء,"<p class=""ql-direction-rtl ql-align-right""><span class=""ql-font-vazirmatn""><span class=""ql-cursor"">﻿</span>  </span>∎ قال الزَّجَّاجِي: (""الحَسِيب"" المُحاسِب على الشيء، .. فاللهُ عز وجل حَسِيبُ عبادِهِ، أي محاسِبُهم على أعمالِهم، ومجازيهم عليها).</p><p>∎ قال ابنُ القيم في نونيته:</p><p>(وهو الحَسِيبُ كفايةً وحمايةً</p><p>والحَسْبُ كافي العبد كلَّ أوانِ).</p><p class=""ql-align-justify""><strong> </strong></p><p>∎ قال السعدي: (""الحَسِيب"" هو العَلِيمُ بعبادِهِ، كافي المتوكلين، المجازي لعبادِهِ بالخير والشر بِحَسَبِ حِكمتِهِ وعلمِهِ بِدقيق أعمالِهم وجليلِها).</p><p class=""ql-align-justify""><br></p><p class=""ql-align-justify""><br></p>"
232,348,ar,Al-Wakīl,المعنى المختصر,"<p class=""ql-direction-rtl ql-align-right""><span class=""ql-cursor"">﻿</span>  الكَفِيْلُ بأرزاقِ خلقِهِ، والقائمُ عليهم بمصالِحِهم، والذي تَوَلَّى أولياءَه فَيَسَّرَهُم لليُسرى وجَنَّبَهُم العُسرى وكَفَاهم الأمور.</p>",أقوال العلماء,"<p class=""ql-direction-rtl ql-align-right""><span class=""ql-font-vazirmatn""><span class=""ql-cursor"">﻿</span>  </span>∎ قال الخَطّابي: (الكَفِيْلُ بأرزاقِ العِباد، والقائمُ عليهم بمصالِحِهم، وحقيقتُهُ أنه الذي يَستَقِلُّ بالأمرِ المَوكول إليه).</p><p>∎ قال أبو القاسم التيمي: (هو الذي تَوَكَّلَ بالقيامِ بِجميعِ ما خَلَقَ).</p><p>∎ قال السعدي: (""الوَكِيْل"" المُتَوَلِّي لِتَدبِيرِ خلقِهِ بعلمِهِ وكمالِ قدرتِهِ وشمولِ حكمتِهِ، والذي تَوَلَّى أولياءَه فَيَسَّرَهُم لليُسرى وجَنَّبَهُم العُسرى وكَفَاهم الأمور).</p><p class=""ql-align-right""><br></p><p class=""ql-align-right""><br></p><p class=""ql-align-right""><br></p>"
233,349,ar,Al-Walyy,المعنى المختصر,"<p class=""ql-direction-rtl ql-align-right""><span class=""ql-cursor"">﻿</span>  النَّاصِرُ لِعِبادِهِ المُؤمِنِين، والقائِمُ على أمورِ خلقِهِ أجمعين</p>",أقوال العلماء,"<p class=""ql-direction-rtl ql-align-right""><span class=""ql-font-vazirmatn""><span class=""ql-cursor"">﻿</span>  </span>∎ قال ابنُ جرير: (نَصيرُهُم وظَهيرُهُم، يَتَوَلّاهُم بِعونِهِ وتَوفِيقِهِ).</p><p>∎ قال الزَّجَّاجُ: (""الوَلِيُّ"" هو فَعِيل مِن المُوالاةِ والولي النّاصر، .. وهو تعالى وَلِيُّهم بأن يَتَوَلَّى نصرَهم وإرشادَهم، .. وهو يَتَوَلى يومَ الحسابِ ثوابَهم وجزاءَهم).</p><p>∎ قال الخَطّابي: (المُتَوَلِّي للأمرِ والقائِمِ به).</p><p class=""ql-align-justify""><br></p><p class=""ql-align-justify""><br></p><p class=""ql-align-justify""><br></p>"
234,350,ar,Al-Hamīd,المعنى المختصر,"<p class=""ql-direction-rtl ql-align-right""><span class=""ql-cursor"">﻿</span>  اسم دَلَّ على جميعِ المَحامِدِ والكمالاتِ لله تعالى، المُستَحِقُّ للحمدِ لِكمالِهِ في ذاتِهِ وأسمائِهِ وصفاتِهِ وأفعالِهِ</p>",أقوال العلماء,"<p class=""ql-direction-rtl ql-align-right""><span class=""ql-font-vazirmatn""><span class=""ql-cursor"">﻿</span>  </span>∎ قال ابنُ تيمية: (الذي يَحمَد نفسَه ويُثني على نفسِهِ، ويُحِبُّ الحمدَ من خلقِهِ).</p><p>∎ قال ابنُ القيم: (هو الذي له مِن الصفاتِ وأسبابِ الحمدِ ما يقتضي أن يكونَ محمودًا، وإنْ لم يَحمدْهُ غيرُه، فهو حَميدٌ في نفسِهِ).</p><p>∎ قال السعدي: (الحَميدُ في ذاتِهِ، وأسمائِه، وصفاتِه وأفعالِهِ، فلَهُ مِن الأسماءِ أحسنُها، ومن الصفاتِ أكملُها، ومن الأفعال أتمُّها وأحسنُها؛ فإنَّ أفعالَه تعالى دائرةٌ بين الفضلِ والعدل).</p><p><br></p><p><br></p>"
242,358,ar,Al-Wāhid,المعنى المختصر,"<p class=""ql-direction-rtl ql-align-right""><span class=""ql-cursor"">﻿</span>  المُتَفَرِّدُ بجميع الكمالات في ذاتِهِ وصِفاتِهِ وأفعالِهِ، فلا شريكَ له في شيءٍ مِن ذلك.</p>",أقوال العلماء,"<p class=""ql-direction-rtl ql-align-right""><span class=""ql-font-vazirmatn""><span class=""ql-cursor"">﻿</span>  </span>∎ قال ابنُ تيمية: (المَنقولُ بالتَّوَاتُرِ عن العربِ تَسميةُ الموصوفِ بالصفات: وَاحِدًا وأَحَدًا).</p><p>∎ قال ابنُ القيم: (""الواحِد الأحد"" .. الذي لا شريك له في ذاتِهِ ولا صفاتِهِ ولا في أفعالِهِ).</p><p>∎ قال السعدي: (""الواحِدُ الأحدُ"" هو الذي تَوَحَّدَ بجميعِ الكمالات، وتَفَرَّدَ بِكُلِّ كَمالٍ ومجدٍ وجلالٍ وجمالٍ وحمدٍ وحكمةٍ ورحمةٍ، وغيرِها مِن صفاتِ الكمالِ، فليس له فيها مَثِيْلٌ ولا نَظِيْرٌ ولا مُناسِبٌ بوجهٍ مِن الوجوه).</p><p class=""ql-align-justify""><br></p><p class=""ql-align-justify""><br></p><p class=""ql-align-justify""><br></p>"
243,359,ar,Al-Muqtadir,المعنى المختصر,"<p class=""ql-direction-rtl ql-align-right"">  الذي له القُدْرةُ التَّامَّةُ التي لا يَمتنعُ عليها شيءٌ.</p>",أقوال العلماء,"<p class=""ql-direction-rtl ql-align-right""><span class=""ql-font-vazirmatn""><span class=""ql-cursor"">﻿</span>  </span>∎ قال الزَّجَّاجُ: (""المُقْتَدِر"" مُبالغةٌ في الوصفِ بِالقدرة، والأصلُ في العَربِيّة أنَّ زيادةَ اللفظِ زيادةٌ في المعنى؛ فلمّا قُلت: اقتدر، أفادت زيادة اللفظ زيادة المعنى).</p><p>∎ قال الحليمي: (المُظْهِرُ قدرتَه بفعل ما يَقْدِرُ عليه).</p><p>∎ قال الخطابي: (""المقتدر"" هو التّامُّ القُدرةِ الذي لا يَمتنعُ عليه شيءٌ، ولا يَحتجِزُ عنه بمَنَعَةٍ وقُوَّة).</p><p class=""ql-align-justify""><br></p><p class=""ql-align-justify""><br></p><p class=""ql-align-justify""><br></p>"
244,360,ar,Al-Muqaddim,المعنى المختصر,"<p class=""ql-direction-rtl ql-align-right""><span class=""ql-cursor"">﻿</span>  المُنْزِلُ للأشياءِ منازِلَها التي تَستَحقُّها، يُقَدِّمُ ما شاء منها ويؤخِّرُ ما شاء.</p>",أقوال العلماء,"<p class=""ql-direction-rtl ql-align-right""><span class=""ql-font-vazirmatn""><span class=""ql-cursor"">﻿</span>  </span>∎ قال ابنُ تيمية: (وهو المُقَدِّمُ والمُؤخِّر، فما قدَّمَه كان الكمالُ في تقديمِهِ، وما أخَّرَه كان الكمالُ في تأخيرِه).</p><p>∎ قال ابنُ القيم في نونيته:</p><p>(وهو المُقدِّمُ والمُؤخِّر ذانكَ الصِّـ</p><p>ـفتانِ للأفعالِ تابعتانِ</p><p>وهما صفاتُ الذاتِ أيضًا إذ هما</p><p>بالذاتِ لا بالغير قائمتانِ).</p><p>∎ قال السعدي: (فهو تعالى المُقدِّم في الزمان والمكان والأوصاف الحِسِّيَّة، والمُقَدِّم في الفضائلِ والأوصافِ المَعنويّة).</p><p class=""ql-align-justify""><br></p><p class=""ql-align-justify""><br></p><p class=""ql-align-justify""><br></p>"
245,361,ar,Al-Mu’akhkhir,المعنى المختصر,"<p class=""ql-direction-rtl ql-align-right""><span class=""ql-cursor"">﻿</span>  الذي يُؤخِّرُ الأشياءَ التي تستَحِقُّ التأخير فيضعها في موضِعِها.</p>",أقوال العلماء,"<p class=""ql-direction-rtl ql-align-right""><span class=""ql-font-vazirmatn""><span class=""ql-cursor"">﻿</span>  </span>∎ قال الحَلِيمي: (الذي يُؤخِّر ما يَجِبُ تأخيرُه).</p><p>∎ قال ابنُ تيمية: (وهو المقدم والمؤخر، فما قدَّمه كان الكمال في تقديمه، وما أخَّرَه كان الكَمالُ في تأخيرِه).</p><p class=""ql-align-justify""><br></p><p class=""ql-align-justify""><br></p><p class=""ql-align-justify""><br></p>"
246,362,ar,Al-Awwal,المعنى المختصر,"<p class=""ql-direction-rtl ql-align-right""><span class=""ql-cursor"">﻿</span>  الذي ليسَ قَبلَهُ شيءٌ.</p>",أقوال العلماء,"<p class=""ql-direction-rtl ql-align-right""><span class=""ql-font-vazirmatn""><span class=""ql-cursor"">﻿</span>  </span>∎ قال ابنُ تيمية: (فـ ""الأَوَّلُ"" ليس قَبْلَه شيءٌ، إذ هو خَالِقُ كلِّ شيءٍ).</p><p>∎ قال ابنُ القيم: (""الأَوَّلُ"" الذي دَلَّتْ على وَحْدانِيّتِهِ وأَوَّلِيَّتِهِ البَراهِيْنُ القَطْعِيّةُ، والمُشاهَدَةُ الإيمانِية).</p><p>∎ قال السعديُّ: (فَسَّرَه النبيُّ ﷺ تَفْسِيرًا كامِلًا واضِحًا فقال: «أنتَ الأوَّلُ فليسَ قَبْلَكَ شيءٌ»).</p><p class=""ql-align-justify""><br></p><p class=""ql-align-justify""><br></p><p class=""ql-align-justify""><br></p>"
247,363,ar,Al-Ākhir,المعنى المختصر,"<p class=""ql-direction-rtl ql-align-right""><span class=""ql-cursor"">﻿</span>  الذي ليس بَعْدَهُ شَيءٌ.</p>",أقوال العلماء,"<p class=""ql-direction-rtl ql-align-right""><span class=""ql-font-vazirmatn""><span class=""ql-cursor"">﻿</span>  </span>∎ قال ابنُ تيمية: (""الآخِرُ"" الذي ليس بعده شيء).</p><p>∎ قال ابنُ القيم: (""الآخِرُ"" الذي انتهتْ إليهِ عُبُودِيةُ المخلوقاتِ وإرادتُها ومحبتُها، فليس وراء اللهِ شيءٌ يُقْصَدُ ويُعْبَدُ ويُتَأَلَّهُ).</p><p>∎ قال السعديُّ: (فَسَّرَهُ النبيُّ ﷺ تَفسِيرًا كاملًا واضحًا فقال: «وأنتَ الآخِرُ فليس بَعدَكَ شيءٌ»).</p><p><br></p><p><br></p>"
248,364,ar,Azh-Zhāhir,المعنى المختصر,"<p class=""ql-direction-rtl ql-align-right""><span class=""ql-cursor"">﻿</span>  الذي ليسَ فوقَه شيءٌ.</p>",أقوال العلماء,"<p class=""ql-direction-rtl ql-align-right""><span class=""ql-font-vazirmatn""><span class=""ql-cursor"">﻿</span>  </span>∎ قال ابنُ تيمية: (وإذا كان ظَاهِرًا ليس فوقَه شيءٌ كان هناك ما الرَّبُّ ظاهرًا عليه).</p><p>∎ قال ابنُ القيم: (فَسَّرَه النبيُّ ﷺ بقوله: «وأنت الظاهر فليس فوقك شيء»).</p><p>∎ قال السعدي: (فَسَّرَها النبيُّ ﷺ تَفسيرًا كاملًا واضحًا فقال: «وأنت الظاهر فليس فوقك شيء»).</p><p><br></p><p><br></p><p><br></p>"
249,365,ar,Al-Bātin,المعنى المختصر,"<p class=""ql-direction-rtl ql-align-right""><span class=""ql-cursor"">﻿</span>  الذي ليسَ دونَهُ شَيءٌ.</p>",أقوال العلماء,"<p class=""ql-direction-rtl ql-align-right""><span class=""ql-font-vazirmatn""><span class=""ql-cursor"">﻿</span>  </span>∎ قال ابنُ تيمية في شرح حديث: «وأنت البَاطِنُ فليس دُونَكَ شَيءٌ»: ([أي] أن بُطُونَه أَوْجَبَ أَن لا يكونَ شيءٌ دُونَهُ).</p><p>∎ قال ابنُ القيم: (""الباطِنُ"" وهو الذي ليس دونَهُ شيءٌ).</p><p><strong>∎ قال السعديُّ: (فَسَّرَه النبيُّ ﷺ تَفسِيرًا كاملًا واضحًا فقال: «وأنت البَاطِنُ فليس دُونَكَ شَيءٌ»).</strong></p>"
251,367,ar,Al-Barr,المعنى المختصر,"<p class=""ql-direction-rtl ql-align-right""><span class=""ql-cursor"">﻿</span>  المُحْسِنُ الذي أَنْعَمَ على العِبادِ بِأصنافِ النِّعَم.</p>",أقوال العلماء,"<p class=""ql-direction-rtl ql-align-right""><span class=""ql-font-vazirmatn""><span class=""ql-cursor"">﻿</span>  </span>∎ قال ابنُ تيمية: (فهو سبحانه بَرٌّ جَوادٌ مُحسنٌ، يُعطي العبدَ ما يُناسِبُهُ؛ فَكُلّما عَظُم فَقْرُهُ إليهِ كان أغنى، وكُلَّما عَظُم ذُلُّه له كان أَعَزّ).</p><p>∎ قال ابنُ القيم في نونيته:</p><p>(والبَرُّ في أوصافِهِ سبحانَهُ</p><p>هو كَثْرَةُ الخيراتِ والإحسان).</p><p>∎ قال السعديُّ: (مِن أسمائِه تعالى ""البَرُّ الوَهّابُ الكريمُ"" الذي شمل الكائناتِ بأسرِها بِبِرِّه وهِباتِهِ وكَرَمِه؛ فهو مُولي الجميل ودائمُ الإحسان وواسعُ المواهِب).</p><p class=""ql-align-justify""><br></p><p class=""ql-align-justify""><br></p><p class=""ql-align-justify""><br></p>"
253,369,ar,Maalik-Ul-Mulk,المعنى المختصر,"<p class=""ql-direction-rtl ql-align-right""><span class=""ql-cursor"">﻿</span>  المالك لجميع الممالك، وجميع من فيها مماليك له، والمالك لخزائن السموات والأرض، بيده الخير يرزق من يشاء.</p>",أقوال العلماء,"<p class=""ql-direction-rtl ql-align-right""><span class=""ql-font-vazirmatn""><span class=""ql-cursor"">﻿</span>  </span>∎ قال ابن القيم: (وهذا هو الفرق بين المَلِك والمالك؛ إذِ المالك هو المتصرِّف بفعله، والمَلِك هو المتصرف بفعله وأمره، والربُّ ـ تعالى ـ مالكُ الملك؛ فهو المتصرِّف بفعله وأمرِه).</p><p>∎ قال السعدي: (الملك المالك لجميع الممالك، فصفة الملك المطلق لك، والمملكة كلها علويها وسفليها لك، والتصريف والتدبير كله لك).</p><p>∎ قال ابن عثيمين: (مالك المملوكات كلها، ويحتمل أن يكون المراد به التدبير، أي: مالك تدبير الخلائق كلها، والأمران ثابتان لله عز وجل؛ فهو مالك المملوكات كلها بأعيانها، وهو مالك التصرف فيها لا يشركه في ذلك أحد، هو الذي يدبر الأمر ويملك المأمور).</p><p><br></p><p><br></p>"
254,370,ar,Dhul-Jalāl wa al-Ikrām,المعنى المختصر,"<p class=""ql-direction-rtl ql-align-right""><span class=""ql-cursor"">﻿</span>  ذو العظمة والكبرياء والرحمة والجود، المُستَحِقُّ للتَّعْظِيمِ والحَمْد.</p>",أقوال العلماء,"<p class=""ql-direction-rtl ql-align-right""><span class=""ql-font-vazirmatn""><span class=""ql-cursor"">﻿</span>  </span>∎ قال ابنُ تيمية: (وهو سبحانه ذو الجلال والإكرام، فهو المُستحِق لأنْ يُجَلَّ ولأن يُكْرَم، والإجلال يتضمن التعظيم، والإكرام يتضمن الحمد والمحبة).</p><p>∎ قال ابنُ القيم: (وأمَّا المَجدُ فهو مُستَلزِم للعَظَمَةِ والسَّعةِ والجلالِ، والحَمْدُ يَدُلُّ على صفاتِ الإكرام، والله سبحانه ذو الجلال والإكرام).</p><p>∎ قال السعدي: (""ذو الجلال والإكرام"" أي ذو العظمة والكبرياء، وذو الرحمة والجود والإحسان العام والخاص، المُكرِم لأوليائه وأصفيائه الذين يُجِلُّونه ويُعظِّمونه ويُحِبُّونه).</p><p class=""ql-align-justify""><br></p><p class=""ql-align-justify""><br></p><p class=""ql-align-justify""><br></p>"
264,380,ar,Al-Wārith,المعنى المختصر,"<p class=""ql-direction-rtl ql-align-right""><span class=""ql-cursor"">﻿</span>  البَاقِي بعدَ فَنَاء الخَلْق، الذي يَرِثُ الأرضَ ومَن عليها.</p>",أقوال العلماء,"<p class=""ql-direction-rtl ql-align-right""><span class=""ql-font-vazirmatn""><span class=""ql-cursor"">﻿</span>  </span>∎ قال الزَّجَّاج: (""الوَارث"" كلُّ باقٍ بعدَ ذاهِبٍ).</p><p>∎ قال الخَطَّابي: (""الوَارث"" هو البَاقي بعدَ فَنَاءِ الخَلْقِ والمُسْتَرِدُّ أملاكهم وموارثهم بعد موتِهِم، ولم يَزَل الله باقيًا مالكًا لأصولِ الأشياءِ كلِّها، يُورِثها مَن يشاء، ويَستَخلِفُ فيها مَن أَحب).</p><p>∎ قال حافظ الحكمي: (""الوارث"" الذي يَرِثُ الأرضَ ومَن عليها، وهو خيرُ الوارثين، وإليه المَرجِعُ والمَآل).</p><p class=""ql-align-justify""><br></p><p class=""ql-align-justify""><br></p><p class=""ql-align-justify""><br></p>"
267,383,ar,Al-Jamīl,المعنى المختصر,"<p class=""ql-direction-rtl ql-align-right""><span class=""ql-cursor"">﻿</span>  الذي له الجمالُ المُطلقُ في ذاتِه وأسمائِهِ وصِفاتِهِ وأفعالِهِ.</p>",أقوال العلماء,"<p class=""ql-direction-rtl ql-align-right""><span class=""ql-font-vazirmatn""><span class=""ql-cursor"">﻿</span>  </span>∎ قال ابنُ القيم: (ومِن أسمائِهِ الحُسنى ""الجَمِيل""، ومَن أحقُّ بِالجَمال مِمَّن كلُّ جَمالٍ في الوُجُودِ فهو مِن آثارِ صُنعِهِ؟ فله جَمالُ الذات وجمالُ الأوصاف وجمالُ الأفعال وجمالُ الأسماء).</p><p>∎ قال السعدي: (""الجَميلُ"" مَن له نُعُوتُ الحُسْنِ والإحسان).</p><p>∎ قال الهرّاس: (وأمَّا ""الجَميل"" فهو اسمٌ له سبحانه مِن الجمال، وهو الحُسْنُ الكثير، والثابِتُ له سبحانه مِن هذا الوصفِ هو الجمالُ المطلق، الذي هو الجمالُ على الحقيقة؛ فإنَّ جَمالَ هذه المَوجوداتِ على كَثْرةِ ألوانُهُ وتَعَدُّدِ فُنُونِهِ هو مِن بعضِ آثارِ جمالِهِ).</p><p class=""ql-align-justify""><br></p><p class=""ql-align-justify""><br></p><p class=""ql-align-justify""><br></p>"
268,384,ar,Al-Qāhir,المعنى المختصر,"<p class=""ql-direction-rtl ql-align-right""><span class=""ql-cursor"">﻿</span>الذي خَضَعَتْ له جميعُ الكائِنات، وذَلَّتْ له جميعُ المخلوقات، ودَانَتْ لقدرتِهِ ومشيئتِهِ.</p>",أقوال العلماء,"<p class=""ql-direction-rtl ql-align-right""><span class=""ql-font-vazirmatn""><span class=""ql-cursor"">﻿</span>  </span>∎ قال ابنُ تيمية: (خالِقُ كلِّ شيءِ وَربُّهُ ومليكُهُ، فكلُّ ما سِوى اللهِ مخلوقٌ له، حادِثٌ بمشيئتِهِ وقدرتِهِ، ولا يكونُ في ملكِهِ ما لا يشاؤه ويخلُقُه، فلا يَقدِرُ أحدٌ أنْ يمنعَ اللهَ عمَّا أرادَ أنْ يَخلُقَه ويُكوِّنَه).</p><p>∎ قال ابنُ القيم: (""القاهِرُ"" مَن اتَّصَفَ بالقوةِ والغَلَبة).</p><p>∎ قال السعدي: (الذي خَضَعتْ له المَخلوقاتُ، وذلك لعزَّتِهِ وقوتِهِ وكمالِ اقتدارِهِ).</p><p class=""ql-align-justify""><br></p><p class=""ql-align-justify""><br></p><p class=""ql-align-justify""><br></p>"
269,385,ar,Al-Mubīn,المعنى المختصر,"<p class=""ql-direction-rtl ql-align-right""><span class=""ql-cursor"">﻿</span>  البَيِّنُ أمْرُهُ في الوحدانية، وأنه لا شريك له، والذي يُبَيِّنُ لعبادِهِ الحق.</p>",أقوال العلماء,"<p class=""ql-direction-rtl ql-align-right""><span class=""ql-font-vazirmatn""><span class=""ql-cursor"">﻿</span>  </span>∎ قال ابنُ جرير: (الذي يُبَيِّنُ لهم حقائقَ ما كان يَعدُهُم في الدنيا مِن العذاب).</p><p>∎ قال الخَطَّابِي: (هو البَيِّنُ أَمرُه في الوَحدانية، وأنه لا شريكَ له).</p><p>∎ قال ابنُ تيمية: ([الذي] لا شيءَ أَبْيَنَ منه).</p><p class=""ql-align-justify""><br></p><p class=""ql-align-justify""><br></p><p class=""ql-align-justify""><br></p>"
270,386,ar,Al-Kāfi,المعنى المختصر,"<p class=""ql-direction-rtl ql-align-right""><span class=""ql-cursor"">﻿</span>  الذي يَكفي عبادَه جميعَ ما يَحتاجون إليه، والذي يُكتَفَى بِمعونتِهِ عن غيرِهِ، ويُستغنى به عمَّن سِواه.</p>",أقوال العلماء,"<p class=""ql-direction-rtl ql-align-right""><span class=""ql-font-vazirmatn""><span class=""ql-cursor"">﻿</span>  </span>∎ قال الخَطَّابي: (وأمَّا ""الكافي"" فهو الذي يَكفي عبادَه المُهِمّ، ويَدفعُ عنهم المُلِمّ، وهو الذي يُكتفَى بمعونتِهِ عن غيرِهِ، ويُستغنى به عمّن سواه).</p><p>∎ قال ابنُ تيمية: (والله وحدَه كافٍ عبادَه المؤمنين كما قال تعالى: ﴿يأيها النبي حسبك الله ومن اتبعك من المؤمنين﴾، أي هو وحده حسبُك وحسبُ مَن اتبعك من المؤمنين).</p><p>∎ قال السعدي: (الكافي عباده جميعَ ما يحتاجون ويضطرون إليه، الكافي كفايةً خاصةً مَن آمَن به وتوكلَ عليه واستمدَّ منه حوائجَ دينِهِ ودنياه).</p><p class=""ql-align-justify""><br></p><p class=""ql-align-justify""><br></p><p class=""ql-align-justify""><br></p>"
271,387,ar,Al-Witr,المعنى المختصر,"<p class=""ql-align-right ql-direction-rtl""><span class=""ql-cursor"">﻿</span>  الواحد الذي لا شريكَ له ولا نظيرَ.</p>",أقوال العلماء,"<p class=""ql-direction-rtl ql-align-right""><span class=""ql-font-vazirmatn""><span class=""ql-cursor"">﻿</span>  </span>∎ قال الخَطَّابي: (الوَاحِدُ الذي لا شريكَ له، ولا نظيرَ له، المُتَفَرِّدُ عن خلقِهِ، البائنُ منهم بصفاتِه).</p><p>∎ قال البيهقي: (""الوِتْر"" هو الفَرْدُ الذي لا شريكَ له ولا نظير، وهذه صفةٌ يَستحِقُّها بذاتِهِ).</p><p>∎ قال ابنُ تيمية: (إنَّ الشَّفْعَ هو الخَلْق، فكلُّ مَخلوقٍ له نظير، والوِتْرُ هو الله الذي لا شبيهَ له).</p><p><br></p><p><br></p>"
272,388,ar,Al-Jawād,المعنى المختصر,"<p class=""ql-direction-rtl ql-align-right""><span class=""ql-cursor"">﻿</span>  كَثيرُ العطاءِ الذي عَمّ بعطائِهِ جميعَ الكائنات.</p>",أقوال العلماء,"<p class=""ql-direction-rtl ql-align-right""><span class=""ql-font-vazirmatn""><span class=""ql-cursor"">﻿</span>  </span>∎ قال ابنُ تيمية: (الجَوَادُ في كلام العرب معناه: كَثيرُ العطاء).</p><p>∎ قال ابنُ القيم: ([الذي] يَجودُ على عبادِهِ ويُوسِعُهم فَضلًا، ويَغْمُرُهُم إحسانًا وجودًا، ويُتِمُّ عليهم نعمتَه، ويُضاعِفُ لديهم مِنَّتَه، ويتعرفُ إليهم بأوصافِه وأسمائِه).</p><p>∎ قال السعدي: (الذي عَمَّ بِجودِهِ جميعَ الكائنات، وملأَها مِن فضلِهِ وكَرَمِهِ ونعمِه المتنوعة، وخَصَّ بجودِهِ السائلين بلسانِ المقالِ أو لسال الحالِ، مِن بَرٍّ وفاجر، ومسلم وكافر، فَمَن سألَ اللهَ أعطاه سؤالَه، وأَنَالَهُ ما طَلَب).</p><p class=""ql-align-justify""><br></p><p class=""ql-align-justify""><br></p><p class=""ql-align-justify""><br></p>"
273,389,ar,Ar-Rafīq,المعنى المختصر,"<p class=""ql-direction-rtl ql-align-right""><span class=""ql-cursor"">﻿</span>  المتأني في الأمور، المتدرج فيها، الذي لا يُعجِّلُ بعقوبةِ العُصاة.</p>",أقوال العلماء,"<p class=""ql-direction-rtl ql-align-right""><span class=""ql-font-vazirmatn""><span class=""ql-cursor"">﻿</span>  </span>∎ قال ابنُ القيم: (فإنّه رَفِيقٌ يُحِبُّ الرِّفْقَ).</p><p>∎ قال السعدي: (ومِن أسمائِهِ ""الرَّفِيق"" في أفعالِهِ وشرعِهِ)، وقال في موضع آخر: (فالله تعالى رفيقٌ في أفعالِهِ، خَلَقَ المَخلوقاتِ كلَّها بالتدريج شيئًا فشيئًا بحسب حكمته ورفقه، مع أنه قادرٌ على خَلْقِها دُفعَةً واحدةً، وفي لحظةٍ واحدةٍ).</p><p>∎ قال الهَرّاس: (مأخوذٌ مِن الرِّفْقِ الذي هو التَّأنِّي في الأمور والتَّدَرُّجِ فيها، وضِدُّه العُنفُ الذي هو الأخذُ فيها بِشِدَّةٍ واستعجالٍ).</p><p class=""ql-align-justify""><br></p><p class=""ql-align-justify""><br></p><p class=""ql-align-justify""><br></p>"
274,390,ar,As-Sayyid,المعنى المختصر,"<p class=""ql-direction-rtl ql-align-right""><span class=""ql-cursor"">﻿</span>  الرب والمالك، صاحبُ السُّؤْدَدِ على الحَقِيقة، الذي يَرجِعُ الخَلْقُ إليه في أمورِ الدُّنيا والآخرةِ.</p>",أقوال العلماء,"<p class=""ql-direction-rtl ql-align-right""><span class=""ql-font-vazirmatn""><span class=""ql-cursor"">﻿</span>  </span>∎ قال الخَطَّابِي: (قولُه ﷺ : «السَّيِّدُ الله» يُرِيدُ أنَّ السُّؤدَد حَقيقة لله عز وجل، وأنَّ الخَلقَ كلَّهم عبيدٌ له).</p><p>∎ قال الحليمي: (المُحْتَاجُ إليه بالإطلاق، فإنَّ سَيِّدَ الناسِ إنَّما هو رأسُهُم الذي إليه يرجعون، وبأمرِهِ يعملون، وعن رأيِهِ يَصْدُرُون، ومِن قولِهِ يَستَهْدُون).</p><p>∎ قال ابنُ القيم: (سَيِّدُ الخَلقِ هو مَالِكُ أمرِهِم الذي إليه يرجعون وبأمره يعلمون وعن قوله يصدرون).</p><p class=""ql-align-justify""><br></p><p class=""ql-align-justify""><br></p><p class=""ql-align-justify""><br></p>"
275,391,ar,As-Subbūh,المعنى المختصر,"<p class=""ql-direction-rtl ql-align-right""><span class=""ql-cursor"">﻿</span>  المُنَزّهُ عَن النقائصِ والعيوب، الذي يُقَدِّسُه ويُنزِّهُهُ كلُّ مَن في السماوات والأرض.</p>",أقوال العلماء,"<p class=""ql-direction-rtl ql-align-right""><span class=""ql-font-vazirmatn""><span class=""ql-cursor"">﻿</span>  </span>∎ قال الخطابي: (""السُّبُّوح"" المُنَزَّهُ عن كلِّ عيب).</p><p>∎ قال ابنُ تيمية: (وهو سبحانه سُبُّوحٌ قُدُّوسٌ يُسبّحُ له ما في السماوات والأرض، و ""سبحان الله"" كلمةٌ كما قال ميمون بن مهران: هي كلمةٌ يُعظَّمُ بها الرّبُّ ويُحاشَى بها مِن السُّوء).</p><p>∎ قال الزَّجَّاج: (الذي يُنَزَّه عن كلِّ سُوء).</p><p>∎ قال الحليميُّ: (""السُّبُّوحُ"" ومعناه الُمنزَّهُ عن المَعَايِبِ، والصفاتِ التي تَعتَوِرُ الُمحدَثين مِن ناحيةِ الحَدَثِ، والتسبيحُ: التَّنزيهُ).</p><p class=""ql-align-justify""><br></p><p class=""ql-align-justify""><br></p><p class=""ql-align-justify""><br></p>"
276,392,ar,Ash-Shākir,المعنى المختصر,"<p class=""ql-direction-rtl ql-align-right""><span class=""ql-cursor"">﻿</span>المادِحُ لِمَن يُطِيْعُهُ، والمُثْنِي عليه، والمُثِيْبُ له على طاعتِهِ فوقَ ما يَستحِقُّ بها.</p>",أقوال العلماء,"<p class=""ql-direction-rtl ql-align-right""><span class=""ql-font-vazirmatn""><span class=""ql-cursor"">﻿</span>  </span>∎ قال الحَلِيمي: (معناه المادِحُ لِمَن يُطيعُه والمُثنِي عليهِ والمُثيبُ له بطاعتِهِ فَضلًا مِن نعمتِهِ).</p><p>∎ قال ابنُ القيم: (سَمّى نفسَه ""شاكِرًا"" و ""شَكَورًا""، وسَمّى الشاكرين بهذين الاسمين فأعطاهم مِن وصفِه، وسمّاهم باسمِهِ، وحسبُك بهذا محبةً للشاكرين وفَضْلًا).</p><p>∎ قال السعدي: (الذي يَشكُرُ القليلَ مِن العَمَل، ويَغفِرُ الكثيرَ مِن الزَّلَل، ويُضاعِفُ للمُخلِصِين أعمالَهم بغيرِ حِساب).</p><p class=""ql-align-justify""><br></p><p class=""ql-align-justify""><br></p><p class=""ql-align-justify""><br></p>"
277,393,ar,At-Tayyib,المعنى المختصر,"<p class=""ql-direction-rtl ql-align-right""><span class=""ql-cursor"">﻿</span>  المُقَدَّسٌ المُنَزَّهٌ عن النَّقائِصِ والعُيُوبِ كلِّها.</p>",أقوال العلماء,"<p class=""ql-direction-rtl ql-align-right""><span class=""ql-font-vazirmatn""><span class=""ql-cursor"">﻿</span>  </span>∎ قال ابنُ القيم: (واسمُهُ ""الطَّيِّب""، ولا يَصدرُ عنه إلا طَيِّب، لا يَصعَدُ إليه إلا طَيِّب، ولا يقربُ منه إلا طيب، .. فالطيبات كلُّها له، ومضافةٌ إليه، وصادرةٌ عنه، منتهيةٌ إليه).</p><p>∎ قال ابنُ رجب: (والمَعنى أنَّ الله تعالى مُقَدَّسٌ مُنَزَّهٌ عن النَّقائِصِ والعُيُوبِ كلِّها).</p><p class=""ql-align-justify""><br></p><p class=""ql-align-justify""><br></p><p class=""ql-align-justify""><br></p>"
278,394,ar,Al-A‘la,المعنى المختصر,"<p class=""ql-direction-rtl ql-align-right""><span class=""ql-cursor"">﻿</span>  اسمٌ دَالٌّ على ثُبُوتِ جميعِ معاني العُلُوِّ للَّهِ مِن كُلِّ وَجهٍ، عُلُوّ الذَّاتِ، وعُلُوّ القَدْرِ، وعُلُوّ القَهْر.</p>",أقوال العلماء,"<p class=""ql-direction-rtl ql-align-right""><span class=""ql-font-vazirmatn""><span class=""ql-cursor"">﻿</span>  </span>∎ قال ابنُ تيمية: (والرَّبُّ تعالى لا يَكونُ شيءٌ أَعْلى مِنه قَطّ، بَلْ هُوَ العَلِيُّ الأَعْلى، ولا يَزالُ هو العليُّ الأعلى مع أنّه يَقْرُبُ إلى عِبادِهِ ويَدْنُو مِنهم).</p><p>∎ قال ابنُ القيم: (هو ""الأَعلى"" بِكُلِّ مَعْنىً مِن مَعاني العُلُوّ).</p><p>∎ قال السعديُّ: (دَالٌّ على أنَّ جَميعَ معاني العُلُوّ ثابتةٌ للهِ من كُلِّ وَجْهٍ).</p><p><br></p><p><br></p>"
279,395,ar,Al-Qadīr,المعنى المختصر,"<p class=""ql-direction-rtl ql-align-right""><span class=""ql-cursor"">﻿</span>  ذُو القُدرةِ الكامِلةِ الذي لا يَعتريْهِ عَجْزٌ ولا فُتُورٌ.</p>",أقوال العلماء,"<p class=""ql-direction-rtl ql-align-right""><span class=""ql-font-vazirmatn""><span class=""ql-cursor"">﻿</span>  </span>∎ قال ابنُ تيمية: (""القَدِيرُ"" يَدُلُّ على القُدرة، .. ومِن أسمائِهِ ""القدير""، والقُدرة تَستَلْزِمُ مِن قُدرتِهِ على المخلوقات ما لا يَدُلُّ عليه العِلْم، وخَلقُهُ للمخلوقات يَدُلُّ على قُدرتِهِ أَبلغُ مِن دلالتِهِ على عِلمِهِ).</p><p>∎ قال ابنُ القيم: (""القَديرُ"" الذي ليس كمثله شيءٌ في قُدرتِهِ).</p><p>∎ قال السعدي: (""القَدير"" كاملُ القُدرةِ، بقدرتِهِ أَوْجَدَ المَوجودات، وبقدرتِهِ دَبَّرَها، وبقدرته سوَّاها وأَحْكَمَها، وبقدرتِهِ يُحيِي ويُميت، ويبعثُ العبادَ للجزاء، ويجازي المُحسنَ بإحسانه، والمُسيءَ بإساءته، الذي إذا أرادَ شيئًا قال له: كن فيكون، وبقدرتِهِ يُقَلِّبُ القلوبَ ويُصَرِّفُها على ما يشاء ويُريد).</p><p class=""ql-align-justify""><br></p><p class=""ql-align-justify""><br></p><p class=""ql-align-justify""><br></p>"
280,396,ar,Al-Muhīt,المعنى المختصر,"<p class=""ql-direction-rtl ql-align-right""><span class=""ql-cursor"">﻿</span>  اسمٌ دَالٌّ على علو الله على خلقه، وإِحاطته بِكُلِّ شيءٍ عِلْمًا وقُدرةً وقَهرًا.</p>",أقوال العلماء,"<p class=""ql-direction-rtl ql-align-right""><span class=""ql-font-vazirmatn""><span class=""ql-cursor"">﻿</span>  </span>∎ قال الخَطَّابِي: (هو الذي أَحَاطَتْ قدرتُهُ بِجميعِ خَلقِهِ، وهو الذي أَحَاطَ بِكُلِّ شيءٍ عِلْمًا، وأَحصَى كلَّ شيءٍ عَدَدًا).</p><p>∎ قال ابنُ القيم: (فإنه سبحانه مُحيطٌ بالعالَمِ كلِّه، وأنَّ العالَمَ العُلويَّ والسُّفْلِيَّ في قَبضَتِهِ كما قال تعالى: ﴿والله من ورائهم محيط﴾، فإذا كان مُحيطًا بالعالَمِ فهو فوقَه بالذات، عالٍ عليه مِن كلِّ وجهٍ وبِكلِّ مَعنى، فالإحاطةُ تَتَضَمَّنُ العُلوَّ والسعةَ والعَظَمَةَ).</p><p>∎ قال السعدي: (المُحيطُ بِكلِّ شيءٍ عِلمًا وقُدرةً ورحمةً وقهرًا).</p><p class=""ql-align-justify""><br></p><p class=""ql-align-justify""><br></p><p class=""ql-align-justify""><br></p>"
281,397,ar,Al-Akram,المعنى المختصر,"<p class=""ql-direction-rtl ql-align-right""><span class=""ql-cursor"">﻿</span>  كثيرُ الخيرِ والعطاء، الذي بيدِهِ الخيرُ كلُّه، وكلُّ خيرٍ منه سبحانه.</p>",أقوال العلماء,"<p class=""ql-direction-rtl ql-align-right""><span class=""ql-font-vazirmatn""><span class=""ql-cursor"">﻿</span>  </span>∎ قال ابنُ تيمية: ([الذي] يُنعِم على المخلوقين، ويوصِلُهُم إلى الغايات المحمودة، .. ولفظُ الكَرَمِ لفظٌ جامِعٌ للمحاسِنِ والمحامِد، لا يُرادُ به مُجردُ الإعطاء، بل الإعطاءُ مِن تَمامِ معناه، فإنّ الإحسانَ إلى الغيرِ تمامُ المحاسن، والكرم كثرةُ الخيرِ ويسرته).</p><p>∎ قال ابنُ القيم: (هو الأفْعَل مِن الكَرَم، وهو كَثْرَةُ الخير، ولا أحد أولى بذلك منه سبحانه، فإنّ الخيرَ كلَّه بيديه والخير كله منه).</p><p class=""ql-align-justify""><br></p><p class=""ql-align-justify""><br></p><p class=""ql-align-justify""><br></p>"
282,398,ar,Al-Ilāh,المعنى المختصر,"<p class=""ql-direction-rtl ql-align-right""><span class=""ql-cursor"">﻿</span>  الجامع لجميع صفات الكمال ونعوت الجلال، المعبودُ الذي لا يَستحقُّ العبادةَ أحدًا سواه.</p>",أقوال العلماء,"<p class=""ql-direction-rtl ql-align-right""><span class=""ql-font-vazirmatn""><span class=""ql-cursor"">﻿</span>  </span>∎ قال ابنُ تيمية: (""الإلهُ"" هو الذي يُؤلَه فيُعبد، محبةً وإنابةً وإجلالًا وإكرامًا).</p><p>∎ قال ابنُ القيم: (أَمَّا ""الإلهُ"" فهو الجامِعُ لجميعِ صفاتِ الكمالِ ونُعُوتِ الجلال، فيدخُلُ في هذا الاسم جميعُ الأسماء الحسنى).</p><p>∎ قال السعدي: (""الإلهُ"" هو الجامع لجميع صفات الكمال ونعوت الجلال، فقد دخل في هذا الاسم جميع الأسماء الحسنى).</p><p class=""ql-align-justify""><br></p><p class=""ql-align-justify""><br></p><p class=""ql-align-justify""><br></p>"
283,399,ar,An-Nasīr,المعنى المختصر,"<p class=""ql-direction-rtl ql-align-right""><span class=""ql-cursor"">﻿</span>  الذي يَنصُرُ عِبادَهُ المُؤمنين ويُعِينُهُم.</p>",أقوال العلماء,"<p class=""ql-direction-rtl ql-align-right""><span class=""ql-font-vazirmatn""><span class=""ql-cursor"">﻿</span>  </span>∎ قال التيمي: (ومعناه: يَنصُرُ المؤمنين على أعدائهم، ويُثبِّتُ أقدامَهم عند لقاء عدوِّهم، ويُلقي الرعبَ في قُلُوبِ عدوِّهم).</p><p>∎ قال ابنُ تيمية: (وهو الهادي النصير، .. ويَنصُرُ رسلَه والذين آمنوا في الحياة الدنيا ويومَ يقومُ الأشهاد).</p><p>∎ قال الحَلِيمي: (المَوثوق منه بألَّا يُسلِم وليَّه ولا يَخذُلُهُ).</p><p class=""ql-align-justify""><br></p><p class=""ql-align-justify""><br></p><p class=""ql-align-justify""><br></p>"
284,400,ar,Al-Mawla,المعنى المختصر,"<p class=""ql-direction-rtl ql-align-right""><span class=""ql-cursor"">﻿</span>  مولى الخلق أجمعين بمعنى أنه سيدهم ومالكهم وخالقهم ومعبودهم الحق، ومولى عباده المؤمنين، يحبهم ويوفقهم وينصرهم ويُوصِلُ إليهم مصالحَهم، ويُيَسِّرَ لهم منافِعَهم الدينيّة والدنيويّة.</p>",أقوال العلماء,"<p class=""ql-direction-rtl ql-align-right""><span class=""ql-font-vazirmatn""><span class=""ql-cursor"">﻿</span>  </span>∎ قال الحَلِيمي: (المَأمولُ منه النصرُ والمَعَوْنةُ؛ لأنه هو المَالك).</p><p>∎ قال ابنُ القيم: (وهو نِعْم المَولى ونِعم النصير، فَمَن تَوَّلاه واستَنصرَ به وتَوَكَّلَ عليه وانقطعَ بِكُلِّيَّتِهِ إليه تَوَلّاه وحفظَه وحَرَسَه وصانَه).</p><p>∎ قال السعدي: (الذي يَتَولّى عبادَه المؤمنين، ويُوصِلُ إليهم مصالحَهم، ويُيَسِّرَ لهم منافِعَهم الدينيّة والدنيويّة).</p><p class=""ql-align-justify""><br></p><p class=""ql-align-justify""><br></p><p class=""ql-align-justify""><br></p>"
285,401,ar,Al-Hayiyy,المعنى المختصر,"<p class=""ql-direction-rtl ql-align-right""><span class=""ql-cursor"">﻿</span>  كَثِيرُ الحياء، وهو وَصْفٌ يَليقُ به ليس كحياءِ المَخلوقين بل هو تركُ ما ليس يتناسب مع سعِة رحمته، وكمالِ جوده وكرمه، وعظيم عفوه وحلمه.</p>",أقوال العلماء,"<p class=""ql-direction-rtl ql-align-right""><span class=""ql-font-vazirmatn""><span class=""ql-cursor"">﻿</span>  </span>∎ قال ابنُ القيم: (حَيِيٌّ يُحِبُّ أهلَ الحياءِ)، وقال في موضع آخر: (حياءُ الرَّبِّ تعالى مِن عبدِهِ فذاك نوعٌ آخَرُ لا تُدْرِكُهُ الأفهامُ ولا تُكَيِّفُهُ العقولُ، فإنه حياءُ كَرَمٍ وبِرٍّ وجُودٍ وجلالٍ).</p><p>∎ قال السعدي: (وهو الحَيِيّ، يُحِب أهلَ الحياء؛ ولهذا يَكرَهُ مِن عبدِهِ إذا فعل معصيةً أن يُذيعَها، بل يتوبُ إليه فيما بينه وبينه ولا يُظهرها للناس).</p><p class=""ql-align-justify""><br></p><p class=""ql-align-justify""><br></p><p class=""ql-align-justify""><br></p>"
286,402,ar,Al-Muhsin,المعنى المختصر,"<p class=""ql-direction-rtl ql-align-center"">  المُتَفَضِّلُ على عبادِهِ بأصنافِ النِّعَمِ الظاهرةِ والباطِنةِ.</p>",أقوال العلماء,"<p class=""ql-direction-rtl ql-align-justify""><span class=""ql-font-vazirmatn"">  </span>∎ قال ابنُ تيمية: (وأهلُ السُّنَّة يقولون: هو مُحسِنٌ إلى العبدِ متفضِّلٌ عليه، بأنْ أَرْسَل إليه الرسولَ ﷺ ، وأنْ جَعَلَ له السمعَ والبصرَ والفؤادَ الذي يعقلُ به، وأنْ هداه للإيمان، وأنْ أماتَه عليه، فكُلُّ هذا إحسانٌ منه إلى المؤمِن وتَفَضلٌ عليه).</p><p class=""ql-align-justify"">∎ قال ابنُ القيم: (لا محسن على الحقيقةِ بأصنافِ النِّعمِ الظاهرةِ والباطنةِ إلا [الله]).</p><p class=""ql-align-justify"">∎ قال البَرَّاك: (المُنْعِمُ بِجميعِ النِّعَم).</p><p class=""ql-align-justify""><br></p><p class=""ql-align-justify""><br></p><p class=""ql-align-justify""><br></p>"
419,278,pt,Allah,O Significado Curto,"<p class=""ql-direction-rtl ql-align-right"">Allah: é a divindade digna de adoração, amor, esperança e temor, o mais abrangente de todos significados dos sublimes nomes de Allah, e é constituido pelos demais atributos de Allah - o Altíssimo -</p>",Significadas,"<p class=""ql-direction-rtl ql-align-right""><span class=""ql-font-vazirmatn""><span class=""ql-cursor"">﻿</span> </span></p>"
420,278,ur,اللہ,المعنى المختصر,"<p class=""ql-direction-rtl ql-align-right"">اللہ : جو حقیقی طور پر عبادت کے لائق اور پرستش کا سزاوار ہے اور اس بات کا حق دار ہے کہ اس سے محبت کی جائے، امیدیں وابستہ کی جائیں اور ڈرا جائے۔ یہ لفظ اللہ کے تمام اسمائے حسنی کا جامع اور اس کی تمام صفات کو شامل ہے۔ </p>",مطلب,"<p class=""ql-direction-rtl ql-align-right""><span class=""ql-font-vazirmatn""><span class=""ql-cursor"">﻿</span>  </span></p>"
421,278,ru,Аллах,المعنى المختصر,"<p class=""ql-direction-rtl ql-align-right""><span class=""ql-font-vazirmatn"">Аллах: Истинный Бог, Единственный достойный поклонения с любовью, надеждой и страхом. Это имя вобрало в себя значения всех прекрасных имён Аллаха и охватывает все качества Всевышнего Аллаха.</span></p>",Значение,"<p class=""ql-direction-rtl ql-align-right""><span class=""ql-font-vazirmatn""><span class=""ql-cursor"">﻿</span></span></p>"
422,278,hi,अल्लाह,المعنى المختصر,"<p class=""ql-direction-rtl ql-align-right""><span class=""ql-font-vazirmatn"">अल्लाह : सत्य पूज्य, जो इस बात का अधिकारी है कि उससे प्रेम किया जाए, आशा रखी जाए और भय रखा जाए। इस एक शब्द के अंदर अल्लाह के सारे असमा-ए-हुसना (सुंदर नामों) के अर्थ और उसके सारे सदगुण समाहित हैं।</span></p>",अर्थ,"<p class=""ql-direction-rtl ql-align-right""><span class=""ql-font-vazirmatn""><span class=""ql-cursor"">﻿</span></span></p>"
423,278,fa,الله,المعنى المختصر,"<p class=""ql-direction-rtl ql-align-right""><span class=""ql-font-vazirmatn"">الله: همان خدایی است که به حق عبادت می شود، از روی محبت و امید و ترس، نامی که همهٔ معانی نامهای نیک الله و دیگر صفات او را در خود دارد.</span></p>",معنی,"<p class=""ql-direction-rtl ql-align-right""><span class=""ql-font-vazirmatn""><span class=""ql-cursor"">﻿</span></span></p>"
424,278,id,Allāh (Allah),المعنى المختصر,"<p class=""ql-direction-rtl ql-align-right""><span class=""ql-font-vazirmatn""><span class=""ql-cursor"">﻿</span>Allah adalah Ilah yang berhak disembah dengan penuh rasa cinta, harap, dan takut. Nama ini mencakup semua makna Al-Asmā` Al-Ḥusnā dan mengandung semua sifat-sifat Allah -Ta'ālā-. </span></p>",Arti,"<p class=""ql-direction-rtl ql-align-right""><span class=""ql-font-vazirmatn""><span class=""ql-cursor"">﻿</span>  </span></p>"
425,278,zh,真主,المعنى المختصر,"<p class=""ql-direction-rtl ql-align-right""><span class=""ql-font-vazirmatn""><span class=""ql-cursor"">﻿</span>真主：就是真正应受崇拜的主宰，并带着喜悦、希望和害怕，这一名称集合了真主所有尊名之含意，也包括了崇高真主的其他属性。</span></p>",意义,"<p class=""ql-direction-rtl ql-align-right""><span class=""ql-font-vazirmatn""><span class=""ql-cursor"">﻿</span> </span></p>"
426,278,bn,আল্লাহ,المعنى المختصر,"<p class=""ql-direction-rtl ql-align-right""><span class=""ql-font-vazirmatn"">-</span>আল্লাহ: আশা, ভয় ও ভালোবাসার বিবেচনায় তিনিই সত্যিকার উপাস্য ইলাহ। আল্লাহর সুন্দর নামসমূহের যাবতীয় অর্থের একত্রকারী এবং আল্লাহর সব সিফাতের অন্তর্ভুক্তকারী।</p>",অর্থ,"<p class=""ql-direction-rtl ql-align-right""><span class=""ql-font-vazirmatn""><span class=""ql-cursor"">﻿</span>  </span></p>"
429,279,pt,O Clemente (Al-Rahman),O Significado Curto,"<p class=""ql-direction-rtl ql-align-right"">O Clemente: possuidor da ampla e grandiosa misericórdia que abrange todas as coisas.</p>",Significadas,"<p class=""ql-direction-rtl ql-align-right""><span class=""ql-font-vazirmatn""><span class=""ql-cursor"">﻿</span>  </span></p>"
430,279,ur,رحمان,المعنى المختصر,"<p class=""ql-direction-rtl ql-align-right"">رحمان : لامحدود اور بے پناہ رحمتوں والا، جس کی رحمت کے دائرے سے کوئی چیز باہر نہیں۔ </p>",مطلب,"<p class=""ql-direction-rtl ql-align-right""><span class=""ql-font-vazirmatn""><span class=""ql-cursor"">﻿</span>  </span></p>"
431,279,ru,Ар-Рахман (Милостивый),المعنى المختصر,"<p class=""ql-direction-rtl ql-align-right"">Ар-Рахман: Обладатель великой, обширной милости, объемлющей всё сущее.</p>",Значение,"<p class=""ql-direction-rtl ql-align-right""><span class=""ql-font-vazirmatn""><span class=""ql-cursor"">﻿</span>  </span></p>"
432,279,hi,अर-रहमान (अत्यंत कृपाशील),المعنى المختصر,"<p class=""ql-direction-rtl ql-align-right"">अर-रहमान (अत्यंत कृपाशील) :महान और व्यापक कृपा, जो सब तक विस्तारित है, उसके साथत कृपा की बारिश करने वाला। </p>",अर्थ,"<p class=""ql-direction-rtl ql-align-right""><span class=""ql-font-vazirmatn""><span class=""ql-cursor"">﻿</span> </span></p>"
433,279,fa,الرحمان (دارای رحمت گسترده).,المعنى المختصر,"<p class=""ql-direction-rtl ql-align-right"">الرحمان: دارای رحمت گستردهٔ عظیم که همه چیز را بر گرفته است.</p>",معنی,"<p class=""ql-direction-rtl ql-align-right""><span class=""ql-font-vazirmatn""><span class=""ql-cursor"">﻿</span> </span></p>"
434,279,id,Ar-Rahmān (Maha Pengasih),المعنى المختصر,"<p class=""ql-direction-rtl ql-align-right"">Ar-Raḥmān: Pemilik rahmat yang luas lagi besar dan meliputi segala sesuatu. </p>",Arti,"<p class=""ql-direction-rtl ql-align-right""><span class=""ql-font-vazirmatn""><span class=""ql-cursor"">﻿</span>  </span></p>"
435,279,zh,普慈的,المعنى المختصر,"<p class=""ql-direction-rtl ql-align-right"">普慈的：具有宽宏大量，涵盖一切的仁慈。</p>",意义,"<p class=""ql-direction-rtl ql-align-right""><span class=""ql-font-vazirmatn""><span class=""ql-cursor"">﻿</span></span></p>"
436,279,bn,আর-রহমান (পরম দয়ালু),المعنى المختصر,"<p class=""ql-direction-rtl ql-align-right""><span class=""ql-font-vazirmatn""><span class=""ql-cursor"">﻿</span></span>আর-রহমান (পরম দয়ালু): মহান ও সুবিশাল রহমাতের মালিক, যা সবকিছুকে শামিল করে।</p>",অর্থ,"<p class=""ql-direction-rtl ql-align-right""><span class=""ql-font-vazirmatn""><span class=""ql-cursor"">﻿</span> </span></p>"
439,280,pt,O Misericordioso (Al-Rahim),O Significado Curto,"<p class=""ql-direction-rtl ql-align-right"">O Misericordioso: o Possuidor da grandiosa misericórdia relativa aos que Allah tem misericórdia.</p>",Significadas,"<p class=""ql-direction-rtl ql-align-right""><span class=""ql-font-vazirmatn""><span class=""ql-cursor"">﻿</span> </span></p>"
440,280,ur,رحیم,المعنى المختصر,"<p class=""ql-direction-rtl ql-align-right"">رحیم: بڑی رحمتوں والا، جس کی رحمت مخلوق سے جڑی ہوئی ہے۔</p>",مطلب,"<p class=""ql-direction-rtl ql-align-right""><span class=""ql-font-vazirmatn""><span class=""ql-cursor"">﻿</span></span></p>"
441,280,ru,Ар-Рахим (Милующий),المعنى المختصر,"<p class=""ql-direction-rtl ql-align-right"">Ар-Рахим: Обладатель великой милости, проявляемой по отношению к объекту этой милости.</p>",Значение,"<p class=""ql-direction-rtl ql-align-right""><span class=""ql-font-vazirmatn""><span class=""ql-cursor"">﻿</span></span></p>"
442,280,hi,अर-रहीम ( अति कृपाशील),المعنى المختصر,"<p class=""ql-direction-rtl ql-align-right"">अर रहीम (अति कृपाशील) : उस बड़ी कृपा का मालिक, जिसकी कृपा सृष्टियों से जुड़ी हुई हो।</p>",अर्थ,"<p class=""ql-direction-rtl ql-align-right""><span class=""ql-font-vazirmatn""><span class=""ql-cursor"">﻿</span></span></p>"
443,280,fa,الرحیم (مهربان),المعنى المختصر,"<p class=""ql-direction-rtl ql-align-right"">الرحیم: دارای رحمتی بس بزرگ که به مرحوم (شخص مورد رحمت) تعلق می یابد.</p>",معنی,"<p class=""ql-direction-rtl ql-align-right""><span class=""ql-font-vazirmatn""><span class=""ql-cursor"">﻿</span></span></p>"
444,280,id,Ar-Raḥīm (Maha Penyayang),المعنى المختصر,"<p class=""ql-direction-rtl ql-align-right"">Ar-Raḥīm: Pemilik rahmat agung yang melekat dan dicurahkan pada yang dirahmati.</p>",Arti,"<p class=""ql-direction-rtl ql-align-right""><span class=""ql-font-vazirmatn""><span class=""ql-cursor"">﻿</span></span></p>"
445,280,zh,特慈的,المعنى المختصر,"<p class=""ql-direction-rtl ql-align-right"">特慈的：具有伟大仁慈，常系被疼慈之人的主宰</p>",意义,"<p class=""ql-direction-rtl ql-align-right""><span class=""ql-font-vazirmatn""><span class=""ql-cursor"">﻿</span></span></p>"
446,280,bn,আর রাহীম (পরম দয়ালু),المعنى المختصر,"<p class=""ql-direction-rtl ql-align-right"">আর রাহীম (পরম দয়ালু): মহা রহমাতের অধিকারী, যা রহমকৃতদের সাথে সম্পৃক্ত।</p>",অর্থ,"<p class=""ql-direction-rtl ql-align-right""><span class=""ql-font-vazirmatn""><span class=""ql-cursor"">﻿</span></span></p>"
449,281,pt,O Rei (Al-Malik),O Significado Curto,"<p class=""ql-direction-rtl ql-align-right"">O Rei: é descrito pelos atributos da grandeza, o domínio, o planejamento, o Soberano de todas as coisas, que manifesta nelas sem exageros e sem impedimento. </p>",Significadas,"<p class=""ql-direction-rtl ql-align-right""><span class=""ql-font-vazirmatn""><span class=""ql-cursor"">﻿</span> </span></p>"
450,281,ur,بادشاہ,المعنى المختصر,"<p class=""ql-direction-rtl ql-align-right"">المَلِك (بادشاہ) : جو عظمت، غلبہ اور تدبیر کی صفات سے متصف ہے، تمام چیزوں کا مالک ہے اور ان کے بارے میں جیسے چاہتا ہے تصرف کرتا ہے۔</p>",مطلب,"<p class=""ql-direction-rtl ql-align-right""><span class=""ql-font-vazirmatn""><span class=""ql-cursor"">﻿</span></span></p>"
451,281,ru,"Аль-Малик (Царь, Владыка, Властелин)",المعنى المختصر,"<p class=""ql-direction-rtl ql-align-right"">Аль-Малик: Обладающий качествами величия, одолевания и управления, владеющий всем сущим, распоряжающийся всем сущим, власть Которого никто не способен оспорить и Которому никто не может противостоять.</p>",Значение,"<p class=""ql-direction-rtl ql-align-right""><span class=""ql-font-vazirmatn""><span class=""ql-cursor"">﻿</span></span></p>"
452,281,hi,अल-मलिक (बादशाह),المعنى المختصر,"<p class=""ql-direction-rtl ql-align-right"">अल-मलिक (बादशाह) : जो महानता, आधिपत्य और व्यवस्था करने के गुणों से विशेषित तथा तमाम वस्तुओं का मालिक एवं उन्हें अपने हिसाब से संचालित करने वाला हो और इस कार्य में न उसकी कोई प्रतिस्पर्धा करने वाला हो और ना अड़चनें खड़ी करने वाला।</p>",अर्थ,"<p class=""ql-direction-rtl ql-align-right""><span class=""ql-font-vazirmatn""><span class=""ql-cursor"">﻿</span></span></p>"
453,281,fa,المَلِک (پادشاه),المعنى المختصر,"<p class=""ql-direction-rtl ql-align-right"">مَلِک: آن کسی که به صفات عظمت و قدرت و تدبیر موصوف است، آنکه مالک همه چیز است و بدون مبالغه و بدون آنکه کسی در برابر قرار گیرد در آن تصرف می کند.</p>",معنی,"<p class=""ql-direction-rtl ql-align-right""><span class=""ql-font-vazirmatn""><span class=""ql-cursor"">﻿</span></span></p>"
454,281,id,Al-Malik (Maharaja),المعنى المختصر,"<p class=""ql-direction-rtl ql-align-right"">Al-Malik: Penghimpun sifat-sifat keagungan, kekuasaan, dan pengaturan, serta pemilik segala sesuatu dan pengaturnya tanpa ada perlawanan maupun penolakan.</p>",Arti,"<p class=""ql-direction-rtl ql-align-right""><span class=""ql-font-vazirmatn""><span class=""ql-cursor"">﻿</span></span></p>"
455,281,zh,国权,المعنى المختصر,"<p class=""ql-direction-rtl ql-align-right"">国权：是一种对伟大、征服、计划之属性的一种描述，是所有一切的掌管者，调配者，其中没有夸张，没有争论。</p>",意义,"<p class=""ql-direction-rtl ql-align-right""><span class=""ql-font-vazirmatn""><span class=""ql-cursor"">﻿</span></span></p>"
456,281,bn,আল-মালিক (বাদশাহ),المعنى المختصر,"<p class=""ql-direction-rtl ql-align-right"">আল-মালিক (বাদশাহ): যিনি মহত্ব, সর্বক্ষমতা ও নিয়স্ত্রকের গুণে গুনান্বিত। আর যিনি সবকিছুর মালিক, তাতে কোন প্রকার বাঁধা-বিঘ্ন ও প্রতিরোধ ছাড়া পরিচালনাকারী।</p>",অর্থ,"<p class=""ql-direction-rtl ql-align-right""><span class=""ql-font-vazirmatn""><span class=""ql-cursor"">﻿</span></span></p>"
459,282,pt,O Santo (Al-Quddus),O Significado Curto,"<p class=""ql-direction-rtl ql-align-right"">O Santo: o Grandioso, livre de todos atributos imperfeitos e não se permite propor exemplos de uma das criaturas.</p>",Significadas,"<p class=""ql-direction-rtl ql-align-right""><span class=""ql-font-vazirmatn""><span class=""ql-cursor"">﻿</span> </span></p>"
460,282,ur,ہر نقص و عیب سے پاک,المعنى المختصر,"<p class=""ql-direction-rtl ql-align-right"">القُدُّوس (ہر نقص و عیب سے پاک) : ہر طرح کی کمیوں سے پاک اور اس بات سے بالا و برتر کہ اس کی کوئی مخلوق اس کی طرح ہو۔</p>",مطلب,"<p class=""ql-direction-rtl ql-align-right""><span class=""ql-font-vazirmatn""><span class=""ql-cursor"">﻿</span></span></p>"
461,282,ru,"Аль-Куддус (Святой, Совершенный)",المعنى المختصر,"<p class=""ql-direction-rtl ql-align-right"">Аль-Куддус: Возвеличиваемый, свободный от каких-либо изъянов и недостатков и от того, чтобы что-то из сотворённого было равным или подобным Ему.</p>",Значение,"<p class=""ql-direction-rtl ql-align-right""><span class=""ql-font-vazirmatn""><span class=""ql-cursor"">﻿</span></span></p>"
462,282,hi,अल-क़ुद्दूस (पवित्र),المعنى المختصر,"<p class=""ql-direction-rtl ql-align-right"">अल-क़ुद्दूस (पवित्र) : त्रुटियों पर आधारित सभी अवगुणों से पाक और इस बात से भी पवित्र कि कोई सृष्टि उसके जैसी हो।</p>",अर्थ,"<p class=""ql-direction-rtl ql-align-right""><span class=""ql-font-vazirmatn""><span class=""ql-cursor"">﻿</span></span></p>"
463,282,fa,قُدّوس,المعنى المختصر,"<p class=""ql-direction-rtl ql-align-right"">قُدوس: بزرگواری که از همهٔ صفات نقص منزّه است و از اینکه هیچ آفریده ای مانند او باشد.</p>",معنی,"<p class=""ql-direction-rtl ql-align-right""><span class=""ql-font-vazirmatn""><span class=""ql-cursor"">﻿</span></span></p>"
464,282,id,Al-Quddūs (Mahasuci),المعنى المختصر,"<p class=""ql-direction-rtl ql-align-right"">Al-Quddūs: Yang diagungkan dan disucikan dari seluruh sifat kekurangan, dan dari disamai oleh setiap makhluk.</p>",Arti,"<p class=""ql-direction-rtl ql-align-right""><span class=""ql-font-vazirmatn""><span class=""ql-cursor"">﻿</span></span></p>"
465,282,zh,神圣的,المعنى المختصر,"<p class=""ql-direction-rtl ql-align-right"">神圣的：伟大的、没有任何瑕疵的，没有任何被造物可以比拟。</p>",意义,"<p class=""ql-direction-rtl ql-align-right""><span class=""ql-font-vazirmatn""><span class=""ql-cursor"">﻿</span></span></p>"
466,282,bn,আল-কুদ্দূস (মহা পবিত্র),المعنى المختصر,"<p class=""ql-direction-rtl ql-align-right"">আল-কুদ্দূস (মহা পবিত্র): দুর্বলতা ও যাবতীয় অপূর্ণতার দোষ থেকে এবং কোন মাখলুক তার সদৃশ হওয়া থেকে তিনি মহা পবিত্র।</p>",অর্থ,"<p class=""ql-direction-rtl ql-align-right""><span class=""ql-font-vazirmatn""><span class=""ql-cursor"">﻿</span></span></p>"
469,283,pt,O Pacífico (As-Salam),O Significado Curto,"<p class=""ql-direction-rtl ql-align-right"">O Pacífico: livre de toda imperfeição, desgraça e defeito.</p>",Significadas,"<p class=""ql-direction-rtl ql-align-right""><span class=""ql-font-vazirmatn""><span class=""ql-cursor"">﻿</span> </span></p>"
470,283,ur,نقائص اور عیوب سے پاک,المعنى المختصر,"<p class=""ql-direction-rtl ql-align-right"">نقائص و عیوب سے پاک : وہ ذات، جو ہر نقص، آفت اور عیب سے پاک ہو۔</p>",مطلب,"<p class=""ql-direction-rtl ql-align-right""><span class=""ql-font-vazirmatn""><span class=""ql-cursor"">﻿</span></span></p>"
471,283,ru,"Ас-Салям (Пречистый, Свободный от всего неподобающего)",المعنى المختصر,"<p class=""ql-direction-rtl ql-align-right"">Ас-Салям: Свободный от любых пороков, изъянов и недостатков.</p>",Значение,"<p class=""ql-direction-rtl ql-align-right""><span class=""ql-font-vazirmatn""><span class=""ql-cursor"">﻿</span></span></p>"
472,283,hi,अस-सलाम (दोषरहित),المعنى المختصر,"<p class=""ql-direction-rtl ql-align-right"">अस-सलाम (दोषरहित) : हर कमी, त्रुटि और दोष से पाक।</p>",अर्थ,"<p class=""ql-direction-rtl ql-align-right""><span class=""ql-font-vazirmatn""><span class=""ql-cursor"">﻿</span></span></p>"
473,283,fa,السلام,المعنى المختصر,"<p class=""ql-direction-rtl ql-align-right"">سلام: سالم از هرگونه نقص و آفت و عیب.</p>",معنی,"<p class=""ql-direction-rtl ql-align-right""><span class=""ql-font-vazirmatn""><span class=""ql-cursor"">﻿</span></span></p>"
474,283,id,As-Salām (Mahasejahtera),المعنى المختصر,"<p class=""ql-direction-rtl ql-align-right"">As-Salām: Yang selamat dari semua kekurangan, cacat, dan aib.</p>",Arti,"<p class=""ql-direction-rtl ql-align-right""><span class=""ql-font-vazirmatn""><span class=""ql-cursor"">﻿</span></span></p>"
475,283,zh,平安的,المعنى المختصر,"<p class=""ql-direction-rtl ql-align-right"">平安的：平安没有任何缺点、残疾和毛病。</p>",意义,"<p class=""ql-direction-rtl ql-align-right""><span class=""ql-font-vazirmatn""><span class=""ql-cursor"">﻿</span></span></p>"
476,283,bn,"আস-সালাম (নিরাপত্তা-দানকারী, শান্তি-দানকারী)",المعنى المختصر,"<p class=""ql-direction-rtl ql-align-right"">আস-সালাম (নিরাপত্তা-দানকারী, শান্তি-দানকারী): যিনি সর্ব প্রকার দুর্বলতা, দোষ ও ত্রুটি-বিচ্যুতি থেকে পবিত্র।</p>",অর্থ,"<p class=""ql-direction-rtl ql-align-right""><span class=""ql-font-vazirmatn""><span class=""ql-cursor"">﻿</span></span></p>"
479,284,pt,O Predominante: (Al-Muhaimin),O Significado Curto,"<p class=""ql-direction-rtl ql-align-right"">O Predominante: é aquele que mantém e controla a criatura, se manifesta sobre eles, aquele que Seu conhecimento abrange todas as coisas.</p>",Significadas,"<p class=""ql-direction-rtl ql-align-right""><span class=""ql-font-vazirmatn""><span class=""ql-cursor"">﻿</span> </span></p>"
480,284,ur,نگہبان,المعنى المختصر,"<p class=""ql-direction-rtl ql-align-right"">المُهَيْمِن (نگہبان) : وہ ذات جو مخلوق کی نگہبان، حاکم، انھیں اپنے حساب سے چلانے والی اور ان کی پوری خبر رکھنے والی ہے۔</p>",مطلب,"<p class=""ql-direction-rtl ql-align-right""><span class=""ql-font-vazirmatn""><span class=""ql-cursor"">﻿</span></span></p>"
481,284,ru,Аль-Мухаймин (Хранитель),المعنى المختصر,"<p class=""ql-direction-rtl ql-align-right"">Аль-Мухаймин: главенствующий над творениями, распоряжающийся и управляющий ими, объемлющий всё Своим знанием.</p>",Значение,"<p class=""ql-direction-rtl ql-align-right""><span class=""ql-font-vazirmatn""><span class=""ql-cursor"">﻿</span></span></p>"
482,284,hi,"अल-मुहैमिन (शासक,संरक्षक, संचालक, ज्ञाता )",المعنى المختصر,"<p class=""ql-direction-rtl ql-align-right"">अल-मुहैमिन (शासक,संरक्षक, संचालक, ज्ञाता ) : सृष्टियों की निगरानी करने वाला, उनका वास्तविक शासनकर्ता और उनपर अपना आदेश चलाने वाला, जिसने हर चीज़ को अपने ज्ञान के दायरे में ले रखा है।</p>",अर्थ,"<p class=""ql-direction-rtl ql-align-right""><span class=""ql-font-vazirmatn""><span class=""ql-cursor"">﻿</span></span></p>"
483,284,fa,مُهَیمِن,المعنى المختصر,"<p class=""ql-direction-rtl ql-align-right"">مُهَیمِن: آنکه قائم بر [امور] خلق و حاکم بر آنان است و [هر طور بخواهد] در [امر] آنان تصرف می کند و با علم خود بر هر چیزی احاطه دارد.</p>",معنی,"<p class=""ql-direction-rtl ql-align-right""><span class=""ql-font-vazirmatn""><span class=""ql-cursor"">﻿</span></span></p>"
484,284,id,Al-Muhaimin (Maha Memelihara),المعنى المختصر,"<p class=""ql-direction-rtl ql-align-right"">Al-Muhaimin: Pengurus seluruh makhluk dan pemutus perkara di antara mereka; Pemelihara dan pengatur mereka; Pemilik ilmu yang meliputi segala sesuatu.</p>",Arti,"<p class=""ql-direction-rtl ql-align-right""><span class=""ql-font-vazirmatn""><span class=""ql-cursor"">﻿</span></span></p>"
485,284,zh,掌控的主,المعنى المختصر,"<p class=""ql-direction-rtl ql-align-right"">掌控的主：站在众生之上，统治者他们，安排他们事务，周知一切。</p>",意义,"<p class=""ql-direction-rtl ql-align-right""><span class=""ql-font-vazirmatn""><span class=""ql-cursor"">﻿</span></span></p>"
486,284,bn,আল-মুহাইমিন (পরিপূর্ণ রক্ষণাবেক্ষণকারী),المعنى المختصر,"<p class=""ql-direction-rtl ql-align-right"">আল-মুহাইমিন (পরিপূর্ণ রক্ষণাবেক্ষণকারী): মাখলুকের তত্বাবধায়ক, তাদের নিয়ন্ত্রক এবং তাদের পরিচালক, যিনি প্রতিটি বস্তুকে তার ইলম দ্বারা পরিবেষ্টিত করে রেখেছেন।</p>",অর্থ,"<p class=""ql-direction-rtl ql-align-right""><span class=""ql-font-vazirmatn""><span class=""ql-cursor"">﻿</span></span></p>"
489,285,pt,O Supremo (Al-Aziz),O Significado Curto,"<p class=""ql-direction-rtl ql-align-right"">O Supremo: aquele que tem supremacia completa, aquele que tem domínio de tudo através do Seu poder de força, o poder da independência e seu poder de impedimento.</p>",Significadas,"<p class=""ql-direction-rtl ql-align-right""><span class=""ql-font-vazirmatn""><span class=""ql-cursor"">﻿</span> </span></p>"
490,285,ur,غالب,المعنى المختصر,"<p class=""ql-direction-rtl ql-align-right"">العزيزُ (غالب) : وہ ذات جو کامل عزت کی مالک ہو اور اپنی طاقت و قوت اور بالادستی کی بنا پر ہر چیز پر غالب ہو۔</p>",مطلب,"<p class=""ql-direction-rtl ql-align-right""><span class=""ql-font-vazirmatn""><span class=""ql-cursor"">﻿</span></span></p>"
491,285,ru,Аль-‘Азиз (Могущественный),المعنى المختصر,"<p class=""ql-direction-rtl ql-align-right"">Аль-‘Азиз: Обладающий абсолютным могуществом, одолевающий всё помимо Него Самого Своей силой, властью и непобедимостью.</p>",Значение,"<p class=""ql-direction-rtl ql-align-right""><span class=""ql-font-vazirmatn""><span class=""ql-cursor"">﻿</span></span></p>"
492,285,hi,अल- अ'ज़ीज़ (अत्यंत प्रभावशाली),المعنى المختصر,"<p class=""ql-direction-rtl ql-align-right"">अल- अ'ज़ीज़ (अत्यंत प्रभावशाली) : जो संपूर्ण प्रतिष्ठा तथा शक्ति का मालिक है तथा जिसकी शक्ति और आधिपत्य के सामने हर चीज़ नतमस्तक है।</p>",अर्थ,"<p class=""ql-direction-rtl ql-align-right""><span class=""ql-font-vazirmatn""><span class=""ql-cursor"">﻿</span></span></p>"
493,285,fa,العَزیز,المعنى المختصر,"<p class=""ql-direction-rtl ql-align-right"">عزیز: آن که دارای عزت کامل است و هر که جز خود را با قدرت و غلبه و امتناع تحت قدرت قهریهٔ خود دارد.</p>",معنی,"<p class=""ql-direction-rtl ql-align-right""><span class=""ql-font-vazirmatn""><span class=""ql-cursor"">﻿</span></span></p>"
494,285,id,Al-'Azīz (Mahamulia),المعنى المختصر,"<p class=""ql-direction-rtl ql-align-right"">Al-'Azīz: Pemilik kemuliaan yang sempurna dan Yang mengalahkan selain diri-Nya dengan kekuatan-Nya, keperkasaan-Nya, dan ketahanan-Nya.</p>",Arti,"<p class=""ql-direction-rtl ql-align-right""><span class=""ql-font-vazirmatn""><span class=""ql-cursor"">﻿</span></span></p>"
495,285,zh,强胜的主,المعنى المختصر,"<p class=""ql-direction-rtl ql-align-right"">强胜的主：他具有完美的能力，以他的力量、强胜和阻挡力掌控着一切。</p>",意义,"<p class=""ql-direction-rtl ql-align-right""><span class=""ql-font-vazirmatn""><span class=""ql-cursor"">﻿</span></span></p>"
496,285,bn,"আল-আযীয (পরাক্রমশালী, অপরাজেয়)",المعنى المختصر,"<p class=""ql-direction-rtl ql-align-right"">আল-আযীয (পরাক্রমশালী, অপরাজেয়): যার জন্য রয়েছে পরিপূর্ণ সম্মান। যিনি নিজেকে ছাড়া বাকী সবকিছুকে তার শক্তি, ক্ষমতা ও অধিকার দিয়ে করায়ত্ব করে রেখেছেন।</p>",অর্থ,"<p class=""ql-direction-rtl ql-align-right""><span class=""ql-font-vazirmatn""><span class=""ql-cursor"">﻿</span></span></p>"
499,286,pt,O Transcendente (Al-Jabbar),O Significado Curto,"<p class=""ql-direction-rtl ql-align-right"">O Transcendente: o Superior sobre a sua criatura, aquele que tem domínio de todas as coisas, aquele que todas coisas se submetem a Ele, e todas coisas se rebaixam a Ele, e aquele que consola quem se volta a Ele.</p>",Significadas,"<p class=""ql-direction-rtl ql-align-right""><span class=""ql-font-vazirmatn""><span class=""ql-cursor"">﻿</span> </span></p>"
500,286,ur,زور آور,المعنى المختصر,"<p class=""ql-direction-rtl ql-align-right"">الجَبَّار (زور آور) : وہ ذات جو اپنی مخلوق سے بالا و برتر ہو، ہر چیز پر غالب ہو، ہر چیز اس کی فرماں برداری کرتی اور اس کے آگے جھکتی ہو اور جو بھی اس کی پناہ میں آئے اس کی تسلی کا سامان کرتی ہو۔</p>",مطلب,"<p class=""ql-direction-rtl ql-align-right""><span class=""ql-font-vazirmatn""><span class=""ql-cursor"">﻿</span></span></p>"
501,286,ru,Аль-Джаббар (Могучий),المعنى المختصر,"<p class=""ql-direction-rtl ql-align-right"">Аль-Джаббар: Возвысившийся над творениями, Обладающий властью над всем сущим, Тот, Кому подчинено всё и Кому покоряется всё, Тот, Кто защищает и поддерживает того, кто обращается к Нему за защитой.</p>",Значение,"<p class=""ql-direction-rtl ql-align-right""><span class=""ql-font-vazirmatn""><span class=""ql-cursor"">﻿</span></span></p>"
502,286,hi,"अल-जब्बार (सर्वोच्च, अधिपति, दयावान)",المعنى المختصر,"<p class=""ql-direction-rtl ql-align-right"">अल-जब्बार (सर्वोच्च, अधिपति, दयावान) : अपनी सृष्टि से ऊँचा और जिसको हर चीज़ पर पूर्ण आधिपत्य एवं एकाधिकार प्राप्त है, जिसके सामने हर चीज़ झुकी है और जो अपने यहाँ शरण लेने वाले का हर दुख दूर करता है।</p>",अर्थ,"<p class=""ql-direction-rtl ql-align-right""><span class=""ql-font-vazirmatn""><span class=""ql-cursor"">﻿</span></span></p>"
503,286,fa,الجَبّار,المعنى المختصر,"<p class=""ql-direction-rtl ql-align-right"">الَجّبار: آنکه بر آفریدگانش برتر و بالاتر است و هر چیز در پیشگاه او خاکسار است و همه چیز به زیر سلطهٔ اوست و شکستگی ها و زخم های هر کس به او پناه آورد را درمان کند.</p>",معنی,"<p class=""ql-direction-rtl ql-align-right""><span class=""ql-font-vazirmatn""><span class=""ql-cursor"">﻿</span></span></p>"
504,286,id,Al-Jabbār (Mahaperkasa),المعنى المختصر,"<p class=""ql-direction-rtl ql-align-right"">Al-Jabbār: Yang tinggi di atas makhluk-Nya; Penguasa segala sesuatu; Yang tunduk kepada-Nya segala sesuatu; Yang melindungi dan menghibur orang yang berlindung kepada-Nya.</p>",Arti,"<p class=""ql-direction-rtl ql-align-right""><span class=""ql-font-vazirmatn""><span class=""ql-cursor"">﻿</span></span></p>"
505,286,zh,强大的主,المعنى المختصر,"<p class=""ql-direction-rtl ql-align-right"">强大的主：在众生之上，掌控一切，所有的一切都信仰他，臣服于他，不得不求助于他。</p>",意义,"<p class=""ql-direction-rtl ql-align-right""><span class=""ql-font-vazirmatn""><span class=""ql-cursor"">﻿</span></span></p>"
506,286,bn,আল-জাব্বার (প্রতাপশালী),المعنى المختصر,"<p class=""ql-direction-rtl ql-align-right"">আল-জাব্বার (প্রতাপশালী): স্বীয় মাখলুকের ওপর মহান, সবকিছুর ওপর ক্ষমতাধর সত্বা যার জন্য সবকিছু নমনীয় ও বিনয়াবলম্বনকারী। আর যে তার কাছে আশ্রয় চায় তাকে তিনি আশ্রয় দেন।</p>",অর্থ,"<p class=""ql-direction-rtl ql-align-right""><span class=""ql-font-vazirmatn""><span class=""ql-cursor"">﻿</span></span></p>"
509,287,pt,O Supremo (Al-Mutakkabir),O Significado Curto,"<p class=""ql-direction-rtl ql-align-right"">O Supremo: O Magnífico e Grandioso acima de toda falha, imperfeição e defeito, pela Sua perfeição e majestade.</p>",Significadas,"<p class=""ql-direction-rtl ql-align-right""><span class=""ql-font-vazirmatn""><span class=""ql-cursor"">﻿</span> </span></p>"
510,287,ur,بڑائی والا,المعنى المختصر,"<p class=""ql-direction-rtl ql-align-right"">المُتَكَبِّر (بڑائی والا) : وہ ذات جو اس قدر کامل اور صاحب جلال ہے کہ ہر برائی، نقص اور عیب سے برتر و بالا ہے۔</p>",مطلب,"<p class=""ql-direction-rtl ql-align-right""><span class=""ql-font-vazirmatn""><span class=""ql-cursor"">﻿</span></span></p>"
511,287,ru,"Аль-Мутакаббир (Величавый, Горделивый)",المعنى المختصر,"<p class=""ql-direction-rtl ql-align-right"">Аль-Мутакаббир: Возвышенный, Свободный в Своём величии от всего скверного, от изъянов и пороков, в силу присущего Ему совершенства и величия.</p>",Значение,"<p class=""ql-direction-rtl ql-align-right""><span class=""ql-font-vazirmatn""><span class=""ql-cursor"">﻿</span></span></p>"
512,287,hi,अल-मुतकब्बिर ( बड़ाई वाला एवं बुराई कमी और दोष से परे),المعنى المختصر,"<p class=""ql-direction-rtl ql-align-right"">बड़ाई वाला एवं बुराई कमी और दोष से परे : जो अपनी संपूर्णता और प्रताप के कारण महान तथा हर बुराई, कमी और दोष से परे हो।</p>",अर्थ,"<p class=""ql-direction-rtl ql-align-right""><span class=""ql-font-vazirmatn""><span class=""ql-cursor"">﻿</span></span></p>"
513,287,fa,مُتَکبّر,المعنى المختصر,"<p class=""ql-direction-rtl ql-align-right"">مُتکبّر: آنکه به سبب کمال و جلالش، خود را از هر بدی و نقص و عیبی والاتر و بزرگتر می داند. </p>",معنی,"<p class=""ql-direction-rtl ql-align-right""><span class=""ql-font-vazirmatn""><span class=""ql-cursor"">﻿</span></span></p>"
514,287,id,Al-Mutakabbir (Mahatakabur),المعنى المختصر,"<p class=""ql-direction-rtl ql-align-right"">Al-Mutakabbir: Mahatinggi dan Mahaagung dari berbagai keburukan, kekurangan, dan cacat karena kesempurnaan dan kemulian-Nya.</p>",Arti,"<p class=""ql-direction-rtl ql-align-right""><span class=""ql-font-vazirmatn""><span class=""ql-cursor"">﻿</span></span></p>"
515,287,zh,尊大的,المعنى المختصر,"<p class=""ql-direction-rtl ql-align-right"">尊大的：他是崇高伟大的，具有一切完美尊严的，超越一切恶、缺陷和不足。</p>",意义,"<p class=""ql-direction-rtl ql-align-right""><span class=""ql-font-vazirmatn""><span class=""ql-cursor"">﻿</span></span></p>"
516,287,bn,আল-মুতাকাব্বির (নিরঙ্কুশ শ্রেষ্ঠত্বের অধিকারী),المعنى المختصر,"<p class=""ql-direction-rtl ql-align-right"">আল-মুতাকাব্বির (নিরঙ্কুশ শ্রেষ্ঠত্বের অধিকারী): যিনি তার পূর্ণতা ও মহিমান্বিত হওয়ার কারণে অকল্যাণ, অপূর্ণতা, দুর্বলতা ও দোষত্রৃটির উর্ধ্বে।</p>",অর্থ,"<p class=""ql-direction-rtl ql-align-right""><span class=""ql-font-vazirmatn""><span class=""ql-cursor"">﻿</span></span></p>"
519,288,pt,O Criador (Al-Kháliq),O Significado Curto,"<p class=""ql-direction-rtl ql-align-right"">O Criador: Aquele que fez existir inicialmente as coisas sem haver existido nada antes dela.</p>",Significadas,"<p class=""ql-direction-rtl ql-align-right""><span class=""ql-font-vazirmatn""><span class=""ql-cursor"">﻿</span> </span></p>"
520,288,ur,خالق,المعنى المختصر,"<p class=""ql-direction-rtl ql-align-right"">خالق : جس نے کسی نمونے کے بغیر ساری چیزوں کو وجود بخشا ہے۔</p>",مطلب,"<p class=""ql-direction-rtl ql-align-right""><span class=""ql-font-vazirmatn""><span class=""ql-cursor"">﻿</span></span></p>"
521,288,ru,Аль-Халик (Творец),المعنى المختصر,"<p class=""ql-direction-rtl ql-align-right"">Аль-Халик: Сотворивший всё сущее и создавший их без какого-либо образца и лекала.</p>",Значение,"<p class=""ql-direction-rtl ql-align-right""><span class=""ql-font-vazirmatn""><span class=""ql-cursor"">﻿</span></span></p>"
522,288,hi,अल-ख़ालिक़ (सृष्टिकर्ता),المعنى المختصر,"<p class=""ql-direction-rtl ql-align-right"">सृष्टिकर्ता : बिना किसी नमूने के सारी वस्तुओं को अस्तित्व प्रदान करने वाला और पैदा करने वाला।</p>",अर्थ,"<p class=""ql-direction-rtl ql-align-right""><span class=""ql-font-vazirmatn""><span class=""ql-cursor"">﻿</span></span></p>"
523,288,fa,خالق (آفریدگار),المعنى المختصر,"<p class=""ql-direction-rtl ql-align-right"">خالق: پدید آورندهٔ اشیا و مخترع آن بدون مثال پیشین.</p>",معنی,"<p class=""ql-direction-rtl ql-align-right""><span class=""ql-font-vazirmatn""><span class=""ql-cursor"">﻿</span></span></p>"
524,288,id,Al-Khāliq (Maha Pencipta),المعنى المختصر,"<p class=""ql-direction-rtl ql-align-right"">Al-Khāliq: Pencipta dan pembuat segala sesuatu tanpa ada contoh sebelumnya.</p>",Arti,"<p class=""ql-direction-rtl ql-align-right""><span class=""ql-font-vazirmatn""><span class=""ql-cursor"">﻿</span></span></p>"
525,288,zh,创造者,المعنى المختصر,"<p class=""ql-direction-rtl ql-align-right"">创造者：创造万物，使他们从无到有。</p>",意义,"<p class=""ql-direction-rtl ql-align-right""><span class=""ql-font-vazirmatn""><span class=""ql-cursor"">﻿</span></span></p>"
526,288,bn,আল-খালিক (সৃষ্টিকর্তা),المعنى المختصر,"<p class=""ql-direction-rtl ql-align-right"">আল-খালিক (সৃষ্টিকর্তা): পূর্বে কোন দৃষ্টান্ত ছাড়া সবকিছুর আবিষ্কারক ও অস্তিত্বদানকারী।</p>",অর্থ,"<p class=""ql-direction-rtl ql-align-right""><span class=""ql-font-vazirmatn""><span class=""ql-cursor"">﻿</span></span></p>"
529,289,pt,,,,,
530,289,ur,,,,,
531,289,ru,,,,,
532,289,hi,,,,,
533,289,fa,,,,,
534,289,id,,,,,
535,289,zh,,,,,
536,289,bn,,,,,
539,290,pt,O Dadivador (Al-Wahab),O Significado Curto,"<p class=""ql-direction-rtl ql-align-right"">O Dadivador: Aquele que dá em demasia e presenteia, Aquele que Sua generosidade abrange por inteiro as criaturas.</p>",Significadas,"<p class=""ql-direction-rtl ql-align-right""><span class=""ql-font-vazirmatn""><span class=""ql-cursor"">﻿</span>  </span></p>"
540,290,ur,بہت زیادہ دینے والا,المعنى المختصر,"<p class=""ql-direction-rtl ql-align-right"">الوَهَّاب (بہت زیادہ دینے والا) : جو بڑے پیمانے پر نوازنے والا اور عطا کرنے والا ہے اور جس کی نوازش اور سخاوت سے ساری کائنات مستفید ہو رہی ہے۔</p>",مطلب,"<p class=""ql-direction-rtl ql-align-right""><span class=""ql-font-vazirmatn""><span class=""ql-cursor"">﻿</span></span></p>"
541,290,ru,"Аль-Ваххаб (Дарующий, Даритель)",المعنى المختصر,"<p class=""ql-direction-rtl ql-align-right"">ль-Ваххаб: щедро и обильно дарующий, Объемлющий Своей щедростью все творения.</p>",Значение,"<p class=""ql-direction-rtl ql-align-right""><span class=""ql-font-vazirmatn""><span class=""ql-cursor"">﻿</span></span></p>"
542,290,hi,अल-वह्हाब (बहुत ज़्यादा प्रदान करने वाला),المعنى المختصر,"<p class=""ql-direction-rtl ql-align-right"">बहुत ज़्यादा प्रदान करने वाला : अत्यधिक दानशील, जिसकी दानशीलता का कर्णधार कायनात का कण-कण है। </p>",अर्थ,"<p class=""ql-direction-rtl ql-align-right""><span class=""ql-font-vazirmatn""><span class=""ql-cursor"">﻿</span></span></p>"
543,290,fa,وَهّاب,المعنى المختصر,"<p class=""ql-direction-rtl ql-align-right"">وَهاب: آنکه عطایا و هدایایش فراگیر است و کَرَم و بخشش او همهٔ کائنات را در بر گرفته است.</p>",معنی,"<p class=""ql-direction-rtl ql-align-right""><span class=""ql-font-vazirmatn""><span class=""ql-cursor"">﻿</span></span></p>"
544,290,id,Al-Wahhāb (Maha Pemberi),المعنى المختصر,"<p class=""ql-direction-rtl ql-align-right"">Al-Wahhāb: Pemilik karunia dan pemberian yang mahaluas dan pemilik kebaikan dan kedermawanan yang meliputi seluruh makhluk.</p>",Arti,"<p class=""ql-direction-rtl ql-align-right""><span class=""ql-font-vazirmatn""><span class=""ql-cursor"">﻿</span></span></p>"
545,290,zh,博施的主,المعنى المختصر,"<p class=""ql-direction-rtl ql-align-right"">博施的主：真主是广泛恩赐和馈赠的主，以他的慷慨大方惠及所有的被造物。</p>",意义,"<p class=""ql-direction-rtl ql-align-right""><span class=""ql-font-vazirmatn""><span class=""ql-cursor"">﻿</span></span></p>"
546,290,bn,আল-ওয়াহহাব (সবকিছু দানকারী),المعنى المختصر,"<p class=""ql-direction-rtl ql-align-right"">আল-ওয়াহহাব (সবকিছু দানকারী): তিনি অনুদানে ও দানে ব্যাপক। যার অনুদান ও দান সমগ্র জগতকে শামিল করে।</p>",অর্থ,"<p class=""ql-direction-rtl ql-align-right""><span class=""ql-font-vazirmatn""><span class=""ql-cursor"">﻿</span></span></p>"
549,291,pt,O Sustentador (Al-Razzaq),O Significado Curto,"<p class=""ql-direction-rtl ql-align-right"">O Sustentador: o responsável pelas provisões dos servos, que através delas há subsistência de seus corpos e corações.</p>",Significadas,"<p class=""ql-direction-rtl ql-align-right""><span class=""ql-font-vazirmatn""><span class=""ql-cursor"">﻿</span> </span></p>"
550,291,ur,بہت زیادہ روزی دینے والا,المعنى المختصر,"<p class=""ql-direction-rtl ql-align-right"">الرَّزَّاق (بہت زیادہ روزی دینے والا) : وہ جس نے بندوں کو روزی دینے کا ذمہ لے رکھا ہے، جو ان کے جسمانی اور روحانی نشو و نما کے لیے بے حد ضروری ہے۔ </p>",مطلب,"<p class=""ql-direction-rtl ql-align-right""><span class=""ql-font-vazirmatn""><span class=""ql-cursor"">﻿</span> </span></p>"
551,291,ru,"Ар-Раззак (Дарующий удел, Наделяющий)",المعنى المختصر,"<p class=""ql-direction-rtl ql-align-right""> Ар-Раззак: Обеспечивающий Своих рабов уделом, без которого не обойтись их сердцам и телам.</p>",Значение,"<p class=""ql-direction-rtl ql-align-right""><span class=""ql-font-vazirmatn""><span class=""ql-cursor"">﻿</span></span></p>"
552,291,hi,अर-रज़्ज़ाक़ (रोज़ी देने वाला),المعنى المختصر,"<p class=""ql-direction-rtl ql-align-right"">रोज़ी देने वाला : जो बंदों को रोज़ी देने का जमानतदार है, जो उनके दिलों और शरीरों की क्रियाशीलता के लिए अति आवश्यक है।</p>",अर्थ,"<p class=""ql-direction-rtl ql-align-right""><span class=""ql-font-vazirmatn""><span class=""ql-cursor"">﻿</span></span></p>"
553,291,fa,رَزّاق,المعنى المختصر,"<p class=""ql-direction-rtl ql-align-right"">رَزّاق: آنکه روزی بندگان را که استواری دلها و بدنهایشان بدان وابسته است، بر عهده گرفته است.</p>",معنی,"<p class=""ql-direction-rtl ql-align-right""><span class=""ql-font-vazirmatn""><span class=""ql-cursor"">﻿</span></span></p>"
554,291,id,Ar-Razzāq (Maha Pemberi Rezeki),المعنى المختصر,"<p class=""ql-direction-rtl ql-align-right"">Ar-Razzāq: Penjamin rezeki para hamba yang menjadi sebab baik dan hidupnya hati dan badan mereka.</p>",Arti,"<p class=""ql-direction-rtl ql-align-right""><span class=""ql-font-vazirmatn""><span class=""ql-cursor"">﻿</span></span></p>"
555,291,zh,赐予给养的,المعنى المختصر,"<p class=""ql-direction-rtl ql-align-right"">赐予给养的：给仆人提供给养的主，这些给养使他们身心得以成长。</p>",意义,"<p class=""ql-direction-rtl ql-align-right""><span class=""ql-font-vazirmatn""><span class=""ql-cursor"">﻿</span></span></p>"
556,291,bn,আর-রাযযাক (রিযিকদাতা),المعنى المختصر,"<p class=""ql-direction-rtl ql-align-right""><span class=""ql-font-vazirmatn""><span class=""ql-cursor"">﻿</span></span>আর-রাযযাক (রিযিকদাতা): বান্দাদের রিযিকের জিম্মা গ্রহণকারী যার দ্বারা তাদের দেহ ও মনের বেঁচে থাকা।</p>",অর্থ,"<p class=""ql-direction-rtl ql-align-right""><span class=""ql-font-vazirmatn""><span class=""ql-cursor"">﻿</span> </span></p>"
559,292,pt,O Onisciente (Al-Alim),O Significado Curto,"<p class=""ql-direction-rtl ql-align-right"">O Onisciente: Aquele cujo conhecimento abrange todas as coisas.</p>",Significadas,"<p class=""ql-direction-rtl ql-align-right""><span class=""ql-font-vazirmatn""><span class=""ql-cursor"">﻿</span> </span></p>"
560,292,ur,جاننے والا,المعنى المختصر,"<p class=""ql-direction-rtl ql-align-right""><span class=""ql-font-vazirmatn""><span class=""ql-cursor"">﻿</span></span>العَلِيمُ (جاننے والا) : وہ ذات جس نے ہر چیز کو اپنے علم کے دائرے میں لے رکھا ہے۔</p>",مطلب,"<p class=""ql-direction-rtl ql-align-right""><span class=""ql-font-vazirmatn""><span class=""ql-cursor"">﻿</span> </span></p>"
561,292,ru,Аль-‘Алим (Всезнающий),المعنى المختصر,"<p class=""ql-direction-rtl ql-align-right"">Аль-‘Алим: Охватывающий и объемлющий всё Своим знанием.</p>",Значение,"<p class=""ql-direction-rtl ql-align-right""><span class=""ql-font-vazirmatn""><span class=""ql-cursor"">﻿</span></span></p>"
562,292,hi,अल-अ'लीम (सब कुछ जानने वाला),المعنى المختصر,"<p class=""ql-direction-rtl ql-align-right"">सब कुछ जानने वाला : वह जिसने सारी चीज़ों को अपने ज्ञान के दायरे में ले रखा है।</p>",अर्थ,"<p class=""ql-direction-rtl ql-align-right""><span class=""ql-font-vazirmatn""><span class=""ql-cursor"">﻿</span></span></p>"
563,292,fa,علیم,المعنى المختصر,"<p class=""ql-direction-rtl ql-align-right"">علیم آن است که علمش همه چیز را در بر گرفته است. </p>",معنی,"<p class=""ql-direction-rtl ql-align-right""><span class=""ql-font-vazirmatn""><span class=""ql-cursor"">﻿</span></span></p>"
564,292,id,Al-'Alīm (Maha Mengetahui),المعنى المختصر,"<p class=""ql-direction-rtl ql-align-right"">Al-'Alīm: Pemilik ilmu yang meliputi segala sesuatu.</p>",Arti,"<p class=""ql-direction-rtl ql-align-right""><span class=""ql-font-vazirmatn""><span class=""ql-cursor"">﻿</span> </span></p>"
565,292,zh,全知的,المعنى المختصر,"<p class=""ql-direction-rtl ql-align-right"">全知的：就是知道一切的主。</p>",意义,"<p class=""ql-direction-rtl ql-align-right""><span class=""ql-font-vazirmatn""><span class=""ql-cursor"">﻿</span></span></p>"
566,292,bn,আল-আলীম (সর্বজ্ঞ),المعنى المختصر,"<p class=""ql-direction-rtl ql-align-right"">আল-আলীম (সর্বজ্ঞ): অর্থাৎ তার ইলম সবকিছুকে পরিবেষ্টনকারী।</p>",অর্থ,"<p class=""ql-direction-rtl ql-align-right""><span class=""ql-font-vazirmatn""><span class=""ql-cursor"">﻿</span></span></p>"
569,293,pt,O Oniouvinte (As-Samiy),O Significado Curto,"<p class=""ql-direction-rtl ql-align-right"">Oniouvinte: Aquele que ouve toda as criaturas, Ele ouve o segredo e a confidência, seja falando alto, baixo, proferindo (palavras) e o silêncio.</p>",Significadas,"<p class=""ql-direction-rtl ql-align-right""><span class=""ql-font-vazirmatn""><span class=""ql-cursor"">﻿</span> </span></p>"
570,293,ur,سننے والا,المعنى المختصر,"<p class=""ql-direction-rtl ql-align-right"">السَّمِيْع (سننے والا) : وہ جو تمام سنی جانے والی چیزوں کو سنتا ہے۔ چپکے سے کہی جانے والی بات اور سرگوشی بھی اس کے دست رس کے اندر ہے اور زور سے بولنا اور آہستہ بولنا نیز بولنا اور خاموش رہنا سب اس کے حق میں برابر ہے۔</p>",مطلب,"<p class=""ql-direction-rtl ql-align-right""><span class=""ql-font-vazirmatn""><span class=""ql-cursor"">﻿</span></span></p>"
571,293,ru,Ас-Сами‘ (Слышащий),المعنى المختصر,"<p class=""ql-direction-rtl ql-align-right"">Ас-Сами‘: Тот, Кто слышит все звуки, и Он слышит даже самые тихие и тайные беседы, Он слышит тихое и громкое, то, что произносят, и то, о чём умалчивают.</p>",Значение,"<p class=""ql-direction-rtl ql-align-right""><span class=""ql-font-vazirmatn""><span class=""ql-cursor"">﻿</span></span></p>"
572,293,hi,अस्समी (सब कुछ सुनने वाला),المعنى المختصر,"<p class=""ql-direction-rtl ql-align-right"">सब कुछ सुनने वाला : जो सुनने से संबंधित सभी चीज़ों को सुनता है। अतः, भेदों और कानाफूसियों को भी सुन लेता है और उसके यहाँ ज़ोर से बोलना और धीरे से बोलना तथा बोलना और चुप रहना सब बराबर है। </p>",अर्थ,"<p class=""ql-direction-rtl ql-align-right""><span class=""ql-font-vazirmatn""><span class=""ql-cursor"">﻿</span></span></p>"
573,293,fa,سَمیع,المعنى المختصر,"<p class=""ql-direction-rtl ql-align-right"">سَمیع: آنکه همهٔ شنیدنی ها را می داند زیرا اوست که نهان و نجوا را می شنود، و نزد او سخن آشکار و پنهان و گفتن و سکوت یکی است.</p>",معنی,"<p class=""ql-direction-rtl ql-align-right""><span class=""ql-font-vazirmatn""><span class=""ql-cursor"">﻿</span></span></p>"
574,293,id,As-Samī' (Maha Mendengar),المعنى المختصر,"<p class=""ql-direction-rtl ql-align-right"">As-Samī': Yang mengetahui semua yang terdengar; Allah mengetahui segala rahasia dan bisikan, bagi-Nya sama saja antara suara keras dan pelan, dan antara bicara dan diam.</p>",Arti,"<p class=""ql-direction-rtl ql-align-right""><span class=""ql-font-vazirmatn""><span class=""ql-cursor"">﻿</span></span></p>"
575,293,zh,全听的,المعنى المختصر,"<p class=""ql-direction-rtl ql-align-right"">全听的：能够得知所有的声音，能够听到公开的和秘密的，无论是高声还是低声，发音还是未发音。</p>",意义,"<p class=""ql-direction-rtl ql-align-right""><span class=""ql-font-vazirmatn""><span class=""ql-cursor"">﻿</span></span></p>"
576,293,bn,আস-সামীউ (সর্বশ্রোতা),المعنى المختصر,"<p class=""ql-direction-rtl ql-align-right"">আস-সামীউ (সর্বশ্রোতা): যিনি শ্রবণযোগ্য সবকিছু সম্পর্কে অবগত। ফলে তিনি গোপন ও কানে কানে বলা কথাগুলো শোনেন। তার কাছে জোরে বলা ও আস্তে বলা এবং মুখে বলা ও চুপ থাকা সবই সমান।</p>",অর্থ,"<p class=""ql-direction-rtl ql-align-right""><span class=""ql-font-vazirmatn""><span class=""ql-cursor"">﻿</span></span></p>"
579,294,pt,O Sutilíssimo (Al-Latíf),O Significado Curto,"<p class=""ql-direction-rtl ql-align-right"">O Sutilíssimo: Aquele que nada se oculta dentre as coisas mesmo sendo ínfimas. O benevolente com Seus servos pelo qual tem afeição por eles e concede-lhes sucesso para o que lhes é bom.</p>",Significadas,"<p class=""ql-direction-rtl ql-align-right""><span class=""ql-font-vazirmatn""><span class=""ql-cursor"">﻿</span> </span></p>"
580,294,ur,باریک بیں,المعنى المختصر,"<p class=""ql-direction-rtl ql-align-right"">اللطِيْف (باریک بیں) : جس سے کوئی چیز، خواہ کتنی چھوٹی ہو، چھپی نہیں رہتی اور جو اپنے بندوں کے ساتھ احسان و نرمی کا برتاؤ کرتا ہے اور انھیں ایسے کاموں کی توفیق دیتا ہے جو ان کے حق میں اچھے ہوں۔</p>",مطلب,"<p class=""ql-direction-rtl ql-align-right""><span class=""ql-font-vazirmatn""><span class=""ql-cursor"">﻿</span></span></p>"
581,294,ru,"Аль-Лятыф (Проницательный, Добрый)",المعنى المختصر,"<p class=""ql-direction-rtl ql-align-right"">Аль-Лятыф: Тот, от Кого ничто не укрывается, даже самое мелкое, незаметное и сокрытое, и Кто добр к Своим рабам и помогает им в том, в чём благо для них.</p>",Значение,"<p class=""ql-direction-rtl ql-align-right""><span class=""ql-font-vazirmatn""><span class=""ql-cursor"">﻿</span></span></p>"
582,294,hi,अल-लतीफ़ (सूक्ष्मदर्शी दयावान),المعنى المختصر,"<p class=""ql-direction-rtl ql-align-right"">सूक्ष्मदर्शी दयावान : जिससे छोटी-से छोटी चीज़ भी ओझल न रहे और जो अपने बंदों पर उपकार करने वाला हो कि उनके साथ नर्मी का मामला करे और उन्हें उन बातों की तौफ़ीक़ प्रदान करे, जो उनके हित में हों।</p>",अर्थ,"<p class=""ql-direction-rtl ql-align-right""><span class=""ql-font-vazirmatn""><span class=""ql-cursor"">﻿</span></span></p>"
583,294,fa,لَطیف,المعنى المختصر,"<p class=""ql-direction-rtl ql-align-right"">لطیف: آنکه هیچ چیز ـ هر چقدر ریز باشد ـ از او پنهان نمی ماند، که نسبت به بندگانش نیکوکار است و در حق آنان لطف می ورزد و به سوی آنچه صلاح آنان است توفیق می دهد.</p>",معنی,"<p class=""ql-direction-rtl ql-align-right""><span class=""ql-font-vazirmatn""><span class=""ql-cursor"">﻿</span></span></p>"
584,294,id,Al-Laṭīf (Mahalembut),المعنى المختصر,"<p class=""ql-direction-rtl ql-align-right"">Al-Laṭīf: Yang tidak samar bagi-Nya segala sesuatu walaupun halus nan kecil; Yang Mahabaik kepada hamba-Nya; Yang lembut kepada mereka dan memberi mereka taufik untuk meraih berbagai kebaikan untuk diri mereka.</p>",Arti,"<p class=""ql-direction-rtl ql-align-right""><span class=""ql-font-vazirmatn""><span class=""ql-cursor"">﻿</span></span></p>"
585,294,zh,精明的,المعنى المختصر,"<p class=""ql-direction-rtl ql-align-right"">精明的：没有什么东西可以对他隐藏，即使是很细小的东西，善待他的仆人，怜悯他们，使他们在有益于他们的事务中顺利。</p>",意义,"<p class=""ql-direction-rtl ql-align-right""><span class=""ql-font-vazirmatn""><span class=""ql-cursor"">﻿</span></span></p>"
586,294,bn,আল-লাতীফ (সকল-গোপন-বিষয়ে-অবগত),المعنى المختصر,"<p class=""ql-direction-rtl ql-align-right"">আল-লাতীফ (সকল-গোপন-বিষয়ে-অবগত): যার কাছে কোন বস্তুই গোপন নয় তা যতই সুক্ষ্ম হোক। স্বীয় বান্দাদের প্রতি কল্যাকর যিনি তাদের প্রতি অনুগ্রহ করেন এবং তাদের এমন সব কর্মের তাওফীক দেন যাতে রয়েছে তাদের সংশোধন। </p>",অর্থ,"<p class=""ql-direction-rtl ql-align-right""><span class=""ql-font-vazirmatn""><span class=""ql-cursor"">﻿</span></span></p>"
589,295,pt,O Conhecedor (Al-Khabir),O Significado Curto,"<p class=""ql-direction-rtl ql-align-right"">O Conhecedor: Aquele que seu conhecimento abrange as coisas ocultas e invisível tal como abrange o que é aparente.</p>",Significadas,"<p class=""ql-direction-rtl ql-align-right""><span class=""ql-font-vazirmatn""><span class=""ql-cursor"">﻿</span> </span></p>"
590,295,ur,خبر رکھنے والا,المعنى المختصر,"<p class=""ql-direction-rtl ql-align-right"">خبر رکھنے والا : جو تمام چیزوں کے ظاہر و باطن سے واقف ہو۔ </p>",مطلب,"<p class=""ql-direction-rtl ql-align-right""><span class=""ql-font-vazirmatn""><span class=""ql-cursor"">﻿</span></span></p>"
591,295,ru,Аль-Хабир (Ведающий; Осведомлённый),المعنى المختصر,"<p class=""ql-direction-rtl ql-align-right"">Аль-Хабир: Объемлющий Своим знанием всё сокрытое в вещах точно так же, как объемлет Он Своим знанием всё явное в них.</p>",Значение,"<p class=""ql-direction-rtl ql-align-right""><span class=""ql-font-vazirmatn""><span class=""ql-cursor"">﻿</span></span></p>"
592,295,hi,अल-ख़बीर (सब वस्तुओं की हर परकार से ज्ञान रखने वाला),المعنى المختصر,"<p class=""ql-direction-rtl ql-align-right"">सब वस्तुओं की हर परकार से ज्ञान रखने वाला : जो हर चीज़ के ज़ाहिर के साथ-साथ उसके भीतर और अंदर की बातों से भी अवगत हो।</p>",अर्थ,"<p class=""ql-direction-rtl ql-align-right""><span class=""ql-font-vazirmatn""><span class=""ql-cursor"">﻿</span></span></p>"
593,295,fa,خَبیر,المعنى المختصر,"<p class=""ql-direction-rtl ql-align-right"">خبیر: آنکه با علمش به امور پوشیده و پنهانها احاطه دارد همانطور که به ظواهر آنها احاطه دارد.</p>",معنی,"<p class=""ql-direction-rtl ql-align-right""><span class=""ql-font-vazirmatn""><span class=""ql-cursor"">﻿</span></span></p>"
594,295,id,Al-Khabīr (Maha Mengetahui Rahasia),المعنى المختصر,"<p class=""ql-direction-rtl ql-align-right"">Al-Khabīr: Pemilik ilmu yang meliputi bagian batin segala sesuatu dan yang tersembunyi, sebagaimana ilmu-Nya meliputi segala yang tampak.</p>",Arti,"<p class=""ql-direction-rtl ql-align-right""><span class=""ql-font-vazirmatn""><span class=""ql-cursor"">﻿</span></span></p>"
595,295,zh,彻知的,المعنى المختصر,"<p class=""ql-direction-rtl ql-align-right"">彻知的：他是知道事物内在的、隐藏的和外表的主。</p>",意义,"<p class=""ql-direction-rtl ql-align-right""><span class=""ql-font-vazirmatn""><span class=""ql-cursor"">﻿</span></span></p>"
596,295,bn,আল-খাবীর (সর্ব ব্যাপারে জ্ঞাত),المعنى المختصر,"<p class=""ql-direction-rtl ql-align-right"">আল-খাবীর (সর্ব ব্যাপারে জ্ঞাত): যার ইলম সবকিছুর অভ্যন্তরীণ ও গোপনীয় বিষয় সম্পর্কে জ্ঞাত যেমন বাহ্যিক বিষয় সম্পর্কে জ্ঞাত।</p>",অর্থ,"<p class=""ql-direction-rtl ql-align-right""><span class=""ql-font-vazirmatn""><span class=""ql-cursor"">﻿</span></span></p>"
599,296,pt,O Tolerante (Al-Halim),O Significado Curto,"<p class=""ql-direction-rtl ql-align-right"">O Tolerante: Aquele que não apressa o castigo sobre Seus servos em razão de seus pecados.</p>",Significadas,"<p class=""ql-direction-rtl ql-align-right""><span class=""ql-font-vazirmatn""><span class=""ql-cursor"">﻿</span> </span></p>"
600,296,ur,بُردبار,المعنى المختصر,"<p class=""ql-direction-rtl ql-align-right"">الحَلِيْم (بُردبار) : وہ بُردبار ہستی، جو اپنے بندوں کے گناہوں کی سزا دینے میں جلدی نہیں کرتی۔</p>",مطلب,"<p class=""ql-direction-rtl ql-align-right""><span class=""ql-font-vazirmatn""><span class=""ql-cursor"">﻿</span></span></p>"
601,296,ru,"Аль-Халим (Незлобливый, Сдержанный)",المعنى المختصر,"<p class=""ql-direction-rtl ql-align-right"">Аль-Халим: обладатель степенности, Который не спешит наказывать Своих рабов за их грехи.</p>",Значение,"<p class=""ql-direction-rtl ql-align-right""><span class=""ql-font-vazirmatn""><span class=""ql-cursor"">﻿</span></span></p>"
602,296,hi,अल-ह़लीम (सर्वोच्च सहनशील),المعنى المختصر,"<p class=""ql-direction-rtl ql-align-right"">सर्वोच्च सहनशील : वह सहनशील अल्लाह जो अपने बंदों को उनके गुनाहों का बदला देने के मामले में जल्दबाज़ी से काम नहीं लेता।</p>",अर्थ,"<p class=""ql-direction-rtl ql-align-right""><span class=""ql-font-vazirmatn""><span class=""ql-cursor"">﻿</span></span></p>"
603,296,fa,حَلیم,المعنى المختصر,"<p class=""ql-direction-rtl ql-align-right"">حلیم: شکیبایی که برای مجازات بندگان به سبب گناهانشان شتاب نمی کند.</p>",معنی,"<p class=""ql-direction-rtl ql-align-right""><span class=""ql-font-vazirmatn""><span class=""ql-cursor"">﻿</span></span></p>"
604,296,id,Al-Ḥalīm (Maha Penyantun),المعنى المختصر,"<p class=""ql-direction-rtl ql-align-right"">Al-Ḥalīm: Pemilik kesantunan yang tidak menyegerakan siksa dan azab kepada para hamba-Nya atas dosa-dosa mereka.</p>",Arti,"<p class=""ql-direction-rtl ql-align-right""><span class=""ql-font-vazirmatn""><span class=""ql-cursor"">﻿</span></span></p>"
605,296,zh,至容的,المعنى المختصر,"<p class=""ql-direction-rtl ql-align-right"">至容的：不急于使他的仆人以他们的罪行遭受惩罚的宽容的主。</p>",意义,"<p class=""ql-direction-rtl ql-align-right""><span class=""ql-font-vazirmatn""><span class=""ql-cursor"">﻿</span></span></p>"
606,296,bn,আল-হালীম (অত্যন্ত ধৈর্যশীল),المعنى المختصر,"<p class=""ql-direction-rtl ql-align-right"">আল-হালীম (অত্যন্ত ধৈর্যশীল): ধৈর্যশীল যিনি তার বান্দাদের ওপর তাদের গুনাহের কারণে শাস্তি প্রদানের তাড়াহুড়া করেন না। </p>",অর্থ,"<p class=""ql-direction-rtl ql-align-right""><span class=""ql-font-vazirmatn""><span class=""ql-cursor"">﻿</span></span></p>"
609,297,pt,O Grandiosíssimo (Al-Azhim),O Significado Curto,"<p class=""ql-direction-rtl ql-align-right"">O Grandisíssimo: reúne todos atributos de perfeição, glória, orgulho e grandeza, o qual os corações amam e as almas engrandecem.</p>",Significadas,"<p class=""ql-direction-rtl ql-align-right""><span class=""ql-font-vazirmatn""><span class=""ql-cursor"">﻿</span> </span></p>"
610,297,ur,عظیم,المعنى المختصر,"<p class=""ql-direction-rtl ql-align-right"">عظیم : وہ ذات جس کے اندر کمال، بزرگی، بڑائی اور عظمت کی تمام صفتیں پائی جاتی ہیں اور جس کی محبت دلوں میں بسی ہوئی ہے اور جس کی عظمت کی خوشبو ہر روح میں سمائی ہوئی ہے۔</p>",مطلب,"<p class=""ql-direction-rtl ql-align-right""><span class=""ql-font-vazirmatn""><span class=""ql-cursor"">﻿</span></span></p>"
611,297,ru,Аль-‘Азым (Великий),المعنى المختصر,"<p class=""ql-direction-rtl ql-align-right"">Аль-‘Азым: Объединяющий в Себе все качества совершенства, гордости и величия, Тот, Кого любят сердца и возвеличивают души. </p>",Значение,"<p class=""ql-direction-rtl ql-align-right""><span class=""ql-font-vazirmatn""><span class=""ql-cursor"">﻿</span></span></p>"
612,297,hi,अल-अ'ज़ीम (सब से महान),المعنى المختصر,"<p class=""ql-direction-rtl ql-align-right"">सब से महान : वह जो संपूर्णता, प्रतिष्ठा, बड़ाई और महानता के सारे गुणों का मालिक हो और जिसका प्रेम हर दिल में बैठा हुआ तथा जिसकी महानता हर प्राण में बसी हुई हो।</p>",अर्थ,"<p class=""ql-direction-rtl ql-align-right""><span class=""ql-font-vazirmatn""><span class=""ql-cursor"">﻿</span></span></p>"
613,297,fa,عظیم,المعنى المختصر,"<p class=""ql-direction-rtl ql-align-right"">عظیم: آنکه همهٔ صفات کمال و شکوه و کبریا و بزرگی را در بر می دارد و دلها او را دوست می دارند و جان ها بزرگش می دارند.</p>",معنی,"<p class=""ql-direction-rtl ql-align-right""><span class=""ql-font-vazirmatn""><span class=""ql-cursor"">﻿</span></span></p>"
614,297,id,Al-'Aẓīm (Mahaagung),المعنى المختصر,"<p class=""ql-direction-rtl ql-align-right"">Al-'Aẓīm: Penghimpun semua sifat kesempurnaan, kemuliaan, kebesaran, dan keagungan; Zat yang dicintai oleh hati dan diagungkan oleh jiwa.</p>",Arti,"<p class=""ql-direction-rtl ql-align-right""><span class=""ql-font-vazirmatn""><span class=""ql-cursor"">﻿</span></span></p>"
615,297,zh,伟大的,المعنى المختصر,"<p class=""ql-direction-rtl ql-align-right"">伟大的：集所有完美、荣耀、尊大和伟大的属性与一体，心悦诚服并发自内心的尊重。</p>",意义,"<p class=""ql-direction-rtl ql-align-right""><span class=""ql-font-vazirmatn""><span class=""ql-cursor"">﻿</span></span></p>"
616,297,bn,আল-আযীম (মহা-মর্যাদাশীল),المعنى المختصر,"<p class=""ql-direction-rtl ql-align-right"">আল-আযীম (মহা-মর্যাদাশীল): পূর্ণতা, সম্মান, বড়ত্ব ও মহত্বের সব গুণের একত্রকারী যাকে অন্তরসমূহ ভালোবাসে এবং আত্মাসমূহ তাযীম করে।</p>",অর্থ,"<p class=""ql-direction-rtl ql-align-right""><span class=""ql-font-vazirmatn""><span class=""ql-cursor"">﻿</span></span></p>"
619,298,pt,O Perdoador (Al-Ghafúr),O Significado Curto,"<p class=""ql-direction-rtl ql-align-right"">O Perdoador: Aquele que afasta seus servos do mal de seus pecados e não os castiga por causa deles.</p>",Significadas,"<p class=""ql-direction-rtl ql-align-right""><span class=""ql-font-vazirmatn""><span class=""ql-cursor"">﻿</span> </span></p>"
620,298,ur,بخشنے والا,المعنى المختصر,"<p class=""ql-direction-rtl ql-align-right"">الغَفُوْر (بخشنے والا) : وہ ذات، جو اپنے بندوں کو ان کے گناہوں کے شر سے بچاتی ہے اور انھیں اس پر سزا نہیں دیتی۔</p>",مطلب,"<p class=""ql-direction-rtl ql-align-right""><span class=""ql-font-vazirmatn""><span class=""ql-cursor"">﻿</span></span></p>"
621,298,ru,Аль-Гафур (Прощающий),المعنى المختصر,"<p class=""ql-direction-rtl ql-align-right"">Аль-Гафур: Оберегающий Своих рабов от зла их грехов и не подвергающий их наказанию за них.</p>",Значение,"<p class=""ql-direction-rtl ql-align-right""><span class=""ql-font-vazirmatn""><span class=""ql-cursor"">﻿</span></span></p>"
622,298,hi,अल-ग़फ़ूर (अत्यंत क्षमाशील),المعنى المختصر,"<p class=""ql-direction-rtl ql-align-right"">अत्यंत क्षमाशील : वह जो अपने बंदों को उनके गुनाहों की बुराई से बचाता है और उन्हें उनकी सज़ा नहीं देता।</p>",अर्थ,"<p class=""ql-direction-rtl ql-align-right""><span class=""ql-font-vazirmatn""><span class=""ql-cursor"">﻿</span></span></p>"
623,298,fa,غفور,المعنى المختصر,"<p class=""ql-direction-rtl ql-align-right"">غفور: آنکه بندگانش را از شر گناهانشان نگه می دارد و آنان را به سببش مجازات نمی کند.</p>",معنی,"<p class=""ql-direction-rtl ql-align-right""><span class=""ql-font-vazirmatn""><span class=""ql-cursor"">﻿</span></span></p>"
624,298,id,Al-Gafūr (Maha Pengampun),المعنى المختصر,"<p class=""ql-direction-rtl ql-align-right"">Al-Gafūr: Pelindung dan penjaga hamba-hamba-Nya dari keburukan dosa mereka dan tidak menyiksa mereka karenanya.</p>",Arti,"<p class=""ql-direction-rtl ql-align-right""><span class=""ql-font-vazirmatn""><span class=""ql-cursor"">﻿</span></span></p>"
625,298,zh,饶恕的,المعنى المختصر,"<p class=""ql-direction-rtl ql-align-right"">饶恕的：保护他的仆人免受罪恶的折磨，不以他们的罪行而惩罚他们。</p>",意义,"<p class=""ql-direction-rtl ql-align-right""><span class=""ql-font-vazirmatn""><span class=""ql-cursor"">﻿</span></span></p>"
626,298,bn,আল-গফূর (পরম ক্ষমাশীল),المعنى المختصر,"<p class=""ql-direction-rtl ql-align-right"">আল-গফূর (পরম ক্ষমাশীল): যিনি তার বান্দাকে তাদের গুনাহের অনিষ্টতা থেকে বাঁচান এবং তার কারণে তাদের শাস্তি দেন না।<span class=""ql-font-vazirmatn""> </span></p>",অর্থ,"<p class=""ql-direction-rtl ql-align-right""><span class=""ql-font-vazirmatn""><span class=""ql-cursor"">﻿</span> </span></p>"
629,299,pt,O Agradecido (Al-Shakúr),O Significado Curto,"<p class=""ql-direction-rtl ql-align-right"">O Agradecido: Aquele que agradece por uma pequena ação concedendo uma grande recompensa multiplicada e perdoa muitas das falhas.</p>",Significadas,"<p class=""ql-direction-rtl ql-align-right""><span class=""ql-font-vazirmatn""><span class=""ql-cursor"">﻿</span> </span></p>"
630,299,ur,نہایت قدردان,المعنى المختصر,"<p class=""ql-direction-rtl ql-align-right"">الشَّكُوْر (نہایت قدردان) : جو چھوٹے چھوٹے کاموں کی قدردانی کرتے ہوئے بڑے بڑے ثواب عطا کرتا ہے اور بہت سی لغزشوں سے درگزر کرتا ہے۔</p>",مطلب,"<p class=""ql-direction-rtl ql-align-right""><span class=""ql-font-vazirmatn""><span class=""ql-cursor"">﻿</span></span></p>"
631,299,ru,Аш-Шакур (Благодарный),المعنى المختصر,"<p class=""ql-direction-rtl ql-align-right"">Аш-Шакур: Тот, Кто благодарит за небольшие деяния щедрой, приумноженной наградой и прощает многочисленные проступки.</p>",Значение,"<p class=""ql-direction-rtl ql-align-right""><span class=""ql-font-vazirmatn""><span class=""ql-cursor"">﻿</span></span></p>"
632,299,hi,अश-शकूर (गुणग्राही),المعنى المختصر,"<p class=""ql-direction-rtl ql-align-right"">गुणग्राही : जो छोटे-से अमल को सम्मान देते हुए बदले में कई गुणा सवाब प्रदान करता है और बहुत-से गुनाहों को माफ़ भी कर देता है।</p>",अर्थ,"<p class=""ql-direction-rtl ql-align-right""><span class=""ql-font-vazirmatn""><span class=""ql-cursor"">﻿</span></span></p>"
633,299,fa,شَکور,المعنى المختصر,"<p class=""ql-direction-rtl ql-align-right"">شَکور: آنکه کار کم را با پاداش بسیارِ چند برابر جبران می کند و از گناهانِ بسیار درمی گذرد.</p>",معنی,"<p class=""ql-direction-rtl ql-align-right""><span class=""ql-font-vazirmatn""><span class=""ql-cursor"">﻿</span></span></p>"
634,299,id,Asy-Syakūr (Maha Mensyukuri),المعنى المختصر,"<p class=""ql-direction-rtl ql-align-right"">Asy-Syakūr: Yang mensyukuri atau membalas amalan walaupun sedikit dengan pahala yang banyak dan belipat ganda; Yang memaafkan kesalahan walaupun banyak.</p>",Arti,"<p class=""ql-direction-rtl ql-align-right""><span class=""ql-font-vazirmatn""><span class=""ql-cursor"">﻿</span></span></p>"
635,299,zh,感谢的,المعنى المختصر,"<p class=""ql-direction-rtl ql-align-right"">感谢的：给很少的善功给予加倍的、巨大的回报，对许多的过失给予宽恕。</p>",意义,"<p class=""ql-direction-rtl ql-align-right""><span class=""ql-font-vazirmatn""><span class=""ql-cursor"">﻿</span></span></p>"
636,299,bn,আশ-শাকূর (কৃতজ্ঞতা প্রকাশকারী),المعنى المختصر,"<p class=""ql-direction-rtl ql-align-right"">আশ-শাকূর (কৃতজ্ঞতা প্রকাশকারী): যিনি অল্প আমলের সাওয়াব অধিক ও বহুগুন সাওয়াব প্রধান করে অনুগ্রহ করেন এবং অগণিত ভুলত্রুটিকে ক্ষমা করেন।</p>",অর্থ,"<p class=""ql-direction-rtl ql-align-right""><span class=""ql-font-vazirmatn""><span class=""ql-cursor"">﻿</span></span></p>"
639,300,pt,O Grande (Al-Kabir),O Significado Curto,"<p class=""ql-direction-rtl ql-align-right"">O Grande: Aquele que tudo é menor que Ele, nada é mais grandioso que Ele.</p>",Significadas,"<p class=""ql-direction-rtl ql-align-right""><span class=""ql-font-vazirmatn""><span class=""ql-cursor"">﻿</span> </span></p>"
640,300,ur,بڑا,المعنى المختصر,"<p class=""ql-direction-rtl ql-align-right"">الكَبِيْر (بڑا) : وہ ذات جس سے بڑی کوئی چیز نہیں اور ہر چیز اس سے چھوٹی ہے۔</p>",مطلب,"<p class=""ql-direction-rtl ql-align-right""><span class=""ql-font-vazirmatn""><span class=""ql-cursor"">﻿</span></span></p>"
641,300,ru,Аль-Кабир (Великий),المعنى المختصر,"<p class=""ql-direction-rtl ql-align-right"">Аль-Кабир: Великий, превосходящий всё Своим величием, Тот, Кого никто не превосходит своим величием.</p>",Значение,"<p class=""ql-direction-rtl ql-align-right""><span class=""ql-font-vazirmatn""><span class=""ql-cursor"">﻿</span></span></p>"
642,300,hi,अल-कबीर (सबसे बड़ा),المعنى المختصر,"<p class=""ql-direction-rtl ql-align-right"">सबसे बड़ा : वह महान कि हर चीज़ उससे छोटी है और कोई चीज़ उससे बड़ी नहीं है।</p>",अर्थ,"<p class=""ql-direction-rtl ql-align-right""><span class=""ql-font-vazirmatn""><span class=""ql-cursor"">﻿</span></span></p>"
643,300,fa,کبیر,المعنى المختصر,"<p class=""ql-direction-rtl ql-align-right"">کبیر: بزرگی که همه چیز کمتر از اوست و چیزی بزرگتر از او نیست.</p>",معنی,"<p class=""ql-direction-rtl ql-align-right""><span class=""ql-font-vazirmatn""><span class=""ql-cursor"">﻿</span></span></p>"
644,300,id,Al-Kabīr (Mahabesar),المعنى المختصر,"<p class=""ql-direction-rtl ql-align-right"">Al-Kabīr: Yang Mahaagung, segala sesuatu berada di bawah-Nya dan tidak ada sesuatu pun yang lebih besar dari-Nya.</p>",Arti,"<p class=""ql-direction-rtl ql-align-right""><span class=""ql-font-vazirmatn""><span class=""ql-cursor"">﻿</span></span></p>"
645,300,zh,至大的,المعنى المختصر,"<p class=""ql-direction-rtl ql-align-right"">至大的：他是伟大的主，没有什么比他更大，他是至大的。</p>",意义,"<p class=""ql-direction-rtl ql-align-right""><span class=""ql-font-vazirmatn""><span class=""ql-cursor"">﻿</span></span></p>"
646,300,bn,আল-কাবীর (সুমহান),المعنى المختصر,"<p class=""ql-direction-rtl ql-align-right"">আল-কাবীর (সুমহান): এমন মহা সত্ত্বা যার অধীনে সবকিছু, কোন কিছুই তার চেয়ে বড় নয়।</p>",অর্থ,"<p class=""ql-direction-rtl ql-align-right""><span class=""ql-font-vazirmatn""><span class=""ql-cursor"">﻿</span></span></p>"
649,301,pt,O Custódio (Al-Hafiz),O Significado Curto,"<p class=""ql-direction-rtl ql-align-right"">O Custódio: Aquele que protege o que criou, e Sua ciência abarca aquilo que Ele fez existir, protegeu seus aliados de caírem nos pecados e na destruição, e contabilizou as ações e a recompensa de seus servos.</p>",Significadas,"<p class=""ql-direction-rtl ql-align-right""><span class=""ql-font-vazirmatn""><span class=""ql-cursor"">﻿</span> </span></p>"
650,301,ur,حفاظت کرنے والا,المعنى المختصر,"<p class=""ql-direction-rtl ql-align-right"">الحَفِيْظُ (حفاظت کرنے والا) : جو اپنی پیدا کردہ تمام چیزوں کی حفاظت کرتا ہے، ساری مخلوقات کا علم رکھتا ہے، اپنے اولیا کو گناہوں سے بچاتا ہے اور بندوں کے اعمال کا حساب رکھتے ہوئے انھیں ان کے مطابق بدلہ دیتا ہے۔</p>",مطلب,"<p class=""ql-direction-rtl ql-align-right""><span class=""ql-font-vazirmatn""><span class=""ql-cursor"">﻿</span></span></p>"
651,301,ru,"Аль-Хафиз (Хранящий, Оберегающий)",المعنى المختصر,"<p class=""ql-direction-rtl ql-align-right"">Аль-Хафиз: Оберегающий Свои творения, Объемлющий знанием всё, что сотворил, Оберегающий Своих приближённых от грехов и пагуб, и учитывающий деяния Своих рабов и их воздаяние.</p>",Значение,"<p class=""ql-direction-rtl ql-align-right""><span class=""ql-font-vazirmatn""><span class=""ql-cursor"">﻿</span></span></p>"
652,301,hi,अल-ह़फीज़ (रक्षा करने वाला),المعنى المختصر,"<p class=""ql-direction-rtl ql-align-right"">रक्षा करने वाला : जो अपनी पैदा की हुई चीज़ों की रक्षा करता है, उनके बारे में पूरी जानकारी रखता है, अपने 'औलिया' (सारे ईमान और तक़वा की राह पर चलने वाले बंदों) को गुनाहों और विनाश के कार्यों से बचाता है और उनके कर्मों का हिसाब रखता तथा उन्हीं के अनुसार प्रतिफल प्रदान करता है। </p>",अर्थ,"<p class=""ql-direction-rtl ql-align-right""><span class=""ql-font-vazirmatn""><span class=""ql-cursor"">﻿</span></span></p>"
653,301,fa,حَفیظ,المعنى المختصر,"<p class=""ql-direction-rtl ql-align-right"">حفیظ: آنکه آفریدگانش را حفظ می کند و علمش به آنچه آفریده احاطه دارد و دوستان خود را از فرو افتادن در گناهان و مهلکه ها حفظ می کند و اعمال و جزای بندگانش را برای آنان در شمار می آورد.</p>",معنی,"<p class=""ql-direction-rtl ql-align-right""><span class=""ql-font-vazirmatn""><span class=""ql-cursor"">﻿</span></span></p>"
654,301,id,Al-Ḥafīẓ (Maha Menjaga),المعنى المختصر,"<p class=""ql-direction-rtl ql-align-right"">Al-Ḥafīẓ: Penjaga semua makhluk ciptaan-Nya, ilmu-Nya meliputi semua yang Dia adakan, menjaga wali-wali-Nya agar tidak jatuh ke dalam dosa dan kebinasaan, dan menghitung seluruh amal perbuatan hamba beserta menentukan balasannya.</p>",Arti,"<p class=""ql-direction-rtl ql-align-right""><span class=""ql-font-vazirmatn""><span class=""ql-cursor"">﻿</span></span></p>"
655,301,zh,维护万物的,المعنى المختصر,"<p class=""ql-direction-rtl ql-align-right"">维护万物的：真主是保护他的众生的，真主确知他所造化的一切，保护他们免遭罪责和毁灭，他为仆人统计他们的善功和回赐。</p>",意义,"<p class=""ql-direction-rtl ql-align-right""><span class=""ql-font-vazirmatn""><span class=""ql-cursor"">﻿</span></span></p>"
656,301,bn,আল-হাফীয (সংরক্ষণকারী),المعنى المختصر,"<p class=""ql-direction-rtl ql-align-right"">আল-হাফীয (সংরক্ষণকারী): যিনি যা সৃষ্টি করেছেন তার হিফাযত করেছেন এবং তার ইলম তিনি যা আবিষ্কার করেছেন তা সংরক্ষণ করেছে। আর তিনি তার ওলীদের গুনাহ ও ধ্বংসে নিপতিত হওয়া থেকে হিফাযত করেছেন এবং তার বান্দাদের আমলসমূহ ও তার বিনিময় ও প্রতিদান রক্ষা করেছেন।</p>",অর্থ,"<p class=""ql-direction-rtl ql-align-right""><span class=""ql-font-vazirmatn""><span class=""ql-cursor"">﻿</span></span></p>"
659,302,pt,O Provisor (Al-Muqít),O Significado Curto,"<p class=""ql-direction-rtl ql-align-right"">O Provisor: Aquele que através de Sua sabedoria determina as provisões das criaturas, em seguida, conduz a ela com o Seu poder e distribui entre elas.</p>",Significadas,"<p class=""ql-direction-rtl ql-align-right""><span class=""ql-font-vazirmatn""><span class=""ql-cursor"">﻿</span> </span></p>"
660,302,ur,روزی اتارنے والا,المعنى المختصر,"<p class=""ql-direction-rtl ql-align-right"">المُقِيْت (روزی اتارنے والا) : جواپنے علم کے مطابق مخلوق کی روزی متعین کرتا ہے، پھر اپنی قدرت سے انھیں روزی فراہم کرتا ہے اور ان کے درمیان تقسیم کرتا ہے۔</p>",مطلب,"<p class=""ql-direction-rtl ql-align-right""><span class=""ql-font-vazirmatn""><span class=""ql-cursor"">﻿</span></span></p>"
661,302,ru,Аль-Мукыт (Дающий пропитание),المعنى المختصر,"<p class=""ql-direction-rtl ql-align-right"">Аль-Мукыт: Тот, Кто предопределяет пропитание творений в соответствии со Своим знанием, а потом дарует им его посредством Своего могущества и распределяет его между ними.</p>",Значение,"<p class=""ql-direction-rtl ql-align-right""><span class=""ql-font-vazirmatn""><span class=""ql-cursor"">﻿</span></span></p>"
662,302,hi,अल-मुक़ीत (रोज़ी निर्धारित करने वाला तथा उसे पहुंचाने वाला),المعنى المختصر,"<p class=""ql-direction-rtl ql-align-right"">रोज़ी निर्धारित करने वाला तथा उसे पहुंचाने वाला : जो अपने ज्ञान के मुताबिक़ सृष्टियों की रोज़ी निर्धारित करता है और अपनी सामर्थ्य से उन्हें रोज़ी प्रदान करता है और उनके बीच बाँटता है।</p>",अर्थ,"<p class=""ql-direction-rtl ql-align-right""><span class=""ql-font-vazirmatn""><span class=""ql-cursor"">﻿</span></span></p>"
663,302,fa,مُقیت,المعنى المختصر,"<p class=""ql-direction-rtl ql-align-right"">مُقیت: آنکه قوت و نیاز بندگانش را با علم خود اندازه گیزی می کند سپس با قدرت خود به سویشان روان می سازد و میانشان تقسیمش می کند.</p>",معنی,"<p class=""ql-direction-rtl ql-align-right""><span class=""ql-font-vazirmatn""><span class=""ql-cursor"">﻿</span></span></p>"
664,302,id,Al-Muqīt (Maha Pemberi Kecukupan),المعنى المختصر,"<p class=""ql-direction-rtl ql-align-right"">Al-Muqīt: Penentu kebutuhan dan rezeki seluruh makhluk dengan ilmu-Nya, kemudian Dia mengirimkan dan membagikannya kepada mereka dengan kodrat-Nya.</p>",Arti,"<p class=""ql-direction-rtl ql-align-right""><span class=""ql-font-vazirmatn""><span class=""ql-cursor"">﻿</span></span></p>"
665,302,zh,供给的主,المعنى المختصر,"<p class=""ql-direction-rtl ql-align-right"">供给的主：以他的知识为众生定量给养，然后以他的能力将给养分配和派送给他们。</p>",意义,"<p class=""ql-direction-rtl ql-align-right""><span class=""ql-font-vazirmatn""><span class=""ql-cursor"">﻿</span></span></p>"
666,302,bn,আল-মুকীত (আহার দানকারী),المعنى المختصر,"<p class=""ql-direction-rtl ql-align-right"">আল-মুকীত (আহার দানকারী): যিনি তার ইলম অনুযায়ী মাখলুকের আহার নির্ধারণ করেন তারপর তা তিনি তাদের নিকট স্বীয় কুদরাত দ্বারা পৌছে দেন এবং তাদের মাঝে বন্টন করেন।</p>",অর্থ,"<p class=""ql-direction-rtl ql-align-right""><span class=""ql-font-vazirmatn""><span class=""ql-cursor"">﻿</span></span></p>"
669,303,pt,O Generoso (Al-Karim),O Significado Curto,"<p class=""ql-direction-rtl ql-align-right"">O Generoso: Aquele que tem muita bondade e grandiosa beneficiência.</p>",Significadas,"<p class=""ql-direction-rtl ql-align-right""><span class=""ql-font-vazirmatn""><span class=""ql-cursor"">﻿</span> </span></p>"
670,303,ur,کریم,المعنى المختصر,"<p class=""ql-direction-rtl ql-align-right"">کریم : بڑی بھلائی اور عظیم نفع والا۔</p>",مطلب,"<p class=""ql-direction-rtl ql-align-right""><span class=""ql-font-vazirmatn""><span class=""ql-cursor"">﻿</span></span></p>"
671,303,ru,Аль-Карим (Щедрый),المعنى المختصر,"<p class=""ql-direction-rtl ql-align-right"">Аль-Карим: Дарующий много блага, приносящий много пользы. </p>",Значение,"<p class=""ql-direction-rtl ql-align-right""><span class=""ql-font-vazirmatn""><span class=""ql-cursor"">﻿</span></span></p>"
672,303,hi,अल-करीम (स्नेह करने वाला),المعنى المختصر,"<p class=""ql-direction-rtl ql-align-right"">स्नेह करने वाला : बड़ी भलाई और बड़े लाभ वाला।</p>",अर्थ,"<p class=""ql-direction-rtl ql-align-right""><span class=""ql-font-vazirmatn""><span class=""ql-cursor"">﻿</span></span></p>"
673,303,fa,کریم,المعنى المختصر,"<p class=""ql-direction-rtl ql-align-right"">کریم: اوست که خیرش بسیار و نفعش بس عظیم است.</p>",معنی,"<p class=""ql-direction-rtl ql-align-right""><span class=""ql-font-vazirmatn""><span class=""ql-cursor"">﻿</span></span></p>"
674,303,id,Al-Karīm (Maha Pemurah),المعنى المختصر,"<p class=""ql-direction-rtl ql-align-right"">Al-Karīm: Pemilik banyak kebaikan dan berbagai manfaat besar.</p>",Arti,"<p class=""ql-direction-rtl ql-align-right""><span class=""ql-font-vazirmatn""><span class=""ql-cursor"">﻿</span></span></p>"
675,303,zh,慷慨的,المعنى المختصر,"<p class=""ql-direction-rtl ql-align-right"">慷慨的：即多福多利的主。</p>",意义,"<p class=""ql-direction-rtl ql-align-right""><span class=""ql-font-vazirmatn""><span class=""ql-cursor"">﻿</span></span></p>"
676,303,bn,আল-কারীম (সুমহান দাতা),المعنى المختصر,"<p class=""ql-direction-rtl ql-align-right"">আল-কারীম (সুমহান দাতা): তিনি অসংখ্য কল্যাণের মালিক এবং মহা উপকারী।</p>",অর্থ,"<p class=""ql-direction-rtl ql-align-right""><span class=""ql-font-vazirmatn""><span class=""ql-cursor"">﻿</span></span></p>"
679,304,pt,O Observador (Al-Raqiib),O Significado Curto,"<p class=""ql-direction-rtl ql-align-right"">O Observador: Aquele que observa todas as coisas, a testemunha dos segredos e coisas intimas, Aquele que sabe e vê, não se oculta segredo e nem confidência diante d'Ele.</p>",Significadas,"<p class=""ql-direction-rtl ql-align-right""><span class=""ql-font-vazirmatn""><span class=""ql-cursor"">﻿</span> </span></p>"
680,304,ur,نگہبان,المعنى المختصر,"<p class=""ql-direction-rtl ql-align-right"">الرَّقِيْب (نگہبان) : وہ جو ہر چیز کی خبر رکھتا ہے، چھپی ہوئی باتوں اور رازہائے سربستہ سے واقف ہے، جو ہر شے کو جانتا اور دیکھتا ہے اور کوئی مخفی سے مخفی بات اور سرگوشی اس سے چھپی نہیں رہتی۔ </p>",مطلب,"<p class=""ql-direction-rtl ql-align-right""><span class=""ql-font-vazirmatn""><span class=""ql-cursor"">﻿</span></span></p>"
681,304,ru,Ар-Ракыб (Наблюдающий),المعنى المختصر,"<p class=""ql-direction-rtl ql-align-right"">Ар-Ракыб: Наблюдающий за всем, видящий всё самое потаённое и сокровенное, Тот, Кто знает и видит и от кого не укрывается ни один секрет, ни одна тайная беседа.</p>",Значение,"<p class=""ql-direction-rtl ql-align-right""><span class=""ql-font-vazirmatn""><span class=""ql-cursor"">﻿</span></span></p>"
682,304,hi,अर-रक़ीब (रक्षा तथा निगरानी करने वाला),المعنى المختصر,"<p class=""ql-direction-rtl ql-align-right"">रक्षा तथा निगरानी करने वला : हर चीज़ की सूचना रखने वाला, छिपी हुई और दिल की बातों को जानने वाला, जो सब कुछ देखता और सुनता है तथा कोई भेद और कानाफूसी उससे छिपी नहीं रहती।</p>",अर्थ,"<p class=""ql-direction-rtl ql-align-right""><span class=""ql-font-vazirmatn""><span class=""ql-cursor"">﻿</span></span></p>"
683,304,fa,رِقیب,المعنى المختصر,"<p class=""ql-direction-rtl ql-align-right"">رَقیب (ناظر، مراقبت کننده): آنکه بر هر چیزی مطلع است، بر پنهانی ها و آنچه در دلهاست شاهد است، آنکه می داند و می بیند و نهان و نجوا از او پنهان نیست. </p>",معنی,"<p class=""ql-direction-rtl ql-align-right""><span class=""ql-font-vazirmatn""><span class=""ql-cursor"">﻿</span></span></p>"
684,304,id,Ar-Raqīb (Maha Mengawasi),المعنى المختصر,"<p class=""ql-direction-rtl ql-align-right"">Ar-Raqīb: Yang melihat segala sesuatu; Yang menyaksikan yang tersembunyi dan samar; Yang mengetahui dan melihat, tidak samar bagi-Nya rahasia dan bisikan apa pun.</p>",Arti,"<p class=""ql-direction-rtl ql-align-right""><span class=""ql-font-vazirmatn""><span class=""ql-cursor"">﻿</span></span></p>"
685,304,zh,监视的,المعنى المختصر,"<p class=""ql-direction-rtl ql-align-right"">监视的：洞察一切的主，可以看到秘密和内心的主，他能够知道和看到一切，任何秘密都不能隐藏于他。 </p>",意义,"<p class=""ql-direction-rtl ql-align-right""><span class=""ql-font-vazirmatn""><span class=""ql-cursor"">﻿</span></span></p>"
686,304,bn,আর-রাকীব (তত্ত্বাবধায়ক),المعنى المختصر,"<p class=""ql-direction-rtl ql-align-right"">আর-রাকীব (তত্ত্বাবধায়ক): সবকিছুর ওপর অবগত। গোপনীয় বিষয় ও অন্তরের বিষয়গুলো সম্পর্কে সাক্ষী। যিনি জানেন ও দেখেন। তার কাঝে কোন বেধ ও রহস্য লুকায়িত নয়।</p>",অর্থ,"<p class=""ql-direction-rtl ql-align-right""><span class=""ql-font-vazirmatn""><span class=""ql-cursor"">﻿</span></span></p>"
689,305,pt,O Atendedor (Al-Mujíb),O Significado Curto,"<p class=""ql-direction-rtl ql-align-right"">O Atendedor: Aquele que atende o pedido dos pedintes e a súplica dos suplicantes com respostas e aceitação.</p>",Significadas,"<p class=""ql-direction-rtl ql-align-right""><span class=""ql-font-vazirmatn""><span class=""ql-cursor"">﻿</span> </span></p>"
690,305,ur,دعا قبول کرنے والا,المعنى المختصر,"<p class=""ql-direction-rtl ql-align-right"">المُجِيْب (دعا قبول کرنے والا) : جو مانگنے والے کا دامن بھر دیتا ہے اور پکارنے والے کی مراد پوری کرتا ہے۔</p>",مطلب,"<p class=""ql-direction-rtl ql-align-right""><span class=""ql-font-vazirmatn""><span class=""ql-cursor"">﻿</span></span></p>"
691,305,ru,Аль-Муджиб (Отвечающий),المعنى المختصر,"<p class=""ql-direction-rtl ql-align-right"">Аль-Муджиб: Который отвечает на мольбы и воззвания и принимает их.</p>",Значение,"<p class=""ql-direction-rtl ql-align-right""><span class=""ql-font-vazirmatn""><span class=""ql-cursor"">﻿</span></span></p>"
692,305,hi,अल-मुजीब (दुआ ग्रहण करने वाला),المعنى المختصر,"<p class=""ql-direction-rtl ql-align-right"">दुआ ग्रहण करने वाला : जो माँगने वालों की मुराद पूरी करता है और दुआ करने वालों की दुआ ग्रहण करता है।</p>",अर्थ,"<p class=""ql-direction-rtl ql-align-right""><span class=""ql-font-vazirmatn""><span class=""ql-cursor"">﻿</span></span></p>"
693,305,fa,مُجیب,المعنى المختصر,"<p class=""ql-direction-rtl ql-align-right"">مُجیب: آنکه درخواست درخواست کنندگان و دعای دعاگویان را با اجابت و پذیرش پاسخ می گوید.</p>",معنی,"<p class=""ql-direction-rtl ql-align-right""><span class=""ql-font-vazirmatn""><span class=""ql-cursor"">﻿</span></span></p>"
694,305,id,Al-Mujīb (Maha Mengabulkan),المعنى المختصر,"<p class=""ql-direction-rtl ql-align-right"">Al-Mujīb: Yang menyambut permintaan orang-orang yang meminta dan permohonan orang-orang yang berdoa dengan pengabulan dan penerimaan.</p>",Arti,"<p class=""ql-direction-rtl ql-align-right""><span class=""ql-font-vazirmatn""><span class=""ql-cursor"">﻿</span></span></p>"
695,305,zh,应答的,المعنى المختصر,"<p class=""ql-direction-rtl ql-align-right"">应答的：他是应答和接受祈祷之人的祈祷，要求之人的要求。</p>",意义,"<p class=""ql-direction-rtl ql-align-right""><span class=""ql-font-vazirmatn""><span class=""ql-cursor"">﻿</span></span></p>"
696,305,bn,আল-মুজিব (সাড়াদানকারী),المعنى المختصر,"<p class=""ql-direction-rtl ql-align-right"">আল-মুজিব (সাড়াদানকারী): যিনি যারা চায় তাদের চাওয়াকে পুরণ করেন এবং যারা তাকে ডাকে তাদের ডাকে সাড়া দেন। </p>",অর্থ,"<p class=""ql-direction-rtl ql-align-right""><span class=""ql-font-vazirmatn""><span class=""ql-cursor"">﻿</span></span></p>"
699,306,pt,O Munificente (Al-Wásií),O Significado Curto,"<p class=""ql-direction-rtl ql-align-right"">O Munificente: Aquele que em cada atributo possui um significado mais íntegro e o poder mais perfeito.</p>",Significadas,"<p class=""ql-direction-rtl ql-align-right""><span class=""ql-font-vazirmatn""><span class=""ql-cursor"">﻿</span> </span></p>"
700,306,ur,کشادگی والا,المعنى المختصر,"<p class=""ql-direction-rtl ql-align-right"">الوَاسِع (کشادگی والا) : وہ جس کے اندر ساری خوبیاں اور اچھائیاں بدرجۂ اتم اور کامل ترین مقدار میں پائی جاتی ہیں۔</p>",مطلب,"<p class=""ql-direction-rtl ql-align-right""><span class=""ql-font-vazirmatn""><span class=""ql-cursor"">﻿</span></span></p>"
701,306,ru,Аль-Васи‘ (Объемлющий),المعنى المختصر,"<p class=""ql-direction-rtl ql-align-right"">Аль-Васи‘: Тот, Кому присущи все самые совершенные описания.</p>",Значение,"<p class=""ql-direction-rtl ql-align-right""><span class=""ql-font-vazirmatn""><span class=""ql-cursor"">﻿</span></span></p>"
702,306,hi,अल-वासिउ ( सबसे विशाल),المعنى المختصر,"<p class=""ql-direction-rtl ql-align-right"">सबसे विशाल : जिसके सारे गुण पूर्णतम दर्जे और सर्वाधिक मात्रा में हो।</p>",अर्थ,"<p class=""ql-direction-rtl ql-align-right""><span class=""ql-font-vazirmatn""><span class=""ql-cursor"">﻿</span></span></p>"
703,306,fa,واسِع,المعنى المختصر,"<p class=""ql-direction-rtl ql-align-right"">واسِع: آنکه از هر وصفی، کاملترین معنایش را دارد.</p>",معنی,"<p class=""ql-direction-rtl ql-align-right""><span class=""ql-font-vazirmatn""><span class=""ql-cursor"">﻿</span></span></p>"
704,306,id,Al-Wāsi' (Mahaluas),المعنى المختصر,"<p class=""ql-direction-rtl ql-align-right"">Al-Wāsi': Pemilik setiap sifat yang bermakna sempurna dan berkadar terbaik. </p>",Arti,"<p class=""ql-direction-rtl ql-align-right""><span class=""ql-font-vazirmatn""><span class=""ql-cursor"">﻿</span></span></p>"
705,306,zh,宽大的,المعنى المختصر,"<p class=""ql-direction-rtl ql-align-right"">宽大的：所有对完整意义和完全能力的描述都属于真主。</p>",意义,"<p class=""ql-direction-rtl ql-align-right""><span class=""ql-font-vazirmatn""><span class=""ql-cursor"">﻿</span></span></p>"
706,306,bn,আল-ওয়াসি` (সর্ব-ব্যাপী),المعنى المختصر,"<p class=""ql-direction-rtl ql-align-right"">আল-ওয়াসি` (সর্ব-ব্যাপী): যার জন্য রয়েছে পরিপূণ অর্থের গুণাবলী এবং পূর্ণাঙ্গ মর্যাদা।</p>",অর্থ,"<p class=""ql-direction-rtl ql-align-right""><span class=""ql-font-vazirmatn""><span class=""ql-cursor"">﻿</span></span></p>"
709,307,pt,O Sapientíssimo (Al-Hakim),O Significado Curto,"<p class=""ql-direction-rtl ql-align-right"">O Sapientíssimo: dotado de uma sabedoria completa nas suas ordens e sua legislação e um íntegro julgamento entre suas criaturas.</p>",Significadas,"<p class=""ql-direction-rtl ql-align-right""><span class=""ql-font-vazirmatn""><span class=""ql-cursor"">﻿</span> </span></p>"
710,307,ur,حکمت والا,المعنى المختصر,"<p class=""ql-direction-rtl ql-align-right"">الحَكِيْم (حکمت والا) : وہ ذات جو اپنے اوامر اور تشریعات میں کامل حکمت والی اور مخلوقات کے درمیان فیصلہ کرنے میں کامل و مکمل ہے۔</p>",مطلب,"<p class=""ql-direction-rtl ql-align-right""><span class=""ql-font-vazirmatn""><span class=""ql-cursor"">﻿</span></span></p>"
711,307,ru,Аль-Хаким (Мудрый),المعنى المختصر,"<p class=""ql-direction-rtl ql-align-right"">Аль-Хаким: Обладатель совершенной мудрости в Своих велениях и предписаниях и совершенства в том, как Он судит между творениями.</p>",Значение,"<p class=""ql-direction-rtl ql-align-right""><span class=""ql-font-vazirmatn""><span class=""ql-cursor"">﻿</span></span></p>"
712,307,hi,अल-ह़कीम (सम्पूर्ण हिकमत वाला),المعنى المختصر,"<p class=""ql-direction-rtl ql-align-right"">अल-ह़कीम (सम्पूर्ण हिकमत वाला): वह जिसके सभी आदेश और धार्मिक विधान(शरई अहकाम) हिकमत से परिपूर्ण हैं और जो अपनी सृष्टियों के बीच निर्णय करने के मामले में भी हिकमत के साथ संपूर्णतया विशेषित है।</p>",अर्थ,"<p class=""ql-direction-rtl ql-align-right""><span class=""ql-font-vazirmatn""><span class=""ql-cursor"">﻿</span></span></p>"
713,307,fa,حَکیم,المعنى المختصر,"<p class=""ql-direction-rtl ql-align-right"">حَکیم: موصوف به کمالِ حکمت در دستورات و قوانینش و کمال حکمرانی در میان مخلوقاتش.</p>",معنی,"<p class=""ql-direction-rtl ql-align-right""><span class=""ql-font-vazirmatn""><span class=""ql-cursor"">﻿</span></span></p>"
714,307,id,Al-Ḥakīm (Mahabijaksana),المعنى المختصر,"<p class=""ql-direction-rtl ql-align-right"">Al-Ḥakīm: Pemilik sifat kebijaksanaan yang sempurna di dalam perintah dan syariat-syariat-Nya dan pemilik keputusan yang sempurna di antara makhluk-makhluk-Nya.</p>",Arti,"<p class=""ql-direction-rtl ql-align-right""><span class=""ql-font-vazirmatn""><span class=""ql-cursor"">﻿</span></span></p>"
715,307,zh,睿智的,المعنى المختصر,"<p class=""ql-direction-rtl ql-align-right"">睿智的：这是对真主在他的命令和立法中的完美智慧，及众生之间的完美裁决的表述。</p>",意义,"<p class=""ql-direction-rtl ql-align-right""><span class=""ql-font-vazirmatn""><span class=""ql-cursor"">﻿</span></span></p>"
716,307,bn,আল-হাকীম (পরম-প্রজ্ঞাময়),المعنى المختصر,"<p class=""ql-direction-rtl ql-align-right"">আল-হাকীম (পরম-প্রজ্ঞাময়): যিনি তার আদেশ ও বিধানসমূহে পরিপূর্ণ হিকমাতের গুণে গুণান্বিত এবং স্বীয় মাখলুকের মাঝে ফায়সালা দানে পরিপূর্ণ।</p>",অর্থ,"<p class=""ql-direction-rtl ql-align-right""><span class=""ql-font-vazirmatn""><span class=""ql-cursor"">﻿</span></span></p>"
719,308,pt,O Afetuoso (Al-Wadúd),O Significado Curto,"<p class=""ql-direction-rtl ql-align-right""> O Afetuoso: o Amoroso e o Querido, Aquele que ama seus profetas e mensageiros junto com seus seguidores e eles O amam.</p>",Significadas,"<p class=""ql-direction-rtl ql-align-right""><span class=""ql-font-vazirmatn""><span class=""ql-cursor"">﻿</span> </span></p>"
720,308,ur,بہت زیادہ محبت کرنے والا,المعنى المختصر,"<p class=""ql-direction-rtl ql-align-right"">الوَدُوْد (بہت زیادہ محبت کرنے والا) : یعنی جو محبت کرتا ہے اور اس سے محبت کی جاتی ہے۔ وہ اپنے نبیوں، رسولوں اور انھیں ماننے والوں سے محبت کرتا ہے اور یہ سب لوگ اس سے محبت کرتے ہیں۔</p>",مطلب,"<p class=""ql-direction-rtl ql-align-right""><span class=""ql-font-vazirmatn""><span class=""ql-cursor"">﻿</span></span></p>"
721,308,ru,Аль-Вадуд (Любящий),المعنى المختصر,"<p class=""ql-direction-rtl ql-align-right"">Аль-Вадуд: Любящий и Любимый. Он — Тот, Кого любят Его пророки, посланники и их последователи и Кто любит их.</p>",Значение,"<p class=""ql-direction-rtl ql-align-right""><span class=""ql-font-vazirmatn""><span class=""ql-cursor"">﻿</span></span></p>"
722,308,hi,अल-वदूद (अत्यधिक प्रेम करने वाला तथा प्रेम किया जाने वाला),المعنى المختصر,"<p class=""ql-direction-rtl ql-align-right"">अत्यधिक प्रेम करने वाला तथा प्रेम किया जाने वाला : यानी प्रेम करने वाला और प्रिय दोनों। वह अपने नबियों, रसूलों और उनके मानने वालों से प्रेम करता है और वे भी उससे प्रेम करते हैं।</p>",अर्थ,"<p class=""ql-direction-rtl ql-align-right""><span class=""ql-font-vazirmatn""><span class=""ql-cursor"">﻿</span></span></p>"
723,308,fa,وَدود,المعنى المختصر,"<p class=""ql-direction-rtl ql-align-right"">وَدود: یعنی: کسی که دوست می دارد و دوستش می دارند زیرا اوست که پیامبران و رسولانش و پیروانش را دوست دارد و آنان نیز دوستش می دارند.</p>",معنی,"<p class=""ql-direction-rtl ql-align-right""><span class=""ql-font-vazirmatn""><span class=""ql-cursor"">﻿</span></span></p>"
724,308,id,Al-Wadūd (Maha Pengasih),المعنى المختصر,"<p class=""ql-direction-rtl ql-align-right"">Al-Wadūd: Yang mencintai dan dicintai; yaitu Allah mencintai para nabi dan rasul-Nya serta yang mengikuti mereka, dan mereka pun mencintai-Nya.</p>",Arti,"<p class=""ql-direction-rtl ql-align-right""><span class=""ql-font-vazirmatn""><span class=""ql-cursor"">﻿</span></span></p>"
725,308,zh,至爱的,المعنى المختصر,"<p class=""ql-direction-rtl ql-align-right"">至爱的：即喜爱被喜爱者，他喜爱他的众先知、使者及其跟随者们，他们也喜爱他。</p>",意义,"<p class=""ql-direction-rtl ql-align-right""><span class=""ql-font-vazirmatn""><span class=""ql-cursor"">﻿</span></span></p>"
726,308,bn,আল-ওয়াদূদ (বান্দাদের প্রতি ভালোবাসা পোষণকারী),المعنى المختصر,"<p class=""ql-direction-rtl ql-align-right"">আল-ওয়াদূদ (বান্দাদের প্রতি ভালোবাসা পোষণকারী): প্রিয়দের পছন্দকারী। সুতরাং তিনি তার নবীগণ, রাসূলগণ এবং তাদের অনুসারীদের ভালোবাসেন এবং তারা তাকে ভালোবাসে।</p>",অর্থ,"<p class=""ql-direction-rtl ql-align-right""><span class=""ql-font-vazirmatn""><span class=""ql-cursor"">﻿</span></span></p>"
729,309,pt,O Afetuoso (Al-Wadúd),O Significado Curto,"<p class=""ql-direction-rtl ql-align-right"">O Afetuoso: o Amoroso e o Querido, Aquele que ama seus profetas e mensageiros junto com seus seguidores e eles O amam.</p>",Significadas,"<p class=""ql-direction-rtl ql-align-right""><span class=""ql-font-vazirmatn""><span class=""ql-cursor"">﻿</span> </span></p>"
730,309,ur,بہت زیادہ محبت کرنے والا,المعنى المختصر,"<p class=""ql-direction-rtl ql-align-right"">الوَدُوْد (بہت زیادہ محبت کرنے والا) : یعنی جو محبت کرتا ہے اور اس سے محبت کی جاتی ہے۔ وہ اپنے نبیوں، رسولوں اور انھیں ماننے والوں سے محبت کرتا ہے اور یہ سب لوگ اس سے محبت کرتے ہیں۔</p>",مطلب,"<p class=""ql-direction-rtl ql-align-right""><span class=""ql-font-vazirmatn""><span class=""ql-cursor"">﻿</span></span></p>"
731,309,ru,Аль-Вадуд (Любящий),المعنى المختصر,"<p class=""ql-direction-rtl ql-align-right"">Аль-Вадуд: Любящий и Любимый. Он — Тот, Кого любят Его пророки, посланники и их последователи и Кто любит их.</p>",Значение,"<p class=""ql-direction-rtl ql-align-right""><span class=""ql-font-vazirmatn""><span class=""ql-cursor"">﻿</span></span></p>"
732,309,hi,अल-वदूद (अत्यधिक प्रेम करने वाला तथा प्रेम किया जाने वाला),المعنى المختصر,"<p class=""ql-direction-rtl ql-align-right"">अत्यधिक प्रेम करने वाला तथा प्रेम किया जाने वाला : यानी प्रेम करने वाला और प्रिय दोनों। वह अपने नबियों, रसूलों और उनके मानने वालों से प्रेम करता है और वे भी उससे प्रेम करते हैं।</p>",अर्थ,"<p class=""ql-direction-rtl ql-align-right""><span class=""ql-font-vazirmatn""><span class=""ql-cursor"">﻿</span></span></p>"
733,309,fa,وَدود,المعنى المختصر,"<p class=""ql-direction-rtl ql-align-right"">وَدود: یعنی: کسی که دوست می دارد و دوستش می دارند زیرا اوست که پیامبران و رسولانش و پیروانش را دوست دارد و آنان نیز دوستش می دارند.</p>",معنی,"<p class=""ql-direction-rtl ql-align-right""><span class=""ql-font-vazirmatn""><span class=""ql-cursor"">﻿</span></span></p>"
734,309,id,Al-Wadūd (Maha Pengasih),المعنى المختصر,"<p class=""ql-direction-rtl ql-align-right"">Al-Wadūd: Yang mencintai dan dicintai; yaitu Allah mencintai para nabi dan rasul-Nya serta yang mengikuti mereka, dan mereka pun mencintai-Nya.</p>",Arti,"<p class=""ql-direction-rtl ql-align-right""><span class=""ql-font-vazirmatn""><span class=""ql-cursor"">﻿</span></span></p>"
735,309,zh,至爱的,المعنى المختصر,"<p class=""ql-direction-rtl ql-align-right"">至爱的：即喜爱被喜爱者，他喜爱他的众先知、使者及其跟随者们，他们也喜爱他。</p>",意义,"<p class=""ql-direction-rtl ql-align-right""><span class=""ql-font-vazirmatn""><span class=""ql-cursor"">﻿</span></span></p>"
736,309,bn,আল-মাজীদ (সকল মর্যাদার অধিকারী),المعنى المختصر,"<p class=""ql-direction-rtl ql-align-right"">আল-মাজীদ (সকল মর্যাদার অধিকারী): পরিপূর্ণতা সিফাতসমূহ হতে যিনি একাধিক সু-বিশাল মহৎ গুণসমূহের সাথে গুণান্বিত।</p>",অর্থ,"<p class=""ql-direction-rtl ql-align-right""><span class=""ql-font-vazirmatn""><span class=""ql-cursor"">﻿</span></span></p>"
739,310,pt,O Testemunhador: (Ash-Shahid),O Significado Curto,"<p class=""ql-direction-rtl ql-align-right"">O Testemunhador: Aquele que nada pode se ocultar d'Ele, pois Ele é observador de todas as coisas, é seu Testemunhador, Sábio com todos seus detalhes. </p>",Significadas,"<p class=""ql-direction-rtl ql-align-right""><span class=""ql-font-vazirmatn""><span class=""ql-cursor"">﻿</span> </span></p>"
740,310,ur,باخبر,المعنى المختصر,"<p class=""ql-direction-rtl ql-align-right"">الشَّهِيْد (باخبر) : جس سے کوئی چیز اوجھل نہیں ہوتی، بلکہ وہ ہر چیز سے باخبرہے، ہر شے کو دیکھتا ہے اور اس کی تفصیلات سے واقف رہتا ہے۔</p>",مطلب,"<p class=""ql-direction-rtl ql-align-right""><span class=""ql-font-vazirmatn""><span class=""ql-cursor"">﻿</span></span></p>"
741,310,ru,Аш-Шахид (Свидетель),المعنى المختصر,"<p class=""ql-direction-rtl ql-align-right"">Аш-Шахид: Тот, от Кого ничто не укрывается, видящий и знающий всё и во всех подробностях.</p>",Значение,"<p class=""ql-direction-rtl ql-align-right""><span class=""ql-font-vazirmatn""><span class=""ql-cursor"">﻿</span></span></p>"
742,310,hi,अश्-शहीद (हर वस्तू का गवाह और ज्ञाता),المعنى المختصر,"<p class=""ql-direction-rtl ql-align-right"">हर वस्तू का गवाह और ज्ञाता : वह जिससे कोई वस्तु ओझल नहीं होती, बल्कि वह हर चीज़ की सूचना रखता है, हर वस्तु को देख रहा है और हर वस्तु से संबंधित हर बात से अवगत है।</p>",अर्थ,"<p class=""ql-direction-rtl ql-align-right""><span class=""ql-font-vazirmatn""><span class=""ql-cursor"">﻿</span></span></p>"
743,310,fa,شهید,المعنى المختصر,"<p class=""ql-direction-rtl ql-align-right"">شهید: آنکه چیزی از وی پنهان نمی ماند بلکه بر هر چیزی مطلع و آن را مشاهده می کند و به جزئیاتش آگاه است.</p>",معنی,"<p class=""ql-direction-rtl ql-align-right""><span class=""ql-font-vazirmatn""><span class=""ql-cursor"">﻿</span></span></p>"
744,310,id,Asy-Syahīd (Maha Menyaksikan),المعنى المختصر,"<p class=""ql-direction-rtl ql-align-right"">Asy-Syahīd: Yang tidak luput dari-Nya sesuatu apa pun, bahkan Dia melihat segala sesuatu, menyaksikannya, dan mengetahui rinciannya.</p>",Arti,"<p class=""ql-direction-rtl ql-align-right""><span class=""ql-font-vazirmatn""><span class=""ql-cursor"">﻿</span></span></p>"
745,310,zh,见证的,المعنى المختصر,"<p class=""ql-direction-rtl ql-align-right"">见证的：没有任何东西可以对真主隐藏，他是洞察和见证一切的主，彻知所有的细节。</p>",意义,"<p class=""ql-direction-rtl ql-align-right""><span class=""ql-font-vazirmatn""><span class=""ql-cursor"">﻿</span></span></p>"
746,310,bn,আশ-শাহীদ (সর্বজ্ঞ-স্বাক্ষী),المعنى المختصر,"<p class=""ql-direction-rtl ql-align-right"">আশ-শাহীদ (সর্বজ্ঞ-স্বাক্ষী): যার থেকে কোন কিছুই অনুপস্থিত হয় না। বরং তিনি সবকিছু সম্পর্কে অবগত, সবকিছুর প্রত্যক্ষ্যদর্শী। সবকিছুর ব্যাখ্যা সম্পর্কে তিনি সর্বজ্ঞ।</p>",অর্থ,"<p class=""ql-direction-rtl ql-align-right""><span class=""ql-font-vazirmatn""><span class=""ql-cursor"">﻿</span></span></p>"
749,311,pt,O Verídico (Al-Haqq),O Significado Curto,"<p class=""ql-direction-rtl ql-align-right"">O Verídico: Aquele que sua existência é verdadeira, e que todos Seus nomes, Seus atributos, Suas ações, Suas regras e Sua recompensa, são perfeitos e verdadeiros. Não existe nada de falsidade.</p>",Significadas,"<p class=""ql-direction-rtl ql-align-right""><span class=""ql-font-vazirmatn""><span class=""ql-cursor"">﻿</span> </span></p>"
750,311,ur,حق,المعنى المختصر,"<p class=""ql-direction-rtl ql-align-right"">حق : وہ ذات جس کی ہستی اور وجود متحقق ہے اور جس کے اسما، صفات، افعال، احکام اور جزا سب کامل اور حق ہیں اور اس میں باطل کا کوئی گزر نہیں ہے۔</p>",مطلب,"<p class=""ql-direction-rtl ql-align-right""><span class=""ql-font-vazirmatn""><span class=""ql-cursor"">﻿</span></span></p>"
751,311,ru,Аль-Хакк (Истинный),المعنى المختصر,"<p class=""ql-direction-rtl ql-align-right"">Аль-Хакк: Истинный в Своём существовании, и все Его качества, действия, законы и воздаяния совершенны и истинны, и в них нет ничего ложного.</p>",Значение,"<p class=""ql-direction-rtl ql-align-right""><span class=""ql-font-vazirmatn""><span class=""ql-cursor"">﻿</span></span></p>"
752,311,hi,अल-ह़क़्क़ (सत्य),المعنى المختصر,"<p class=""ql-direction-rtl ql-align-right"">सत्य : जिसका अस्तित्व सत्य है और जिसके सारे नाम, गुण, कार्य, आदेश और प्रतिफल सत्य हैं और यहाँ असत्य का कोई स्थान नहीं है।</p>",अर्थ,"<p class=""ql-direction-rtl ql-align-right""><span class=""ql-font-vazirmatn""><span class=""ql-cursor"">﻿</span></span></p>"
753,311,fa,حق,المعنى المختصر,"<p class=""ql-direction-rtl ql-align-right"">حق: آنکه وجودش مُتَحقّق (ناگزیر) است و نامها و صفات و کارها و احکام و جزایش همه کمال [محض] و حق است و در آن باطلی نیست.</p>",معنی,"<p class=""ql-direction-rtl ql-align-right""><span class=""ql-font-vazirmatn""><span class=""ql-cursor"">﻿</span></span></p>"
754,311,id,Al-Ḥaqq (Mahabenar),المعنى المختصر,"<p class=""ql-direction-rtl ql-align-right"">Al-Ḥaqq: Zat yang eksistensi dan wujud-Nya benar-benar hakiki; nama-nama, sifat, perbuatan, hukum, dan balasan-Nya seluruhnya sempurna dan hakiki, tidak sedikit pun di dalamnya yang mengandung kebatilan.</p>",Arti,"<p class=""ql-direction-rtl ql-align-right""><span class=""ql-font-vazirmatn""><span class=""ql-cursor"">﻿</span></span></p>"
755,311,zh,真宰,المعنى المختصر,"<p class=""ql-direction-rtl ql-align-right"">真宰：即真主的存在是真实的，他的尊名、属性、行为、判决和赏赐是真实的，所有这一切都是完美的、真实的，其中没有任何的虚妄。</p>",意义,"<p class=""ql-direction-rtl ql-align-right""><span class=""ql-font-vazirmatn""><span class=""ql-cursor"">﻿</span></span></p>"
756,311,bn,আল-হাক্ক (পরম সত্য),المعنى المختصر,"<p class=""ql-direction-rtl ql-align-right"">আল-হাক্ক (পরম সত্য): যার হওয়া ও অস্তিত্ব সাব্যস্ত। আর তাঁর নামসমূহ, সিফাতসমূহ, কর্মসমূহ, বিধানসমূহ এবং তার প্রতিদানসমূহ সবই পরিপূর্ণ ও সত্য। তাতে কোন বাতিল কিছু নাই।</p>",অর্থ,"<p class=""ql-direction-rtl ql-align-right""><span class=""ql-font-vazirmatn""><span class=""ql-cursor"">﻿</span></span></p>"
759,312,pt,O Fortíssimo (Al-Qawiy),O Significado Curto,"<p class=""ql-direction-rtl ql-align-right"">O Fortíssimo: Aquele que tem força absoluta a qual ninguém o supera, e ninguém rejeita Seu decreto.</p>",Significadas,"<p class=""ql-direction-rtl ql-align-right""><span class=""ql-font-vazirmatn""><span class=""ql-cursor"">﻿</span> </span></p>"
760,312,ur,طاقتور,المعنى المختصر,"<p class=""ql-direction-rtl ql-align-right"">القَوِيّ (طاقتور) : وہ مکمل طاقت و قوت کی مالک ذات، جس پر کسی کا زور نہیں چلتا اور جس کے فیصلے کو کوئی ٹال نہیں سکتا۔</p>",مطلب,"<p class=""ql-direction-rtl ql-align-right""><span class=""ql-font-vazirmatn""><span class=""ql-cursor"">﻿</span></span></p>"
761,312,ru,Аль-Кави (Сильный),المعنى المختصر,"<p class=""ql-direction-rtl ql-align-right"">Аль-Кави: Обладающий совершенной силой, так что Ему никто не может противостоять, а предопределённое Им неотвратимо.</p>",Значение,"<p class=""ql-direction-rtl ql-align-right""><span class=""ql-font-vazirmatn""><span class=""ql-cursor"">﻿</span></span></p>"
762,312,hi,अल-क़विय्यु (असीम शक्तिशाली),المعنى المختصر,"<p class=""ql-direction-rtl ql-align-right"">असीम शक्तिशाली : संपूर्ण शक्ति का मालिक, जिसपर किसी का ज़ोर नहीं चलता और जिसके निर्णय को कोई टाल नहीं सकता।</p>",अर्थ,"<p class=""ql-direction-rtl ql-align-right""><span class=""ql-font-vazirmatn""><span class=""ql-cursor"">﻿</span></span></p>"
763,312,fa,قَوی,المعنى المختصر,"<p class=""ql-direction-rtl ql-align-right"">قوی: دارای قدرت کامل که هیچ چیز او را شکت ندهد و از قضایش جلوگیری نکند. </p>",معنی,"<p class=""ql-direction-rtl ql-align-right""><span class=""ql-font-vazirmatn""><span class=""ql-cursor"">﻿</span></span></p>"
764,312,id,Al-Qawiy (Mahakuat),المعنى المختصر,"<p class=""ql-direction-rtl ql-align-right"">Al-Qawiy: Yang Mahasempurna kekuatan-Nya, tidak ada yang mengalahkan-Nya dan tidak ada yang dapat menolak ketetapan-Nya.</p>",Arti,"<p class=""ql-direction-rtl ql-align-right""><span class=""ql-font-vazirmatn""><span class=""ql-cursor"">﻿</span></span></p>"
765,312,zh,强大的,المعنى المختصر,"<p class=""ql-direction-rtl ql-align-right"">强大的：具有完美力量，任何人不可战胜他，他所判决的事物任何人不能阻止。</p>",意义,"<p class=""ql-direction-rtl ql-align-right""><span class=""ql-font-vazirmatn""><span class=""ql-cursor"">﻿</span></span></p>"
766,312,bn,আল-ক্বাবিউ (পরম-শক্তির-অধিকারী),المعنى المختصر,"<p class=""ql-direction-rtl ql-align-right"">আল-ক্বাবিউ (পরম-শক্তির-অধিকারী): পরিপূর্ণ শক্তি কোন বিজয়ী তাকে পরাহত করতে পারে না এবং কোন বাধাদানকারী তার ফায়সালাকে বাধাগ্রস্থ করতে পারে না।</p>",অর্থ,"<p class=""ql-direction-rtl ql-align-right""><span class=""ql-font-vazirmatn""><span class=""ql-cursor"">﻿</span></span></p>"
769,313,pt,O Inquebrantável (Al-Matín),O Significado Curto,"<p class=""ql-direction-rtl ql-align-right"">O Inquebrantável: Aquele que é firme em Sua força e poder, não lhe alcança cansaço nem sobrecarga.</p>",Significadas,"<p class=""ql-direction-rtl ql-align-right""><span class=""ql-font-vazirmatn""><span class=""ql-cursor"">﻿</span> </span></p>"
770,313,ur,مضبوط,المعنى المختصر,"<p class=""ql-direction-rtl ql-align-right"">المَتِيْن (مضبوط) : انتہا درجے کی طاقت، قوت اورقدرت کا مالک، جسے نہ کمزوری کا سامنا ہو اور نہ مشقت کا۔ </p>",مطلب,"<p class=""ql-direction-rtl ql-align-right""><span class=""ql-font-vazirmatn""><span class=""ql-cursor"">﻿</span></span></p>"
771,313,ru,"Аль-Матин (Крепкий, Несокрушимый)",المعنى المختصر,"<p class=""ql-direction-rtl ql-align-right"">Аль-Матин: Сильный, Обладающий предельной силой и могуществом, Которому не присуща слабость и для Которого нет ничего непосильного.</p>",Значение,"<p class=""ql-direction-rtl ql-align-right""><span class=""ql-font-vazirmatn""><span class=""ql-cursor"">﻿</span></span></p>"
772,313,hi,अल-मतीन (नितांत शक्तिवान),المعنى المختصر,"<p class=""ql-direction-rtl ql-align-right"">नितांत शक्तिवान : नितांत शक्ति एवं सामर्थ्य का मालिक, जो न कमज़ोरी महसूस करता है न तकान।</p>",अर्थ,"<p class=""ql-direction-rtl ql-align-right""><span class=""ql-font-vazirmatn""><span class=""ql-cursor"">﻿</span></span></p>"
773,313,fa,مَتین,المعنى المختصر,"<p class=""ql-direction-rtl ql-align-right"">مَتین: شدید، آنکه در اوج نیرو و قدرت است بنابراین ضعف و مشقتی به او نمی رسد.</p>",معنی,"<p class=""ql-direction-rtl ql-align-right""><span class=""ql-font-vazirmatn""><span class=""ql-cursor"">﻿</span></span></p>"
774,313,id,Al-Matīn (Mahakukuh),المعنى المختصر,"<p class=""ql-direction-rtl ql-align-right"">Al-Matīn: Pemilik puncak kekuatan dan kekuasaan, sehingga tidak dihinggapi oleh kelemahan dan kesulitan.</p>",Arti,"<p class=""ql-direction-rtl ql-align-right""><span class=""ql-font-vazirmatn""><span class=""ql-cursor"">﻿</span></span></p>"
775,313,zh,坚定的主,المعنى المختصر,"<p class=""ql-direction-rtl ql-align-right"">坚定的主：具有无极限的力量和能力，任何软弱和困难不能到于他。</p>",意义,"<p class=""ql-direction-rtl ql-align-right""><span class=""ql-font-vazirmatn""><span class=""ql-cursor"">﻿</span></span></p>"
776,313,bn,"আল-মাতীন (সুদৃঢ়, মজবুত)",المعنى المختصر,"<p class=""ql-direction-rtl ql-align-right"">আল-মাতীন (সুদৃঢ়, মজবুত): শক্তি ও ক্ষমতায় সীমাহীন কঠোর। ফলে তার সাথে কোন দুর্বলতা ও কষ্ট সম্পৃক্ত হয় না। </p>",অর্থ,"<p class=""ql-direction-rtl ql-align-right""><span class=""ql-font-vazirmatn""><span class=""ql-cursor"">﻿</span></span></p>"
779,314,pt,O Onivivente (Al-Hay),O Significado Curto,"<p class=""ql-direction-rtl ql-align-right"">O Onivivente: Aquele que tem todo o significado de vida plena (perfeita) que não tem início e nem tem fim.</p>",Significadas,"<p class=""ql-direction-rtl ql-align-right""><span class=""ql-font-vazirmatn""><span class=""ql-cursor"">﻿</span> </span></p>"
780,314,ur,زندہ,المعنى المختصر,"<p class=""ql-direction-rtl ql-align-right"">الحَيّ (زندہ) : وہ ذات جس کے اندر کامل حیات کا وصف اپنے سارے رنگ و روپ کے ساتھ موجود ہے، نہ اس نے عدم کو دیکھا ہے اور نہ اسے فنا ہونا ہے۔</p>",مطلب,"<p class=""ql-direction-rtl ql-align-right""><span class=""ql-font-vazirmatn""><span class=""ql-cursor"">﻿</span></span></p>"
781,314,ru,Аль-Хайй (Живой),المعنى المختصر,"<p class=""ql-direction-rtl ql-align-right"">Аль-Хайй: Обладающий совершенной жизнью во всех её смыслах, которой не предшествовало небытие и за которой не последует гибель и исчезновение.</p>",Значение,"<p class=""ql-direction-rtl ql-align-right""><span class=""ql-font-vazirmatn""><span class=""ql-cursor"">﻿</span></span></p>"
782,314,hi,अल-ह़ैय्यु (सम्पूर्ण जीवन वाला),المعنى المختصر,"<p class=""ql-direction-rtl ql-align-right"">सम्पूर्ण जीवन वाला : जिसके अंदर संपूर्ण जीवन अपने सारे अर्थों के साथ मौजूद हो। न वह अनस्तित्व से होकर गुज़रा है और न नाशवान है। </p>",अर्थ,"<p class=""ql-direction-rtl ql-align-right""><span class=""ql-font-vazirmatn""><span class=""ql-cursor"">﻿</span></span></p>"
783,314,fa,حَیّ,المعنى المختصر,"<p class=""ql-direction-rtl ql-align-right"">حَیّ (زنده): آنکه همهٔ معانی زندگی را به شکل کامل دارد، آنکه وجودش بعد از عدم نبوده و به فنا منتهی نمی شود.</p>",معنی,"<p class=""ql-direction-rtl ql-align-right""><span class=""ql-font-vazirmatn""><span class=""ql-cursor"">﻿</span></span></p>"
784,314,id,Al-Ḥayyu (Mahahidup),المعنى المختصر,"<p class=""ql-direction-rtl ql-align-right"">Al-Ḥayyu: Pemilik semua hakikat kehidupan yang sempurna, tidak didahului oleh ketidakadaan dan tidak akan disusul oleh kefanaan.</p>",Arti,"<p class=""ql-direction-rtl ql-align-right""><span class=""ql-font-vazirmatn""><span class=""ql-cursor"">﻿</span></span></p>"
785,314,zh,永生的,المعنى المختصر,"<p class=""ql-direction-rtl ql-align-right"">永生的：他是空前绝后的，集所有完美生命意义为一体的主。</p>",意义,"<p class=""ql-direction-rtl ql-align-right""><span class=""ql-font-vazirmatn""><span class=""ql-cursor"">﻿</span></span></p>"
786,314,bn,আল-হাইয়ু (চিরঞ্জীব),المعنى المختصر,"<p class=""ql-direction-rtl ql-align-right"">আল-হাইয়ু (চিরঞ্জীব): যার জন্য রয়েছে পূর্ণাঙ্গ জীবনের সব দিক, যার ওপর অস্তিত্বহীনতা অতিবাহিত হয়নি এবং যার সাথে কখনো নিঃশেষ হওয়া যোগ হবে না।</p>",অর্থ,"<p class=""ql-direction-rtl ql-align-right""><span class=""ql-font-vazirmatn""><span class=""ql-cursor"">﻿</span></span></p>"
789,315,pt,O Auto-Suficiente: (Al-Qayum),O Significado Curto,"<p class=""ql-direction-rtl ql-align-right"">O Auto-Suficiente: Aquele que se mantém por Si mesmo, não depende de ninguém, todas as coisas se mantêm através d'Ele, não há nada que não necessite d'Ele.</p>",Significadas,"<p class=""ql-direction-rtl ql-align-right""><span class=""ql-font-vazirmatn""><span class=""ql-cursor"">﻿</span> </span></p>"
790,315,ur,سب کو تھامنے والا,المعنى المختصر,"<p class=""ql-direction-rtl ql-align-right"">القَيُّوْم (سب کو تھامنے والا) : جو بذات خود قائم ہے اور کسی کا محتاج نہیں ہے، جب کہ دیگر ساری چیزیں اسی سے وجود پذیر ہوئی ہیں اور کوئی بھی اس سے بے نیاز نہیں ہے۔</p>",مطلب,"<p class=""ql-direction-rtl ql-align-right""><span class=""ql-font-vazirmatn""><span class=""ql-cursor"">﻿</span></span></p>"
791,315,ru,"Аль-Каййум (Вседержитель, Поддерживающий существование всего)",المعنى المختصر,"<p class=""ql-direction-rtl ql-align-right"">Аль-Каййум: Тот, Кто существует Сам по Себе, не нуждаясь ни в ком и ни в чём, тогда как всё сущее существует только благодаря Ему и не способно обойтись без Него.</p>",Значение,"<p class=""ql-direction-rtl ql-align-right""><span class=""ql-font-vazirmatn""><span class=""ql-cursor"">﻿</span></span></p>"
792,315,hi,अल-क़ैयूम (जो स्वयं क़ायम हो और सबको क़ायाम रखने वाला हो),المعنى المختصر,"<p class=""ql-direction-rtl ql-align-right"">जो स्वयं क़ायम हो और सबको क़ायाम रखने वाला हो : जो स्वयं क़ायम हो और किसी का मोहताज न हो तथा हर चीज़ उसी के द्वारा अस्तित्व में आई हो और कोई उससे बेनियाज़ न हो।</p>",अर्थ,"<p class=""ql-direction-rtl ql-align-right""><span class=""ql-font-vazirmatn""><span class=""ql-cursor"">﻿</span></span></p>"
793,315,fa,قَیّوم,المعنى المختصر,"<p class=""ql-direction-rtl ql-align-right"">قَیّوم: او کسی است که به ذات خود قائم و استوار است و نیازمند کسی نبوده و همه چیز توسط او برپاست، بنابراین هیچکس از او بی نیاز نیست.</p>",معنی,"<p class=""ql-direction-rtl ql-align-right""><span class=""ql-font-vazirmatn""><span class=""ql-cursor"">﻿</span></span></p>"
794,315,id,Al-Qayyūm (Maha Berdiri Sendiri),المعنى المختصر,"<p class=""ql-direction-rtl ql-align-right"">Al-Qayyūm: Yang Maha Berdiri Sendiri, tidak membutuhkan siapa pun, dan segala sesuatu tegak dengan-Nya; tidak ada yang tidak butuh kepada-Nya.</p>",Arti,"<p class=""ql-direction-rtl ql-align-right""><span class=""ql-font-vazirmatn""><span class=""ql-cursor"">﻿</span></span></p>"
795,315,zh,不灭的主,المعنى المختصر,"<p class=""ql-direction-rtl ql-align-right"">不灭的主：真主是自主的，他不需要任何人，所有的一切都依靠他，而他无求于任何物。</p>",意义,"<p class=""ql-direction-rtl ql-align-right""><span class=""ql-font-vazirmatn""><span class=""ql-cursor"">﻿</span></span></p>"
796,315,bn,আল-কাইয়ূম (সমস্ত কিছুর ধারক ও সংরক্ষণকারী),المعنى المختصر,"<p class=""ql-direction-rtl ql-align-right"">আল-কাইয়ূম (সমস্ত কিছুর ধারক ও সংরক্ষণকারী): যিনি নিজেই প্রতিষ্ঠিত। ফলে কারো প্রতি তিনি মুখাপেক্ষী হননি। প্রতি বস্তু তার দ্বারাই প্রতিষ্ঠা লাভ করে কোন কিছুই তার থেকে অমুখাপেকী নয়।</p>",অর্থ,"<p class=""ql-direction-rtl ql-align-right""><span class=""ql-font-vazirmatn""><span class=""ql-cursor"">﻿</span></span></p>"
799,316,pt,O Absoluto (As-Samad),O Significado Curto,"<p class=""ql-direction-rtl ql-align-right"">O Absoluto: O Perfeito e Grandioso Senhor, o procurado em toda necessidade através do desejo e medo.</p>",Significadas,"<p class=""ql-direction-rtl ql-align-right""><span class=""ql-font-vazirmatn""><span class=""ql-cursor"">﻿</span>  </span></p>"
800,316,ur,بے نیاز,المعنى المختصر,"<p class=""ql-direction-rtl ql-align-right"">الصَّمَد (بے نیاز) : کامل رب اور عظیم سرپرست، جس کے در کو ہر ضرورت کے وقت چاہت اور ڈر کے ساتھ کھٹکھٹایا جاتا ہے۔</p>",مطلب,"<p class=""ql-direction-rtl ql-align-right""><span class=""ql-font-vazirmatn""><span class=""ql-cursor"">﻿</span></span></p>"
801,316,ru,Ас-Самад (Самодостаточный),المعنى المختصر,"<p class=""ql-direction-rtl ql-align-right"">Ас-Самад: Совершенный Господь и великий господин, к которому обращаются с любой потребностью, стремясь к Его милости и боясь Его наказания. </p>",Значение,"<p class=""ql-direction-rtl ql-align-right""><span class=""ql-font-vazirmatn""><span class=""ql-cursor"">﻿</span></span></p>"
802,316,hi,अस-समद (संपूर्ण पालनहार और महान प्रभु तथा सब की मुराद ),المعنى المختصر,"<p class=""ql-direction-rtl ql-align-right"">अस-समद : संपूर्ण पालनहार और महान प्रभु तथा जिसका इरादा हर ज़रूरत के समय चाहत और भय के साथ किया जाता है। </p>",अर्थ,"<p class=""ql-direction-rtl ql-align-right""><span class=""ql-font-vazirmatn""><span class=""ql-cursor"">﻿</span></span></p>"
803,316,fa,صَمَد,المعنى المختصر,"<p class=""ql-direction-rtl ql-align-right"">صَمَد: پروردگار کامل و سرور بزرگ، آنکه در هر نیازی از روی رَغبَت و رَهبَت به او رجوع می شود.</p>",معنی,"<p class=""ql-direction-rtl ql-align-right""><span class=""ql-font-vazirmatn""><span class=""ql-cursor"">﻿</span></span></p>"
804,316,id,Aṣ-Ṣamad (Maha Dibutuhkan),المعنى المختصر,"<p class=""ql-direction-rtl ql-align-right"">Aṣ-Ṣamad: Rabb yang Mahasempurna; Tuhan yang Mahaagung; Yang dituju dalam segala hajat dengan penuh harap dan takut.</p>",Arti,"<p class=""ql-direction-rtl ql-align-right""><span class=""ql-font-vazirmatn""><span class=""ql-cursor"">﻿</span></span></p>"
805,316,zh,万物仰赖的主,المعنى المختصر,"<p class=""ql-direction-rtl ql-align-right"">万物仰赖的主：完美的养育者，伟大的掌管者，在任何需求都是仆人害怕和希望的主宰。</p>",意义,"<p class=""ql-direction-rtl ql-align-right""><span class=""ql-font-vazirmatn""><span class=""ql-cursor"">﻿</span></span></p>"
806,316,bn,আস-সামাদ (অমুখাপেক্ষী),المعنى المختصر,"<p class=""ql-direction-rtl ql-align-right"">আস-সামাদ (অমুখাপেক্ষী): পরিপূর্ণ রব, মহান সরদার। আগ্রহ ও ভয়ের সাথে যাবতীয় সব প্রয়োজনের তিনি উদ্দেশ্য। </p>",অর্থ,"<p class=""ql-direction-rtl ql-align-right""><span class=""ql-font-vazirmatn""><span class=""ql-cursor"">﻿</span></span></p>"
809,317,pt,O Poderoso (Al-Qádir),O Significado Curto,"<p class=""ql-direction-rtl ql-align-right"">O Poderoso: Aquele que tem o poder completo, abrangente e perfeito, no qual nada o torna incapaz e nem perde o que foi pedido.</p>",Significadas,"<p class=""ql-direction-rtl ql-align-right""><span class=""ql-font-vazirmatn""><span class=""ql-cursor"">﻿</span> </span></p>"
810,317,ur,قدرت والا,المعنى المختصر,"<p class=""ql-direction-rtl ql-align-right"">القَادِر (قدرت والا) : مکمل اور ہمہ گیر قدرت کی مالک ذات، جسے کوئی چیز بے بس نہیں کر سکتی اور جس کا کوئی مقصد فوت نہیں ہوتا۔</p>",مطلب,"<p class=""ql-direction-rtl ql-align-right""><span class=""ql-font-vazirmatn""><span class=""ql-cursor"">﻿</span></span></p>"
811,317,ru,"Аль-Кадир (Способный, Обладающий мощью)",المعنى المختصر,"<p class=""ql-direction-rtl ql-align-right"">Аль-Кадир: Обладающий абсолютной и совершенной мощью, для Которого нет ничего непосильного и Который всегда осуществляет желаемое.</p>",Значение,"<p class=""ql-direction-rtl ql-align-right""><span class=""ql-font-vazirmatn""><span class=""ql-cursor"">﻿</span></span></p>"
812,317,hi,अल-क़ादिर (सम्पूर्ण सक्षम),المعنى المختصر,"<p class=""ql-direction-rtl ql-align-right"">सम्पूर्ण सक्षम : जो हर चीज़ पर संपूर्ण सामर्थ्य रखता है, जिसे न कोई चीज़ विवश कर सकती है और न उससे कोई चीज़ छूट सकती है। </p>",अर्थ,"<p class=""ql-direction-rtl ql-align-right""><span class=""ql-font-vazirmatn""><span class=""ql-cursor"">﻿</span></span></p>"
813,317,fa,قادر,المعنى المختصر,"<p class=""ql-direction-rtl ql-align-right"">قادر: آنکه دارای قدرت کامل فراگیر است، آنکه چیزی ناتوانش نمی سازد و هیچ خواسته ای را از دست نمی دهد.</p>",معنی,"<p class=""ql-direction-rtl ql-align-right""><span class=""ql-font-vazirmatn""><span class=""ql-cursor"">﻿</span></span></p>"
814,317,id,Al-Qādir (Mahakuasa),المعنى المختصر,"<p class=""ql-direction-rtl ql-align-right"">Al-Qādir: Pemilik kekuasaan yang sempurna, universal, dan paripurna; tidak terkalahkan oleh sesuatu pun dan tidak ada yang lepas dari-Nya.</p>",Arti,"<p class=""ql-direction-rtl ql-align-right""><span class=""ql-font-vazirmatn""><span class=""ql-cursor"">﻿</span></span></p>"
815,317,zh,全能的主,المعنى المختصر,"<p class=""ql-direction-rtl ql-align-right"">全能的主：他是具有完全、全面、绝对能力的主，任何物不能使其无能，他不会放弃任何要求。</p>",意义,"<p class=""ql-direction-rtl ql-align-right""><span class=""ql-font-vazirmatn""><span class=""ql-cursor"">﻿</span></span></p>"
816,317,bn,আল-কাদির (সর্বশক্তিমান),المعنى المختصر,"<p class=""ql-direction-rtl ql-align-right"">আল-কাদির (সর্বশক্তিমান): যার রয়েছে পরিপূর্ণ, ব্যাপক ও পূর্ণাঙ্গ ক্ষমতা যাকে কোন কিছু অক্ষম করতে পারে না এবং তার কোন উদ্দেশ্য ছুটে যায় না।</p>",অর্থ,"<p class=""ql-direction-rtl ql-align-right""><span class=""ql-font-vazirmatn""><span class=""ql-cursor"">﻿</span></span></p>"
819,318,pt,O Magnífico (Al-Mutaal),O Significado Curto,"<p class=""ql-direction-rtl ql-align-right"">O Magnífico: nome que mostra absoluta alteza de Allah em todos os sentidos: alteza de Si mesmo, alteza da autoridade e alteza do domínio.</p>",Significadas,"<p class=""ql-direction-rtl ql-align-right""><span class=""ql-font-vazirmatn""><span class=""ql-cursor"">﻿</span> </span></p>"
820,318,ur,بلند مرتبہ والا,المعنى المختصر,"<p class=""ql-direction-rtl ql-align-right"">المُتَعال (بلند مرتبے والا) : یہ ایک ایسا اسم ہے جو اس بات پر دلالت کرتا ہے کہ اللہ اپنی ذات، مقام و مرتبہ اور طاقت و قوت، الغرض ہر اعتبار سے بلند و برتر ہے۔</p>",مطلب,"<p class=""ql-direction-rtl ql-align-right""><span class=""ql-font-vazirmatn""><span class=""ql-cursor"">﻿</span></span></p>"
821,318,ru,Аль-Мута‘али (Превознёсшийся),المعنى المختصر,"<p class=""ql-direction-rtl ql-align-right"">Аль-Мута‘али: имя, указывающее на возвышенность Аллаха во всех её формах: возвышенность Сущности, возвышенность положения, возвышенность одолевания.</p>",Значение,"<p class=""ql-direction-rtl ql-align-right""><span class=""ql-font-vazirmatn""><span class=""ql-cursor"">﻿</span></span></p>"
822,318,hi,अल-मुतआल (उच्च),المعنى المختصر,"<p class=""ql-direction-rtl ql-align-right"">उच्च : एक ऐसी संज्ञा जो यह बतलाती है कि अल्लाह हर ऐतिबार से ऊँचा है, अपनी ज़ात के ऐतिबार से भी, मान-सम्मान के ऐतिबार से भी और शक्ति एवं सामर्थ्य के ऐतिबार से भी। </p>",अर्थ,"<p class=""ql-direction-rtl ql-align-right""><span class=""ql-font-vazirmatn""><span class=""ql-cursor"">﻿</span></span></p>"
823,318,fa,مُتَعال,المعنى المختصر,"<p class=""ql-direction-rtl ql-align-right"">مُتَعال: نامی است دال بر بلندی و علو مطلقِ الله از همهٔ وجوه: بلندی ذات و بلندی قدر و بلندی قَهر (چیرگی).</p>",معنی,"<p class=""ql-direction-rtl ql-align-right""><span class=""ql-font-vazirmatn""><span class=""ql-cursor"">﻿</span></span></p>"
824,318,id,Al-Muta'āl (Mahatinggi),المعنى المختصر,"<p class=""ql-direction-rtl ql-align-right"">Al-Muta'āl: nama yang menunjukkan ketinggian mutlak bagi Allah dari semua sisi; ketinggian zat, ketinggian kedudukan, dan ketinggian kekuasaan.</p>",Arti,"<p class=""ql-direction-rtl ql-align-right""><span class=""ql-font-vazirmatn""><span class=""ql-cursor"">﻿</span></span></p>"
825,318,zh,崇高的,المعنى المختصر,"<p class=""ql-direction-rtl ql-align-right"">崇高的：无论任何方面，都证明绝对的至高，即地位高、权利高、本体高。</p>",意义,"<p class=""ql-direction-rtl ql-align-right""><span class=""ql-font-vazirmatn""><span class=""ql-cursor"">﻿</span></span></p>"
826,318,bn,আল-মুতাআল (সৃষ্টির গুণাবলীর উর্ধ্বে),المعنى المختصر,"<p class=""ql-direction-rtl ql-align-right"">আল-মুতাআল (সৃষ্টির গুণাবলীর উর্ধ্বে): এমন একটি নাম যেটি সর্বদিক থেকে আল্লাহর উচ্চ মর্যদার বিষয়টি প্রমান করে। কাদরের উচ্চতা, ক্ষমতা উচ্চতা ও সত্বার উচ্চা।</p>",অর্থ,"<p class=""ql-direction-rtl ql-align-right""><span class=""ql-font-vazirmatn""><span class=""ql-cursor"">﻿</span></span></p>"
829,319,pt,O Remissório (At-Tawwab),O Significado Curto,"<p class=""ql-direction-rtl ql-align-right"">O Remissório: é Aquele que encaminha o servo para o arrependimento e Ele aceita dele.</p>",Significadas,"<p class=""ql-direction-rtl ql-align-right""><span class=""ql-font-vazirmatn""><span class=""ql-cursor"">﻿</span> </span></p>"
830,319,ur,توبہ قبول کرنے والا,المعنى المختصر,"<p class=""ql-align-right"">توبہ قبول کرنے والا : جو بندوں کو توبہ کی توفیق دیتا ہے اور ان کی توبہ قبول کرتا ہے۔</p><p class=""ql-direction-rtl ql-align-right""><br></p>",مطلب,"<p class=""ql-direction-rtl ql-align-right""><span class=""ql-font-vazirmatn""><span class=""ql-cursor"">﻿</span></span></p>"
831,319,ru,Ат-Тавваб (Принимающий покаяния),المعنى المختصر,"<p class=""ql-direction-rtl ql-align-right"">Ат-Тавваб: Тот, Кто помогает Своему рабу покаяться и принимает его покаяние.</p>",Значение,"<p class=""ql-direction-rtl ql-align-right""><span class=""ql-font-vazirmatn""><span class=""ql-cursor"">﻿</span></span></p>"
832,319,hi,अत्तव्वाब (तौबा क़बूल करने वाला),المعنى المختصر,"<p class=""ql-direction-rtl ql-align-right"">तौबा क़बूल करने वाला : वह जो बंदे को तौबा करने का सुयोग प्रदान करता है और उसकी तौबा को ग्रहण भी करता है।</p>",अर्थ,"<p class=""ql-direction-rtl ql-align-right""><span class=""ql-font-vazirmatn""><span class=""ql-cursor"">﻿</span></span></p>"
833,319,fa,تواب (بسیار توبه پذیر),المعنى المختصر,"<p class=""ql-direction-rtl ql-align-right"">تواب: آنکه بندگانش را به سوی توبه توفیق می دهد و توبه را از آنان می پذیرد. </p>",معنی,"<p class=""ql-direction-rtl ql-align-right""><span class=""ql-font-vazirmatn""><span class=""ql-cursor"">﻿</span></span></p>"
834,319,id,At-Tawwāb (Maha Pemberi Tobat),المعنى المختصر,"<p class=""ql-direction-rtl ql-align-right"">At-Tawwāb: Pemberi taufik kepada hamba untuk bertobat lalu Dia menerima tobatnya. </p>",Arti,"<p class=""ql-direction-rtl ql-align-right""><span class=""ql-font-vazirmatn""><span class=""ql-cursor"">﻿</span></span></p>"
835,319,zh,接受忏悔的,المعنى المختصر,"<p class=""ql-direction-rtl ql-align-right"">接受忏悔的：就是让仆人的忏悔顺利，并被接受。</p>",意义,"<p class=""ql-direction-rtl ql-align-right""><span class=""ql-font-vazirmatn""><span class=""ql-cursor"">﻿</span></span></p>"
836,319,bn,আত-তাওয়াব (তাওবার তাওফিক দানকারী এবং কবুলকারী),المعنى المختصر,"<p class=""ql-direction-rtl ql-align-right"">আত-তাওয়াব (তাওবার তাওফিক দানকারী এবং কবুলকারী): যিনি বান্দাকে তাওবার তাওফীক দান করেন এবং তার তাওবা কবুল করেন।</p>",অর্থ,"<p class=""ql-direction-rtl ql-align-right""><span class=""ql-font-vazirmatn""><span class=""ql-cursor"">﻿</span></span></p>"
839,320,pt,O Indulgente (Al-Aafu),O Significado Curto,"<p class=""ql-direction-rtl ql-align-right"">O Indulgente: Aquele que apaga os erros e perdoa os pecados. </p>",Significadas,"<p class=""ql-direction-rtl ql-align-right""><span class=""ql-font-vazirmatn""><span class=""ql-cursor"">﻿</span> </span></p>"
840,320,ur,بہت زیادہ معاف کرنے والا,المعنى المختصر,"<p class=""ql-direction-rtl ql-align-right"">بہت زیادہ معاف کرنے والا : جو برائيوں کو مٹاتا ہے اور گناہوں سے درگزر کرتا ہے۔ </p>",مطلب,"<p class=""ql-direction-rtl ql-align-right""><span class=""ql-font-vazirmatn""><span class=""ql-cursor"">﻿</span></span></p>"
841,320,ru,Аль-‘Афувв (Отпускающий вину),المعنى المختصر,"<p class=""ql-direction-rtl ql-align-right"">Аль-‘Афувв: Тот, Кто стирает злодеяния и прощает ослушание.</p>",Значение,"<p class=""ql-direction-rtl ql-align-right""><span class=""ql-font-vazirmatn""><span class=""ql-cursor"">﻿</span></span></p>"
842,320,hi,अल-अफ़ुव्वु (सब से अधिक माफ़ करने वाला),المعنى المختصر,"<p class=""ql-direction-rtl ql-align-right"">सब से अधिक माफ़ करने वाला : जो गुनाहों को मिटा देता और पापों को नज़रंदा़ज़ करता है।</p>",अर्थ,"<p class=""ql-direction-rtl ql-align-right""><span class=""ql-font-vazirmatn""><span class=""ql-cursor"">﻿</span></span></p>"
843,320,fa,عَفُوّ,المعنى المختصر,"<p class=""ql-direction-rtl ql-align-right"">عَفُوّ: آن است که بدی ها را پاک می کند و از گناهان درمی گذرد.</p>",معنی,"<p class=""ql-direction-rtl ql-align-right""><span class=""ql-font-vazirmatn""><span class=""ql-cursor"">﻿</span></span></p>"
844,320,id,Al-'Afuw (Maha Pemaaf),المعنى المختصر,"<p class=""ql-direction-rtl ql-align-right"">Al-'Afuw: Yang menghapus segala dosa dan memaafkan kemaksiatan. </p>",Arti,"<p class=""ql-direction-rtl ql-align-right""><span class=""ql-font-vazirmatn""><span class=""ql-cursor"">﻿</span></span></p>"
845,320,zh,宽恕的,المعنى المختصر,"<p class=""ql-direction-rtl ql-align-right"">宽恕的：消除恶行，原谅犯罪者的主。</p>",意义,"<p class=""ql-direction-rtl ql-align-right""><span class=""ql-font-vazirmatn""><span class=""ql-cursor"">﻿</span></span></p>"
846,320,bn,আল-আফউউ (পরম-উদার),المعنى المختصر,"<p class=""ql-direction-rtl ql-align-right"">আল-আফউউ (পরম-উদার): যিনি অপরাধসমূহকে মিটিয়ে দেন এবং গুনাহগুলোকে এড়িয়ে যান।</p>",অর্থ,"<p class=""ql-direction-rtl ql-align-right""><span class=""ql-font-vazirmatn""><span class=""ql-cursor"">﻿</span></span></p>"
849,321,pt,O Compassivo (Al-Raúf),O Significado Curto,"<p class=""ql-direction-rtl ql-align-right"">O Compassivo: que possui demasiada compaixão e misericórdia de seus servos.</p>",Significadas,"<p class=""ql-direction-rtl ql-align-right""><span class=""ql-font-vazirmatn""><span class=""ql-cursor"">﻿</span> </span></p>"
850,321,ur,شفیق,المعنى المختصر,"<p class=""ql-direction-rtl ql-align-right"">الرَّؤُوْف (شفیق) : وہ ذات، جو اپنے بندوں پر بے انتہا شفقت و رحمت کرنے والی ہے۔</p>",مطلب,"<p class=""ql-direction-rtl ql-align-right""><span class=""ql-font-vazirmatn""><span class=""ql-cursor"">﻿</span></span></p>"
851,321,ru,Ар-Рауф (Сострадательный),المعنى المختصر,"<p class=""ql-direction-rtl ql-align-right"">Ар-Рауф: сострадательный по отношению к Своим рабам и милостивый к ним.</p>",Значение,"<p class=""ql-direction-rtl ql-align-right""><span class=""ql-font-vazirmatn""><span class=""ql-cursor"">﻿</span></span></p>"
852,321,hi,अर-रऊफ़ (अत्यंत करुणामय),المعنى المختصر,"<p class=""ql-direction-rtl ql-align-right"">अर-रऊफ़ (अत्यंत करुणामय) : वह जो अपने बंदों के हक़ में बड़ा करुणामय और दयावान है।</p>",अर्थ,"<p class=""ql-direction-rtl ql-align-right""><span class=""ql-font-vazirmatn""><span class=""ql-cursor"">﻿</span></span></p>"
853,321,fa,رئوف,المعنى المختصر,"<p class=""ql-direction-rtl ql-align-right"">رئوف: آنکه نسبت به بندگانش بسیار رأفت دارد و مهربان است.</p>",معنی,"<p class=""ql-direction-rtl ql-align-right""><span class=""ql-font-vazirmatn""><span class=""ql-cursor"">﻿</span></span></p>"
854,321,id,Ar-Ra`ūf (Maha Pembelas),المعنى المختصر,"<p class=""ql-direction-rtl ql-align-right"">Ar-Ra`ūf: Yang sangat berbelas kasih kepada hamba-hamba-Nya.</p>",Arti,"<p class=""ql-direction-rtl ql-align-right""><span class=""ql-font-vazirmatn""><span class=""ql-cursor"">﻿</span></span></p>"
855,321,zh,至爱的,المعنى المختصر,"<p class=""ql-direction-rtl ql-align-right"">至受的：对他的仆人非常的热爱和怜悯。 </p>",意义,"<p class=""ql-direction-rtl ql-align-right""><span class=""ql-font-vazirmatn""><span class=""ql-cursor"">﻿</span></span></p>"
856,321,bn,আর-রঊফ (পরম-স্নেহশীল),المعنى المختصر,"<p class=""ql-direction-rtl ql-align-right"">আর-রঊফ (পরম-স্নেহশীল): বান্দাদের প্রতি পরম-স্নেহশীল ও দয়ালু।</p>",অর্থ,"<p class=""ql-direction-rtl ql-align-right""><span class=""ql-font-vazirmatn""><span class=""ql-cursor"">﻿</span></span></p>"
859,322,pt,O Opulento (Al-Ghani),O Significado Curto,"<p class=""ql-direction-rtl ql-align-right"">O Opulento: Aquele que todas criaturas necessitam e Ele não necessita de ninguém. </p>",Significadas,"<p class=""ql-direction-rtl ql-align-right""><span class=""ql-font-vazirmatn""><span class=""ql-cursor"">﻿</span> </span></p>"
860,322,ur,بے نیاز,المعنى المختصر,"<p class=""ql-direction-rtl ql-align-right"">الغَنِيُّ (بے نیاز) : جس کے سب محتاج ہوں، لیکن وہ کسی کامحتاج نہ ہو۔</p>",مطلب,"<p class=""ql-direction-rtl ql-align-right""><span class=""ql-font-vazirmatn""><span class=""ql-cursor"">﻿</span></span></p>"
861,322,ru,Аль-Гани (Богатый),المعنى المختصر,"<p class=""ql-direction-rtl ql-align-right"">Аль-Гани: Тот, в Ком нуждаются все, тогда как Он ни в ком не нуждается.</p>",Значение,"<p class=""ql-direction-rtl ql-align-right""><span class=""ql-font-vazirmatn""><span class=""ql-cursor"">﻿</span></span></p>"
862,322,hi,"अलग़निय्यु (सीमारहित निस्पृह, बेनियाज़)",المعنى المختصر,"<p class=""ql-direction-rtl ql-align-right"">सीमारहित निस्पृह : वह जिसका मोहताज हर कोई हो, लेकिन वह किसी का मोहताज न हो।</p>",अर्थ,"<p class=""ql-direction-rtl ql-align-right""><span class=""ql-font-vazirmatn""><span class=""ql-cursor"">﻿</span></span></p>"
863,322,fa,غنی,المعنى المختصر,"<p class=""ql-direction-rtl ql-align-right"">غنی: بی نیازی است که هرکه جز اوست نیازمند اوست و خود نیازمند کسی نیست.</p>",معنی,"<p class=""ql-direction-rtl ql-align-right""><span class=""ql-font-vazirmatn""><span class=""ql-cursor"">﻿</span></span></p>"
864,322,id,Al-Ganīy (Mahakaya),المعنى المختصر,"<p class=""ql-direction-rtl ql-align-right"">Al-Ganīy: Yang segala sesuatu membutuhkan diri-Nya, sementara Dia tidak membutuhkan siapa pun.</p>",Arti,"<p class=""ql-direction-rtl ql-align-right""><span class=""ql-font-vazirmatn""><span class=""ql-cursor"">﻿</span></span></p>"
865,322,zh,无求的,المعنى المختصر,"<p class=""ql-direction-rtl ql-align-right"">无求的：除他以外的所有一切都需要他，他无求于任何一物。</p>",意义,"<p class=""ql-direction-rtl ql-align-right""><span class=""ql-font-vazirmatn""><span class=""ql-cursor"">﻿</span></span></p>"
866,322,bn,"আল-গানী (অমুখাপেক্ষী, ধনী)",المعنى المختصر,"<p class=""ql-direction-rtl ql-align-right"">আল-গানী (অমুখাপেক্ষী, ধনী): তিনি ছাড়া সবকিছুই তার প্রতি মুখাপেক্ষি, আর তিনি কারো প্রতি মুখাপেক্ষি নন।</p>",অর্থ,"<p class=""ql-direction-rtl ql-align-right""><span class=""ql-font-vazirmatn""><span class=""ql-cursor"">﻿</span></span></p>"
869,323,pt,O Guiador (Al-Hadi),O Significado Curto,"<p class=""ql-direction-rtl ql-align-right"">O Guiador: Aquele que orienta seus servos para todas as coisas benéficas e a se abster de coisas prejudiciais, e concede sucesso a quem Ele quer dentre eles (servos).</p>",Significadas,"<p class=""ql-direction-rtl ql-align-right""><span class=""ql-font-vazirmatn""><span class=""ql-cursor"">﻿</span> </span></p>"
870,323,ur,ہدایت دینے والا,المعنى المختصر,"<p class=""ql-direction-rtl ql-align-right"">الهَادِي (ہدایت دینے والا) : جو اپنے بندوں کو تمام منافع کی راہ دکھاتا اور نقصانات سے بچنے کے طریقے بتاتا ہے اوران میں سے جسے چاہتا ہے سیدھے راستے پر چلنے کی توفیق دیتا ہے۔</p>",مطلب,"<p class=""ql-direction-rtl ql-align-right""><span class=""ql-font-vazirmatn""><span class=""ql-cursor"">﻿</span></span></p>"
871,323,ru,"Аль-Хади (Ведущий, Направляющий)",المعنى المختصر,"<p class=""ql-direction-rtl ql-align-right"">Аль-Хади: Тот, Кто направляет Своих рабов ко всему полезному и к тому, посредством чего они могут отвести от себя вред, и помогает кому пожелает из них следовать прямым путём.</p>",Значение,"<p class=""ql-direction-rtl ql-align-right""><span class=""ql-font-vazirmatn""><span class=""ql-cursor"">﻿</span></span></p>"
872,323,hi,अल-हादी (मार्गदर्शक),المعنى المختصر,"<p class=""ql-direction-rtl ql-align-right"">मार्गदर्शक : जो अपने बंदों को सभी लाभों की ओर मार्गदर्शन करता है तथा हर प्रकार की हानि से बचाव का उन्हें राह दिखाता है, और अपने बंदों में से जिसे चाहता है, सत्य का मार्ग अपनाने का सुयोग प्रदान करता है।</p>",अर्थ,"<p class=""ql-direction-rtl ql-align-right""><span class=""ql-font-vazirmatn""><span class=""ql-cursor"">﻿</span></span></p>"
873,323,fa,هادی:,المعنى المختصر,"<p class=""ql-direction-rtl ql-align-right"">هادی: آنکه بندگانش را به سوی همهٔ منافع و دفع همهٔ زیانها راهنمایی می کند و هر که را بخواهد به سوی هدایت توفیق می دهد.</p>",معنی,"<p class=""ql-direction-rtl ql-align-right""><span class=""ql-font-vazirmatn""><span class=""ql-cursor"">﻿</span></span></p>"
874,323,id,"Al-Hādī (Maha Pemberi Petunjuk, Maha Penuntun)",المعنى المختصر,"<p class=""ql-direction-rtl ql-align-right"">Al-Hādī: Yang menuntun hamba-Nya kepada semua yang memberinya manfaat dan menjauhkannya dari mudarat, serta memberikan taufik kepada siapa yang dikehendaki-Nya agar mendapatkan hidayah.</p>",Arti,"<p class=""ql-direction-rtl ql-align-right""><span class=""ql-font-vazirmatn""><span class=""ql-cursor"">﻿</span></span></p>"
875,323,zh,引领者,المعنى المختصر,"<p class=""ql-direction-rtl ql-align-right"">引领者：引导他的仆人至所有的福利，避免所有的伤害，使他所意欲者走向正道。</p>",意义,"<p class=""ql-direction-rtl ql-align-right""><span class=""ql-font-vazirmatn""><span class=""ql-cursor"">﻿</span></span></p>"
876,323,bn,আল-হাদী (পথ-প্রদর্শক),المعنى المختصر,"<p class=""ql-direction-rtl ql-align-right"">আল-হাদী (পথ-প্রদর্শক): যিনি তার বান্দাদের যাবতীয় সব ধরনের সুবিধা লাভ এবং ক্ষতি প্রতিহত করার প্রতি নির্দেশনা দেন এবং তাদের থেকে যাকে চান তাকে হিদায়াতের তাওফীক দেন।</p>",অর্থ,"<p class=""ql-direction-rtl ql-align-right""><span class=""ql-font-vazirmatn""><span class=""ql-cursor"">﻿</span></span></p>"
879,324,pt,O Próximo (Al-Qaríb),O Significado Curto,"<p class=""ql-direction-rtl ql-align-right"">O Próximo: Aquele que é próximo de Seu servo (obediente) ao lhe recompensar, e de Seu suplicante ao atendê-lo e próximo dos restantes servos através do conhecimento, e Ele não contradiz a Sua alteza - Glorificado seja -.</p>",Significadas,"<p class=""ql-direction-rtl ql-align-right""><span class=""ql-font-vazirmatn""><span class=""ql-cursor"">﻿</span> </span></p>"
880,324,ur,قریب,المعنى المختصر,"<p class=""ql-direction-rtl ql-align-right"">قریب : جو اپنے فرماں بردار بندے کو ثواب دینے، پکارنے والے کی پکار سننے اور تمام بندوں سے اس اعتبار سے قریب ہے کہ وہ ان کی پوری خبر رکھتا ہے۔ واضح رہے کہ یہ اللہ کے بلندی (عرش) پر ہونے کے منافی نہیں ہے۔</p>",مطلب,"<p class=""ql-direction-rtl ql-align-right""><span class=""ql-font-vazirmatn""><span class=""ql-cursor"">﻿</span></span></p>"
881,324,ru,Аль-Кариб (Близкий),المعنى المختصر,"<p class=""ql-direction-rtl ql-align-right"">Аль-Кариб: Близкий к покорному Ему Своей наградой, и к взывающему к Нему Своим ответом, и ко всем Своим рабам Своим знанием, что не противоречит Его возвышенности.</p>",Значение,"<p class=""ql-direction-rtl ql-align-right""><span class=""ql-font-vazirmatn""><span class=""ql-cursor"">﻿</span></span></p>"
882,324,hi,अल-क़रीब (निकट),المعنى المختصر,"<p class=""ql-direction-rtl ql-align-right"">निकट : जो अपने आज्ञाकारी बंदे को प्रतिफल प्रदान करने के मामले में निकट हो, पुकारने वाले की पुकार सुनने के मामले में क़रीब हो और सारे बंदों से इस मामले में निकट हो कि उनकी हर छोटी-बड़ी बात को जानता हो और यह अल्लाह के सब से ऊँचा होने के विपरीत नहीं है। </p>",अर्थ,"<p class=""ql-direction-rtl ql-align-right""><span class=""ql-font-vazirmatn""><span class=""ql-cursor"">﻿</span></span></p>"
883,324,fa,قریب,المعنى المختصر,"<p class=""ql-direction-rtl ql-align-right"">قریب: به هرکس که از او اطاعت کند با پاداش خود نزدیک می شود و به دعا کننده با اجابت، و به دیگر بندگانش با علمِ خود، و این نزدیکی در منافات با عُلُو و بالا بودن او نیست.</p>",معنی,"<p class=""ql-direction-rtl ql-align-right""><span class=""ql-font-vazirmatn""><span class=""ql-cursor"">﻿</span></span></p>"
884,324,id,Al-Qarīb (Mahadekat),المعنى المختصر,"<p class=""ql-direction-rtl ql-align-right"">Al-Qarīb: Yang Mahadekat balasan pahala-Nya bagi orang yang taat, dekat pengabulan-Nya dari orang yang berdoa, dan dekat ilmu-Nya dari semua hamba-Nya, dan hal itu tidak menafikan ketinggian-Nya.</p>",Arti,"<p class=""ql-direction-rtl ql-align-right""><span class=""ql-font-vazirmatn""><span class=""ql-cursor"">﻿</span></span></p>"
885,324,zh,临近的,المعنى المختصر,"<p class=""ql-direction-rtl ql-align-right"">临近的：他的赏赐临近顺从者，他的应答临近祈祷者，他的全知临近他的其他众仆，临近不否定清高伟大真主高的属性。</p>",意义,"<p class=""ql-direction-rtl ql-align-right""><span class=""ql-font-vazirmatn""><span class=""ql-cursor"">﻿</span></span></p>"
886,324,bn,আল-কারীব (অতি নিকটে),المعنى المختصر,"<p class=""ql-direction-rtl ql-align-right"">আল-কারীব (অতি নিকটে): অনুগ্রহের সাথে তার অনুসারীদের অতি নিকটে, যে ডাকে তার সাড়া দানে অনেক নিকটে। আর ইলমের সাথে তার সব বান্দাদের অতি নিকটে। এটি তার উপরে থাকার কোন পরিপন্থী নয়।</p>",অর্থ,"<p class=""ql-direction-rtl ql-align-right""><span class=""ql-font-vazirmatn""><span class=""ql-cursor"">﻿</span></span></p>"
889,325,pt,O Que faz mercê (Al-Mannan),O Significado Curto,"<p class=""ql-direction-rtl ql-align-right"">O Que faz mercê: Ele concede dádivas, grandioso ofertador que através da bondade concede dádiva antes de ser pedido.</p>",Significadas,"<p class=""ql-direction-rtl ql-align-right""><span class=""ql-font-vazirmatn""><span class=""ql-cursor"">﻿</span> </span></p>"
890,325,ur,بن مانگے دینے والا,المعنى المختصر,"<p class=""ql-direction-rtl ql-align-right"">المَنَّان (بن مانگے دینے والا) : جو بڑا نوازنے والا اور بن مانگے ہی نعمتیں عطا کرنے والا ہے۔</p>",مطلب,"<p class=""ql-direction-rtl ql-align-right""><span class=""ql-font-vazirmatn""><span class=""ql-cursor"">﻿</span></span></p>"
891,325,ru,"Аль-Маннан (Благодетель, Одаряющий милостями)",المعنى المختصر,"<p class=""ql-direction-rtl ql-align-right"">Аль-Маннан: Благодетель, Одаряющий великим даянием, щедрый на милости даже прежде, чем Его о них попросят.</p>",Значение,"<p class=""ql-direction-rtl ql-align-right""><span class=""ql-font-vazirmatn""><span class=""ql-cursor"">﻿</span></span></p>"
892,325,hi,अल-मन्नान (बिन माँगे देने वाला),المعنى المختصر,"<p class=""ql-direction-rtl ql-align-right"">बिन माँगे देने वाला : उपकारी तथा दानी, जो बिन माँगे ही सब को देता है।</p>",अर्थ,"<p class=""ql-direction-rtl ql-align-right""><span class=""ql-font-vazirmatn""><span class=""ql-cursor"">﻿</span></span></p>"
893,325,fa,مَنّان,المعنى المختصر,"<p class=""ql-direction-rtl ql-align-right"">مَنّان: آن نعمت دهندهٔ عطا کنند که موهبتهایش بس بزرگ است و نعمت را پیش از آنکه درخواست شود عطا می کند. </p>",معنی,"<p class=""ql-direction-rtl ql-align-right""><span class=""ql-font-vazirmatn""><span class=""ql-cursor"">﻿</span></span></p>"
894,325,id,Al-Mannān (Maha Pemberi Karunia),المعنى المختصر,"<p class=""ql-direction-rtl ql-align-right"">Al-Mannān: Penyedia dan pemberi karunia; Pemilik berbagai anugerah besar; Penderma yang memberi nikmat sebelum diminta.</p>",Arti,"<p class=""ql-direction-rtl ql-align-right""><span class=""ql-font-vazirmatn""><span class=""ql-cursor"">﻿</span></span></p>"
895,325,zh,施恩者,المعنى المختصر,"<p class=""ql-direction-rtl ql-align-right"">施恩的：他是赋予恩典的主，在祈求以前就给予了许多恩典的主。</p>",意义,"<p class=""ql-direction-rtl ql-align-right""><span class=""ql-font-vazirmatn""><span class=""ql-cursor"">﻿</span></span></p>"
896,325,bn,আল-মান্নান (মহা অনুদানকারী),المعنى المختصر,"<p class=""ql-direction-rtl ql-align-right"">আল-মান্নান (মহা অনুদানকারী): যিনি নিয়ামত দাতা, অনুদানকারী। মহান দাতা, যিনি চাওয়া আগেই নিয়ামত দ্বারা অনুগ্রহ করে থাকেন।</p>",অর্থ,"<p class=""ql-direction-rtl ql-align-right""><span class=""ql-font-vazirmatn""><span class=""ql-cursor"">﻿</span></span></p>"
899,326,pt,O Curador (Al-Sháfii),O Significado Curto,"<p class=""ql-direction-rtl ql-align-right"">O Curador: Aquele que cura os servos das doenças do corpo, as dúvidas do coração e as obscenidades das almas.</p>",Significadas,"<p class=""ql-direction-rtl ql-align-right""><span class=""ql-font-vazirmatn""><span class=""ql-cursor"">﻿</span> </span></p>"
900,326,ur,شفا دینے والا,المعنى المختصر,"<p class=""ql-direction-rtl ql-align-right"">شفا دینے والا : وہ جو بندوں کو جسمانی امراض، دل کے شبہات اور نفس کی شہوتوں سے عافیت دیتا ہے ۔</p>",مطلب,"<p class=""ql-direction-rtl ql-align-right""><span class=""ql-font-vazirmatn""><span class=""ql-cursor"">﻿</span> </span></p>"
901,326,ru,Аш-Шафи (Исцеляющий),المعنى المختصر,"<p class=""ql-direction-rtl ql-align-right"">Аш-Шафи: исцеляющий Своих рабов от недугов тела, сомнений сердца и страстей души.</p>",Значение,"<p class=""ql-direction-rtl ql-align-right""><span class=""ql-font-vazirmatn""><span class=""ql-cursor"">﻿</span> </span></p>"
902,326,hi,अश्-शाफ़ी (शिफ़ा देने वाला),المعنى المختصر,"<p class=""ql-direction-rtl ql-align-right"">शिफ़ा देने वाला : जो बंदों को शारीरिक रोगों, दिल के संदेहों और हृदय की विलासिताओं से सलामती प्रदान करता है।</p>",अर्थ,"<p class=""ql-direction-rtl ql-align-right""><span class=""ql-font-vazirmatn""><span class=""ql-cursor"">﻿</span></span></p>"
903,326,fa,شافی,المعنى المختصر,"<p class=""ql-direction-rtl ql-align-right"">شافی: آنکه بندگانش را از امراض بدنی و شبهه های قلبی و شهوات نفوس درمان می کند.</p>",معنی,"<p class=""ql-direction-rtl ql-align-right""><span class=""ql-font-vazirmatn""><span class=""ql-cursor"">﻿</span></span></p>"
904,326,id,Asy-Syāfī (Maha Penyembuh),المعنى المختصر,"<p class=""ql-direction-rtl ql-align-right"">Asy-Syāfī: Penyembuh para hamba dari penyakit fisik, syubhat hati, dan syahwat jiwa.</p>",Arti,"<p class=""ql-direction-rtl ql-align-right""><span class=""ql-font-vazirmatn""><span class=""ql-cursor"">﻿</span></span></p>"
905,326,zh,治愈的主,المعنى المختصر,"<p class=""ql-direction-rtl ql-align-right"">治愈的主：使仆人从身体的疾病、心灵的模糊和欲望中得以痊愈。</p>",意义,"<p class=""ql-direction-rtl ql-align-right""><span class=""ql-font-vazirmatn""><span class=""ql-cursor"">﻿</span></span></p>"
906,326,bn,"আশ-শাফী (শিফাদানকারী, আরোগ্যদানকারী)",المعنى المختصر,"<p class=""ql-direction-rtl ql-align-right"">আশ-শাফী (শিফাদানকারী, আরোগ্যদানকারী): যিনি বান্দাদের দৈহিক ব্যাধিসমূহ, অন্তরসমূহের সংশয় এবং প্রবৃত্তির চাহিদাসমূহ থেকে মুক্তিদান করেন ও নিরাপত্তা প্রদান করেন।</p>",অর্থ,"<p class=""ql-direction-rtl ql-align-right""><span class=""ql-font-vazirmatn""><span class=""ql-cursor"">﻿</span></span></p>"
909,327,pt,O Senhor (Al-Rabb),O Significado Curto,"<p class=""ql-direction-rtl ql-align-right"">O Senhor: Ele é o Senhor, o Dono que mantém suas criações, o Criador de seus servos com o conveniente e variadas dádivas.</p>",Significadas,"<p class=""ql-direction-rtl ql-align-right""><span class=""ql-font-vazirmatn""><span class=""ql-cursor"">﻿</span> </span></p>"
910,327,ur,رب,المعنى المختصر,"<p class=""ql-direction-rtl ql-align-right"">رب : آقا، مالک، مصلح اور اپنی حسن تدبیر اور طرح طرح کی نعمتوں کے ذریعے تمام بندوں کی تربیت کرنے والا۔</p>",مطلب,"<p class=""ql-direction-rtl ql-align-right""><span class=""ql-font-vazirmatn""><span class=""ql-cursor"">﻿</span></span></p>"
911,327,ru,Ар-Рабб (Господь),المعنى المختصر,"<p class=""ql-direction-rtl ql-align-right"">Ар-Рабб: господин и властелин, заботящийся о благе других, взращивающий всех Своих рабов посредством Своего управления и разнообразных милостей.</p>",Значение,"<p class=""ql-direction-rtl ql-align-right""><span class=""ql-font-vazirmatn""><span class=""ql-cursor"">﻿</span></span></p>"
912,327,hi,अर्-रब्ब (पालनहार),المعنى المختصر,"<p class=""ql-direction-rtl ql-align-right"">पालनहार : नायक, मालिक, सुधारक और तमाम बंदों को तरह-तरह की नीमतें देकर उनका पालन-पोषण करने वाला।</p>",अर्थ,"<p class=""ql-direction-rtl ql-align-right""><span class=""ql-font-vazirmatn""><span class=""ql-cursor"">﻿</span></span></p>"
913,327,fa,رَب,المعنى المختصر,"<p class=""ql-direction-rtl ql-align-right"">رَب: آن سرور که مالک و مصلح دیگران است و همهٔ بندگانش را با تدبیر و انواع نعمتها می پروراند.</p>",معنی,"<p class=""ql-direction-rtl ql-align-right""><span class=""ql-font-vazirmatn""><span class=""ql-cursor"">﻿</span></span></p>"
914,327,id,Ar-Rabb (Tuhan),المعنى المختصر,"<p class=""ql-direction-rtl ql-align-right"">Ar-Rabb: Yang Maha dipertuan; Yang Maha Menguasai; Yang memperbaiki selain-Nya; Pembina semua hamba-Nya dengan berbagai pengaturan dan curahan beragam karunia.</p>",Arti,"<p class=""ql-direction-rtl ql-align-right""><span class=""ql-font-vazirmatn""><span class=""ql-cursor"">﻿</span></span></p>"
915,327,zh,养育的,المعنى المختصر,"<p class=""ql-direction-rtl ql-align-right"">养育的：真主是有益于他人的，掌握王权的主宰，以各种恩典养育他的所有仆人，并管理他们的主。</p>",意义,"<p class=""ql-direction-rtl ql-align-right""><span class=""ql-font-vazirmatn""><span class=""ql-cursor"">﻿</span></span></p>"
916,327,bn,"আর-রাব্ব (রব, মালিক)",المعنى المختصر,"<p class=""ql-direction-rtl ql-align-right"">আর-রাব্ব (রব, মালিক): তিনি সরদার, বাদশাহ, অপরের কল্যাণকারী এবং বিভিন্ন ধরনের নিয়ামতসমূহ ও কৌশল দ্বারা সব বান্দাদের লালন পালনকারী।</p>",অর্থ,"<p class=""ql-direction-rtl ql-align-right""><span class=""ql-font-vazirmatn""><span class=""ql-cursor"">﻿</span></span></p>"
919,328,pt,O Concessor (Al-Muati),O Significado Curto,"<p class=""ql-direction-rtl ql-align-right"">O Concessor: Que se unifica em dar verdadeiramente, ninguém impede o que Ele concede e ninguém concede o que Ele impede. </p>",Significadas,"<p class=""ql-direction-rtl ql-align-right""><span class=""ql-font-vazirmatn""><span class=""ql-cursor"">﻿</span> </span></p>"
920,328,ur,عطا کرنے والا,المعنى المختصر,"<p class=""ql-direction-rtl ql-align-right"">عطا کرنے والا : وہ جو درحقیت سب کچھ دینے والا ہے۔ وہ دینا چاہے تو کوئی روک نہیں سکتا اور روک لے تو کوئی دے نہیں سکتا۔ </p>",مطلب,"<p class=""ql-direction-rtl ql-align-right""><span class=""ql-font-vazirmatn""><span class=""ql-cursor"">﻿</span></span></p>"
921,328,ru,Аль-Му‘ты (Дающий),المعنى المختصر,"<p class=""ql-direction-rtl ql-align-right"">Аль-Му‘ты: Единственный истинный дарующий, так что никто не способен помешать Его даянию и никто не способен даровать то, чего Он лишил.</p>",Значение,"<p class=""ql-direction-rtl ql-align-right""><span class=""ql-font-vazirmatn""><span class=""ql-cursor"">﻿</span></span></p>"
922,328,hi,अल-मुअतियु (प्रदान करने वाला),المعنى المختصر,"<p class=""ql-direction-rtl ql-align-right"">प्रदान करने वाला : प्रदान करने का गुण वास्तविक रूप से केवल उसी के पास है। वह दे, तो कोई रोकने वाला नहीं और रोक ले, तो कोई देने वाला नहीं।</p>",अर्थ,"<p class=""ql-direction-rtl ql-align-right""><span class=""ql-font-vazirmatn""><span class=""ql-cursor"">﻿</span></span></p>"
923,328,fa,مُعطی,المعنى المختصر,"<p class=""ql-direction-rtl ql-align-right"">مُعطی (عطا کننده): تنها اوست که حقیقتا عطا می کند و کسی نمی تواند از عطای او جلوگیری کند و اگر او باز بدارد، کسی را یارای عطا نیست.</p>",معنی,"<p class=""ql-direction-rtl ql-align-right""><span class=""ql-font-vazirmatn""><span class=""ql-cursor"">﻿</span></span></p>"
924,328,id,Al-Mu'ṭī (Maha Pemberi),المعنى المختصر,"<p class=""ql-direction-rtl ql-align-right"">Al-Mu'ṭī: Yang Mahatunggal dalam pemberian secara hakiki, tidak ada yang bisa menghalangi apa yang Dia beri dan tidak ada yang bisa memberikan apa yang Dia tahan.</p>",Arti,"<p class=""ql-direction-rtl ql-align-right""><span class=""ql-font-vazirmatn""><span class=""ql-cursor"">﻿</span></span></p>"
925,328,zh,给予的,المعنى المختصر,"<p class=""ql-direction-rtl ql-align-right"">给予的：他是真实意义的独自赐予，他要给予的没有谁可以阻止，他要阻止的没有谁可以给予。</p>",意义,"<p class=""ql-direction-rtl ql-align-right""><span class=""ql-font-vazirmatn""><span class=""ql-cursor"">﻿</span></span></p>"
926,328,bn,আল-মু‘তী (অনুদানকারী),المعنى المختصر,"<p class=""ql-direction-rtl ql-align-right"">আল-মু‘তী (অনুদানকারী): প্রকৃত পক্ষে অনুদানের সাথে তিনি একক। যাকে দান করে তার কোন বাধা দানকারী নাই এবং যাকে না করেন তাকে দানকারী কেউ নেই।</p>",অর্থ,"<p class=""ql-direction-rtl ql-align-right""><span class=""ql-font-vazirmatn""><span class=""ql-cursor"">﻿</span></span></p>"
929,329,pt,O Único (Al-Ahad),O Significado Curto,"<p class=""ql-direction-rtl ql-align-right"">O Único: é aquele que se unificou em todas as perfeições, no Seu senhorio, na Sua adoração e nos Seus nomes e atributos, onde nenhum parceiro compartilha com ele.</p>",Significadas,"<p class=""ql-direction-rtl ql-align-right""><span class=""ql-font-vazirmatn""><span class=""ql-cursor"">﻿</span> </span></p>"
930,329,ur,یکتا,المعنى المختصر,"<p class=""ql-direction-rtl ql-align-right"">الأَحَد (یکتا) : وہ ذات، جو اپنی ربوبیت، الوہیت اور اسما و صفات کے تمام کمالات میں یکتا اور بے مثل ہو اور ان صفات میں اس کا کوئی ساجھی و شریک نہ ہو۔</p>",مطلب,"<p class=""ql-direction-rtl ql-align-right""><span class=""ql-font-vazirmatn""><span class=""ql-cursor"">﻿</span></span></p>"
931,329,ru,Аль-Ахад (Единственный),المعنى المختصر,"<p class=""ql-direction-rtl ql-align-right"">Аль-Ахад: Тот, Кому присуща единственность во всём совершенном, в Господстве, Божественности, именах и качествах, так что у Него нет никаких сотоварищей и соучастников во всём этом.</p>",Значение,"<p class=""ql-direction-rtl ql-align-right""><span class=""ql-font-vazirmatn""><span class=""ql-cursor"">﻿</span></span></p>"
932,329,hi,अल-अह़द (अकेला),المعنى المختصر,"<p class=""ql-direction-rtl ql-align-right"">अल-अह़द (अकेला) : जो अपने रब होने, पूज्य होने तथा नामों एवं गुणों में हर ऐतिबार से संपूर्ण और अकेला है और इन मामलों में उसका कोई साझी नहीं है।</p>",अर्थ,"<p class=""ql-direction-rtl ql-align-right""><span class=""ql-font-vazirmatn""><span class=""ql-cursor"">﻿</span></span></p>"
933,329,fa,اَحَد,المعنى المختصر,"<p class=""ql-direction-rtl ql-align-right"">اَحَد: کسی است که با همهٔ کمالات در ربوبیت و الوهیت و نام ها و صفاتش تَک است و بی همتا، آنطور که هیچ شریکی در این ها با او مشارکت ندارد.</p>",معنی,"<p class=""ql-direction-rtl ql-align-right""><span class=""ql-font-vazirmatn""><span class=""ql-cursor"">﻿</span></span></p>"
934,329,id,Al-Aḥad (Maha Esa),المعنى المختصر,"<p class=""ql-direction-rtl ql-align-right"">Al-Aḥad: Yang Maha Esa dalam semua kesempurnaan; dalam rubūbiyyah (sifat ketuhanan), ulūhiyyah (sifat keilahian), dan asmā` (nama-nama) serta sifat-sifat-Nya, tidak ada seorang pun yang menjadi sekutu-Nya di dalamnya. </p>",Arti,"<p class=""ql-direction-rtl ql-align-right""><span class=""ql-font-vazirmatn""><span class=""ql-cursor"">﻿</span></span></p>"
935,329,zh,独一的主,المعنى المختصر,"<p class=""ql-direction-rtl ql-align-right"">独一的主：独自具有一切完美的养育性、受拜性，及尊名和属性，在这一切中没有任何匹敌。</p>",意义,"<p class=""ql-direction-rtl ql-align-right""><span class=""ql-font-vazirmatn""><span class=""ql-cursor"">﻿</span></span></p>"
936,329,bn,আল-আহাদ (এক ও অদ্বিতীয়),المعنى المختصر,"<p class=""ql-direction-rtl ql-align-right"">আল-আহাদ (এক ও অদ্বিতীয়): এক ও অদ্বিতীয়: রবুবিয়্যাত, উলুহিয়্যাত, নাম ও সিফাতসমূহে সব ধরণের পূর্ণঙ্গতায় তিনি একক তাতে কেউ শরীক নাই।</p>",অর্থ,"<p class=""ql-direction-rtl ql-align-right""><span class=""ql-font-vazirmatn""><span class=""ql-cursor"">﻿</span></span></p>"
939,330,pt,O Crente (Al-Múmin),O Significado Curto,"<p class=""ql-direction-rtl ql-align-right"">O Crente: aquele que confirma a veracidade dos seus mensageiros, mantendo as evidências e os milagres para eles, e aquele que conforta a criatura da injustiça para complementar sua justiça. </p>",Significadas,"<p class=""ql-direction-rtl ql-align-right""><span class=""ql-font-vazirmatn""><span class=""ql-cursor"">﻿</span> </span></p>"
940,330,ur,تصدیق کرنے والا اور امن دینے والا,المعنى المختصر,"<p class=""ql-direction-rtl ql-align-right"">المُؤْمِن (تصدیق کرنے والا اور امن دینے والا) : جو اپنے نبیوں کو دلیلیں اور معجزے عطا کرکے ان کی سچائی کو عالم آشکارا کرتا ہے اور اپنے مکمل وصف عدل کی بنیاد پر مخلوقات کو ظلم سے محفوظ رکھتا ہے۔</p>",مطلب,"<p class=""ql-direction-rtl ql-align-right""><span class=""ql-font-vazirmatn""><span class=""ql-cursor"">﻿</span></span></p>"
941,330,ru,"Аль-Му’мин (Оберегающий, Дарующий безопасность)",المعنى المختصر,"<p class=""ql-direction-rtl ql-align-right"">Аль-Му’мин: подтверждающий истинность пророческой миссии Своих пророков посредством доказательств и чудес, и Тот, Кто дарует творениям безопасность от несправедливости в силу совершенства Своей справедливости.</p>",Значение,"<p class=""ql-direction-rtl ql-align-right""><span class=""ql-font-vazirmatn""><span class=""ql-cursor"">﻿</span> </span></p>"
942,330,hi,अल-मोमिन (पुष्टि करने वाला और शांति अर्थात डर न होने की अवस्था प्रदान करने वाला)।,المعنى المختصر,"<p class=""ql-direction-rtl ql-align-right"">अल-मोमिन : जो अपने नबियों के पक्ष में प्रमाण और मुअजिज़ात (चमत्कार) प्रस्तुत करके उनकी पुष्टि करता है, और जो उत्पीड़न से सुरछित रख के अपनी सृष्टि को शांति का आश्वासन देता है और ऐसा इसलिए है क्योंकि अल्लाह का न्याय सम्पूर्ण है।</p>",अर्थ,"<p class=""ql-direction-rtl ql-align-right""><span class=""ql-font-vazirmatn""><span class=""ql-cursor"">﻿</span>  </span></p>"
943,330,fa,المُؤمِن,المعنى المختصر,"<p class=""ql-direction-rtl ql-align-right"">المُؤمِن: تصدیق کننده ای که پیامبرانش را با اقامهٔ دلایل و معجزات برای آنان تصدیق می کند و آنکه به سبب کمال عدلش، بندگان را از هرگونه ظلم [از جانب خود] در امان می دارد.</p>",معنی,"<p class=""ql-direction-rtl ql-align-right""><span class=""ql-font-vazirmatn""><span class=""ql-cursor"">﻿</span> </span></p>"
944,330,id,Al-Mu`min (Maha Pemberi Keamanan),المعنى المختصر,"<p class=""ql-direction-rtl ql-align-right"">Al-Mu`min: Yang membenarkan para nabi-Nya dengan menegakkan bukti kebenaran dan mukjizat-mukjizat bagi mereka, dan Yang memberi jaminan keamanan bagi makhluk dari kezaliman karena adanya keadilan-Nya yang sempurna.</p>",Arti,"<p class=""ql-direction-rtl ql-align-right""><span class=""ql-font-vazirmatn""><span class=""ql-cursor"">﻿</span></span></p>"
945,330,zh,信士,المعنى المختصر,"<p class=""ql-direction-rtl ql-align-right"">信士：坚信众先知所带来的一切明证和奇迹，并使众生免遭压迫，这是出自信士完美的公正。</p>",意义,"<p class=""ql-direction-rtl ql-align-right""><span class=""ql-font-vazirmatn""><span class=""ql-cursor"">﻿</span> </span></p>"
946,330,bn,আল-মু‘মিন (নিরাপত্তা ও ঈমান দানকারী),المعنى المختصر,"<p class=""ql-direction-rtl ql-align-right"">আল-মু‘মিন (নিরাপত্তা ও ঈমান দানকারী): সত্যায়নকারী, যিনি দলীল প্রমাণ ও অলৌকিকতা স্থাপন করা দ্বারা স্বীয় নবীগণকে বিশ্বাস করাতেন। আর যিনি তার সৃষ্টিকে স্বীয় ইনসাফের পরিপূর্ণতার কারণে নিরাপত্তা প্রদান করেন।</p>",অর্থ,"<p class=""ql-direction-rtl ql-align-right""><span class=""ql-font-vazirmatn""><span class=""ql-cursor"">﻿</span></span></p>"
949,331,pt,O Iniciador da criação (Al-Bári),O Significado Curto,"<p class=""ql-direction-rtl ql-align-right"">O Iniciador da criação: O Criador que criou todas as coisas existentes, moldou e tornou-as existentes depois da sua inexistência.</p>",Significadas,"<p class=""ql-direction-rtl ql-align-right""><span class=""ql-font-vazirmatn""><span class=""ql-cursor"">﻿</span> </span></p>"
950,331,ur,پیدا کرنے والا,المعنى المختصر,"<p class=""ql-direction-rtl ql-align-right"">البَارِئُ (پیدا کرنے والا) : وہ ذات جس نے تمام موجود چیزوں کو پیدا کیا، صورت بخشی اور عدم سے وجود عطا کیا۔</p>",مطلب,"<p class=""ql-direction-rtl ql-align-right""><span class=""ql-font-vazirmatn""><span class=""ql-cursor"">﻿</span></span></p>"
951,331,ru,Аль-Бари (Создатель),المعنى المختصر,"<p class=""ql-direction-rtl ql-align-right"">Аль-Бари: Творец, Который создал всё сущее и придал ему форму, сотворив всё это после небытия.</p>",Значение,"<p class=""ql-direction-rtl ql-align-right""><span class=""ql-font-vazirmatn""><span class=""ql-cursor"">﻿</span></span></p>"
952,331,hi,अल-बारियो (पैदा करने वाला),المعنى المختصر,"<p class=""ql-direction-rtl ql-align-right""><span class=""ql-font-vazirmatn""><span class=""ql-cursor"">﻿</span></span>अल-बारियो (पैदा करने वाला): वह जिसने सारी सृष्टियों की रचना की, उन्हें अलग-अलग रूप रंग दिए और अनस्तित्व से अस्तित्व प्रदान किया।</p>",अर्थ,"<p class=""ql-direction-rtl ql-align-right""><span class=""ql-font-vazirmatn""><span class=""ql-cursor"">﻿</span> </span></p>"
953,331,fa,باری,المعنى المختصر,"<p class=""ql-direction-rtl ql-align-right"">باری: آفریدگاری که همهٔ موجودات را آفرید و صورت بخشید و پس از عدم پدید آورد.</p>",معنی,"<p class=""ql-direction-rtl ql-align-right""><span class=""ql-font-vazirmatn""><span class=""ql-cursor"">﻿</span></span></p>"
954,331,id,Al-Bāri` (Maha Pencipta),المعنى المختصر,"<p class=""ql-direction-rtl ql-align-right"">Al-Bāri`: Maha Pencipta yang menciptakan semua makhluk, menciptakan rupanya, dan menciptakannya setelah sebelumnya tidak ada.</p>",Arti,"<p class=""ql-direction-rtl ql-align-right""><span class=""ql-font-vazirmatn""><span class=""ql-cursor"">﻿</span></span></p>"
955,331,zh,造化者,المعنى المختصر,"<p class=""ql-direction-rtl ql-align-right"">造化者：创造了所有的一切，并赋予其形状，使他们从无到有。</p>",意义,"<p class=""ql-direction-rtl ql-align-right""><span class=""ql-font-vazirmatn""><span class=""ql-cursor"">﻿</span></span></p>"
956,331,bn,আল-বারী (সঠিকভাবে সৃষ্টিকারী),المعنى المختصر,"<p class=""ql-direction-rtl ql-align-right"">আল-বারী (সঠিকভাবে সৃষ্টিকারী): সঠিকভাবে সৃষ্টিকারী: যিনি সমগ্র বস্তুকে সৃষ্টি করেছেন, আকৃতি দান করেছেন এবং অস্তিত্বহীনতা থেকে অস্তিত্ব দান করেছেন।</p>",অর্থ,"<p class=""ql-direction-rtl ql-align-right""><span class=""ql-font-vazirmatn""><span class=""ql-cursor"">﻿</span></span></p>"
959,332,pt,O Configurador (Al-Mussawwir),O Significado Curto,"<p class=""ql-direction-rtl ql-align-right"">O Configurador: Aquele que fez suas criaturas de formas diferentes, e aparências variadas que mostram perfeição de Sua ciência e sabedoria.</p>",Significadas,"<p class=""ql-direction-rtl ql-align-right""><span class=""ql-font-vazirmatn""><span class=""ql-cursor"">﻿</span> </span></p>"
960,332,ur,صورت گری کرنے والا,المعنى المختصر,"<p class=""ql-direction-rtl ql-align-right"">المُصَوِّر (صورت گری کرنے والا) : جس نے مخلوقات کو الگ الگ شکل و صورت دے کر پیدا کیا، جو اس کے علم و حکمت کی دلیل ہے۔</p>",مطلب,"<p class=""ql-direction-rtl ql-align-right""><span class=""ql-font-vazirmatn""><span class=""ql-cursor"">﻿</span></span></p>"
961,332,ru,Аль-Мусаввир (Придающий облик),المعنى المختصر,"<p class=""ql-direction-rtl ql-align-right"">Аль-Мусаввир: Тот, Кто придаёт Своим творениям разные облики и строение, что свидетельствует о совершенстве Его знания и мудрости.</p>",Значение,"<p class=""ql-direction-rtl ql-align-right""><span class=""ql-font-vazirmatn""><span class=""ql-cursor"">﻿</span></span></p>"
962,332,hi,अल-मुसव्विर (रूप तथा आकार देने वाला),المعنى المختصر,"<p class=""ql-direction-rtl ql-align-right"">रूप तथा आकार देने वाला : जिसने अपनी सृष्टियों को अलग-अलग रंग-रूप तथा भिन्न-भिन्न बनावट देकर पैदा किया, जो उसके संपूर्ण ज्ञान और हिकमत का प्रमाण हैं।</p>",अर्थ,"<p class=""ql-direction-rtl ql-align-right""><span class=""ql-font-vazirmatn""><span class=""ql-cursor"">﻿</span></span></p>"
963,332,fa,مُصَوَر,المعنى المختصر,"<p class=""ql-direction-rtl ql-align-right"">مُصوُر (تصویرگر): کسی که آفریدگانش را به صورتهای گوناگون و شکلهای مختلف آفریده و این دال بر کمال علم و حکمت اوست.</p>",معنی,"<p class=""ql-direction-rtl ql-align-right""><span class=""ql-font-vazirmatn""><span class=""ql-cursor"">﻿</span></span></p>"
964,332,id,Al-Muṣawwir (Maha Membentuk Rupa),المعنى المختصر,"<p class=""ql-direction-rtl ql-align-right"">Al-Muṣawwir: Yang menciptakan makhluk dengan rupa dan bentuk yang berbeda-beda, yang menunjukkan kesempurnaan ilmu dan hikmah-Nya.</p>",Arti,"<p class=""ql-direction-rtl ql-align-right""><span class=""ql-font-vazirmatn""><span class=""ql-cursor"">﻿</span></span></p>"
965,332,zh,赋形者,المعنى المختصر,"<p class=""ql-direction-rtl ql-align-right"">赋形者：真主赋予众生不同的外表和生动的形象，证明了真主完美的知识和睿智。</p>",意义,"<p class=""ql-direction-rtl ql-align-right""><span class=""ql-font-vazirmatn""><span class=""ql-cursor"">﻿</span></span></p>"
966,332,bn,আল-মুসাওব্বির (আকৃতি-দানকারী),المعنى المختصر,"<p class=""ql-direction-rtl ql-align-right"">আল-মুসাওব্বির (আকৃতি-দানকারী): যিনি তার মাখলুককে বিভিন্ন আকৃতি ও একাধিক অবস্থার ওপর সৃষ্টি করেছেন, যা তার ইলম ও প্রজ্ঞার পরিপূর্ণতার প্রমাণ বহন করে।</p>",অর্থ,"<p class=""ql-direction-rtl ql-align-right""><span class=""ql-font-vazirmatn""><span class=""ql-cursor"">﻿</span></span></p>"
969,333,pt,,,,,
970,333,ur,,,,,
971,333,ru,,,,,
972,333,hi,,,,,
973,333,fa,,,,,
974,333,id,,,,,
975,333,zh,,,,,
976,333,bn,,,,,
979,334,pt,O Sentenciador (Al-Fattáh),O Significado Curto,"<p class=""ql-direction-rtl ql-align-right"">O Sentenciador: Aquele que julga seus servos através da legislação islâmica e decreta neles regras predestinadas e recompensa-lhe com sua legislação de recompensas.</p>",Significadas,"<p class=""ql-direction-rtl ql-align-right""><span class=""ql-font-vazirmatn""><span class=""ql-cursor"">﻿</span>  </span></p>"
980,334,ur,فیصلہ کرنے والا,المعنى المختصر,"<p class=""ql-direction-rtl ql-align-right"">الفَتَّاح (فیصلہ کرنے والا) :جو اپنے بندوں کے بیچ اپنے شرعی احکام کے ذریعے حکم صادر کرتا ہے، ان کے درمیان اپنے قدری احکام کے ذریعے فیصلہ کرتا ہے اور ان کا اپنے جزا و سزا پر مبنی احکام کے ذریعے محاسبہ کرتا ہے۔</p>",مطلب,"<p class=""ql-direction-rtl ql-align-right""><span class=""ql-font-vazirmatn""><span class=""ql-cursor"">﻿</span></span></p>"
981,334,ru,"Аль-Фаттах (Судия, Дарующий победу)",المعنى المختصر,"<p class=""ql-direction-rtl ql-align-right"">Аль-Фаттах: Управляющий Своими рабами посредством Своих законов и посредством Своего предопределения и подвергающий их расчёту в соответствии с установленными Им наказанием и наградой.</p>",Значение,"<p class=""ql-direction-rtl ql-align-right""><span class=""ql-font-vazirmatn""><span class=""ql-cursor"">﻿</span></span></p>"
982,334,hi,अल-फ़त्ताह़ (निर्णय करने वाला एवं आदेश तथा बदला देने वाला),المعنى المختصر,"<p class=""ql-direction-rtl ql-align-right"">निर्णय करने वाला एवं आदेश तथा बदला देने वाला : जो अपने धर्म-विधानों(शरई आदेशों) का लोगों को पाबंद बनाता है, अपने सांसारिक फ़ैसले (तक़दीर तथा भाग्य) उन पर लागू करता है और प्रतिफल से संबंधित अहकाम के ज़रिए उनका हिसाब-किताब लेगा।</p>",अर्थ,"<p class=""ql-direction-rtl ql-align-right""><span class=""ql-font-vazirmatn""><span class=""ql-cursor"">﻿</span></span></p>"
983,334,fa,فَتّاح,المعنى المختصر,"<p class=""ql-direction-rtl ql-align-right"">فتّاح: آنکه با احکام شرعی اش میان بندگانش داوری می کند و همچنین با احکام قَدَری اش، و آنان را با احکام جزائی اش مورد محاسبه قرار می دهد.</p>",معنی,"<p class=""ql-direction-rtl ql-align-right""><span class=""ql-font-vazirmatn""><span class=""ql-cursor"">﻿</span></span></p>"
984,334,id,Al-Fattāḥ (Maha Pemberi Keputusan),المعنى المختصر,"<p class=""ql-direction-rtl ql-align-right"">Al-Fattāḥ: Pemberi keputusan di antara para hamba-Nya dengan hukum syariat-Nya; Pemberi ketentuan di antara mereka dengan hukum takdir-Nya; Penghisab amalan mereka dengan keadilan hukum balasan dan ganjaran-Nya.</p>",Arti,"<p class=""ql-direction-rtl ql-align-right""><span class=""ql-font-vazirmatn""><span class=""ql-cursor"">﻿</span></span></p>"
985,334,zh,开拓的主,المعنى المختصر,"<p class=""ql-direction-rtl ql-align-right"">开拓的主：他在仆人之间以教法进行裁决，以他前定的律法判决他们，以他的奖罚律法清算他们。</p>",意义,"<p class=""ql-direction-rtl ql-align-right""><span class=""ql-font-vazirmatn""><span class=""ql-cursor"">﻿</span></span></p>"
986,334,bn,আল-ফাত্তাহ (বিজয়দানকারী),المعنى المختصر,"<p class=""ql-direction-rtl ql-align-right"">আল-ফাত্তাহ (বিজয়দানকারী): যিনি তার বান্দাদের মাঝে শরীআতের বিধানসমূহ দ্বারা ফায়সালা করেন। আর তিনি তাদের মাঝে তার কাদরী বিধান দ্বারা ফায়সালা করেন এবং প্রতিদান মুলক বিধানসমূহ দ্বারা তাদের হিসাব গ্রহণ করেন।</p>",অর্থ,"<p class=""ql-direction-rtl ql-align-right""><span class=""ql-font-vazirmatn""><span class=""ql-cursor"">﻿</span></span></p>"
989,335,pt,,,,,
990,335,ur,,,,,
991,335,ru,,,,,
992,335,hi,,,,,
993,335,fa,,,,,
994,335,id,,,,,
995,335,zh,,,,,
996,335,bn,,,,,
999,336,pt,,,,,
1000,336,ur,,,,,
1001,336,ru,,,,,
1002,336,hi,,,,,
1003,336,fa,,,,,
1004,336,id,,,,,
1005,336,zh,,,,,
1006,336,bn,,,,,
1009,337,pt,,,,,
1010,337,ur,,,,,
1011,337,ru,,,,,
1012,337,hi,,,,,
1013,337,fa,,,,,
1014,337,id,,,,,
1015,337,zh,,,,,
1016,337,bn,,,,,
1019,338,pt,Aquele que eleva (Ar-ráfii),O Significado Curto,"<p class=""ql-direction-rtl ql-align-right"">Aquele que eleva: Ele é Quem eleva o grau de quem Ele quer e como quer, como elevou Seus aliados na Vida Mundana e na Derradeira Vida.</p>",Significadas,"<p class=""ql-direction-rtl ql-align-right""><span class=""ql-font-vazirmatn""><span class=""ql-cursor"">﻿</span> </span></p>"
1020,338,ur,بلند کرنے والا,المعنى المختصر,"<p class=""ql-direction-rtl ql-align-right"">الرَّافِع (بلند کرنے والا) : وہ جسے چاہتا ہے، جیسا چاہتا ہے، بلندی عطا کرتا ہے۔ جیسے اپنے اولیا کو دنیا اور آخرت کی سربلندی عطا کرتا ہے۔</p>",مطلب,"<p class=""ql-direction-rtl ql-align-right""><span class=""ql-font-vazirmatn""><span class=""ql-cursor"">﻿</span></span></p>"
1021,338,ru,Ар-Рафи‘ (Возвышающий),المعنى المختصر,"<p class=""ql-direction-rtl ql-align-right"">Ар-Рафи‘: Возвышающий кого пожелает и как пожелает, например, возвышающий Своих приближённых в этом мире и в мире вечном.</p>",Значение,"<p class=""ql-direction-rtl ql-align-right""><span class=""ql-font-vazirmatn""><span class=""ql-cursor"">﻿</span></span></p>"
1022,338,hi,अर्-राफ़े (बुलंदी प्रदान करने वाला),المعنى المختصر,"<p class=""ql-direction-rtl ql-align-right"">बुलंदी प्रदान करने वाला : जो जिसे चाहता है, जैसे चाहता है, बुलंदी प्रदान करता है जैसे कि अपने औलिया को दुनिया तथा आख़िरत में ऊँचा स्थान प्रदान करता है।</p>",अर्थ,"<p class=""ql-direction-rtl ql-align-right""><span class=""ql-font-vazirmatn""><span class=""ql-cursor"">﻿</span></span></p>"
1023,338,fa,رافِع,المعنى المختصر,"<p class=""ql-direction-rtl ql-align-right"">رافِع: کسی است که هرکه را بخواهد بلند می گرداند، مانند بلند مرتبه ساختن دوستانش در دنیا و آخرت.</p>",معنی,"<p class=""ql-direction-rtl ql-align-right""><span class=""ql-font-vazirmatn""><span class=""ql-cursor"">﻿</span></span></p>"
1024,338,id,Ar-Rāfi' (Maha Meninggikan),المعنى المختصر,"<p class=""ql-direction-rtl ql-align-right"">Ar-Rāfi': Yang meninggikan derajat siapa yang Dia kehendaki sesuai dengan yang Dia kehendaki, seperti mengangkat derajat para wali-Nya di dunia dan akhirat.</p>",Arti,"<p class=""ql-direction-rtl ql-align-right""><span class=""ql-font-vazirmatn""><span class=""ql-cursor"">﻿</span></span></p>"
1025,338,zh,提升的,المعنى المختصر,"<p class=""ql-direction-rtl ql-align-right"">提升的：真主按照他的意欲，提升他所意欲者，如他在今后两世提升他的盟友们。</p>",意义,"<p class=""ql-direction-rtl ql-align-right""><span class=""ql-font-vazirmatn""><span class=""ql-cursor"">﻿</span></span></p>"
1026,338,bn,আর-রাফি` (মর্যাদা দানকারী),المعنى المختصر,"<p class=""ql-direction-rtl ql-align-right"">আর-রাফি` (মর্যাদা দানকারী): তিনি যাকে চান, যেভাবে চান মর্যদা দান করেন। যেমন, তিনি তার ওলীগণকে দুনিয়া ও আখিরাতে মর্যাদা দান করেন।</p>",অর্থ,"<p class=""ql-direction-rtl ql-align-right""><span class=""ql-font-vazirmatn""><span class=""ql-cursor"">﻿</span></span></p>"
1049,341,pt,O Onividente (Al-Bassír),O Significado Curto,"<p class=""ql-direction-rtl ql-align-right"">O Onividente: Aquele cuja a sua visão abrange todas as coisas mesmo sendo minúsculas e pequenas, que possui visão sobre as coisas aparentes e ocultas.</p>",Significadas,"<p class=""ql-direction-rtl ql-align-right""><span class=""ql-font-vazirmatn""><span class=""ql-cursor"">﻿</span> </span></p>"
1050,341,ur,دیکھنے والا,المعنى المختصر,"<p class=""ql-direction-rtl ql-align-right"">البَصِيرُ (دیکھنے والا) : وہ ذات جس کے دیکھنے کے دائرے سے کوئی چیز باہر نہ ہو، جو ہر چھوٹی بڑی چیز کو دیکھ رہی ہو، اس کی خبر رکھتی ہو اور اس کی اندرونی باتوں سے واقف ہو۔</p>",مطلب,"<p class=""ql-direction-rtl ql-align-right""><span class=""ql-font-vazirmatn""><span class=""ql-cursor"">﻿</span></span></p>"
1051,341,ru,Аль-Басыр (Видящий),المعنى المختصر,"<p class=""ql-direction-rtl ql-align-right"">Аль-Басыр: Тот, Чей взор охватывает всё сущее, сколь бы мелким и незаметным оно ни было, Обладающий проницательностью в отношении всех вещей, Сведущий о них, Знающий о сокрытом в них.</p>",Значение,"<p class=""ql-direction-rtl ql-align-right""><span class=""ql-font-vazirmatn""><span class=""ql-cursor"">﻿</span></span></p>"
1052,341,hi,अल-बसीर (सब कुछ देखने वाला),المعنى المختصر,"<p class=""ql-direction-rtl ql-align-right"">अल-बसीर (सब कुछ देखने वाला): जिसकी निगाहों से कोई छोटी से छोटी चीज़ भी ओझल नहीं हो सकती। हर चीज़ को देखने वाला, हर चीज़ की सूचना रखने वाला और हर रहस्य का ज्ञान रखने वाला।</p>",अर्थ,"<p class=""ql-direction-rtl ql-align-right""><span class=""ql-font-vazirmatn""><span class=""ql-cursor"">﻿</span></span></p>"
1053,341,fa,بَصیر (بینا),المعنى المختصر,"<p class=""ql-direction-rtl ql-align-right"">بصیر: کسی است که بینایی اش همه چیز را هر چقدر ریز و کوچک در بر گرفته است، آن که نسبت به همه چیز دارای بصیرت است و بر باطن آن آگاه است.</p>",معنی,"<p class=""ql-direction-rtl ql-align-right""><span class=""ql-font-vazirmatn""><span class=""ql-cursor"">﻿</span></span></p>"
1054,341,id,Al-Baṣīr (Maha Melihat),المعنى المختصر,"<p class=""ql-direction-rtl ql-align-right"">Al-Baṣīr: Yang penglihatan-Nya meliputi segala sesuatu sekalipun halus dan kecil; Yang mampu melihat segala sesuatu; Maha Mengetahuinya dan Maha Melihat segala yang bersifat batin atau tersembunyi darinya.</p>",Arti,"<p class=""ql-direction-rtl ql-align-right""><span class=""ql-font-vazirmatn""><span class=""ql-cursor"">﻿</span></span></p>"
1055,341,zh,全观的主,المعنى المختصر,"<p class=""ql-direction-rtl ql-align-right"">全观的主：能够看到一切的主，即使细微，明鉴一切，周知万物，透析所有。</p>",意义,"<p class=""ql-direction-rtl ql-align-right""><span class=""ql-font-vazirmatn""><span class=""ql-cursor"">﻿</span></span></p>"
1056,341,bn,আল-বাসীর (সর্ববিষয়-দর্শনকারী),المعنى المختصر,"<p class=""ql-direction-rtl ql-align-right"">আল-বাসীর (সর্ববিষয়-দর্শনকারী): যিনি তার দৃষ্টি শক্তি দিয়ে সবকিছুকে পরিবেষ্টিত করে রেখেছেন যদিও সুক্ষ্ম ও ক্ষুদ্র হোক। সবকিছুর প্রতি দ্রষ্টা, অবগত ও তার বাতেনী বিষয় সম্পর্কে সম্যক অবগত।</p>",অর্থ,"<p class=""ql-direction-rtl ql-align-right""><span class=""ql-font-vazirmatn""><span class=""ql-cursor"">﻿</span></span></p>"
1059,342,pt,O Juíz (Al-Hakam),O Significado Curto,"<p class=""ql-direction-rtl ql-align-right"">O Juíz: a Ele pertence o julgamento em todas as coisas, Ele julga o que quer e julga entre Seus servos com justiça e equidade.</p>",Significadas,"<p class=""ql-direction-rtl ql-align-right""><span class=""ql-font-vazirmatn""><span class=""ql-cursor"">﻿</span> </span></p>"
1060,342,ur,فیصلہ کرنے والا,المعنى المختصر,"<p class=""ql-direction-rtl ql-align-right"">الحَكَم (فیصلہ کرنے والا) : جو ہر چیز کا فیصلہ کرتا ہے، اور وہ جیساچاہتا ہے کرتا ہے اور اپنے بندوں کے بیچ حق اور انصاف کی بنیاد پر فیصلہ کرتا ہے۔</p>",مطلب,"<p class=""ql-direction-rtl ql-align-right""><span class=""ql-font-vazirmatn""><span class=""ql-cursor"">﻿</span></span></p>"
1061,342,ru,Аль-Хакам (Справедливый Судия),المعنى المختصر,"<p class=""ql-direction-rtl ql-align-right"">Аль-Хакам: Тот, Кто управляет всем и выносит такие решения, какие пожелает, и Он судит меж Своими творениями согласно истине и справедливости.</p>",Значение,"<p class=""ql-direction-rtl ql-align-right""><span class=""ql-font-vazirmatn""><span class=""ql-cursor"">﻿</span></span></p>"
1062,342,hi,"अल-ह़कम (फ़ैसला करने वाला, निर्णायक)",المعنى المختصر,"<p class=""ql-direction-rtl ql-align-right"">फ़ैसला करने वाला : जो हर चीज़ का फ़ैसला करता है और जो चाहे फ़ैसला करता तथा अपने बंदों के बीच सत्य और न्याय के आधार पर फ़ैसला करता है।</p>",अर्थ,"<p class=""ql-direction-rtl ql-align-right""><span class=""ql-font-vazirmatn""><span class=""ql-cursor"">﻿</span></span></p>"
1063,342,fa,حَکَم,المعنى المختصر,"<p class=""ql-direction-rtl ql-align-right"">حَکَم (داور): داوری همه چیز به او باز می گردد و هرگونه که بخواهد داوری می کند و میان بندگانش بر اساس حق و عدل داوری می کند.</p>",معنی,"<p class=""ql-direction-rtl ql-align-right""><span class=""ql-font-vazirmatn""><span class=""ql-cursor"">﻿</span></span></p>"
1064,342,id,Al-Ḥakam (Maha Menetapkan),المعنى المختصر,"<p class=""ql-direction-rtl ql-align-right"">Al-Ḥakam: Yang hanya kepada-Nyalah penentuan segala sesuatu diserahkan; Dia menetapkan apa yang Dia kehendaki; Dia memutuskan hukum di antara para hamba-Nya dengan benar dan adil.</p>",Arti,"<p class=""ql-direction-rtl ql-align-right""><span class=""ql-font-vazirmatn""><span class=""ql-cursor"">﻿</span></span></p>"
1065,342,zh,判决者,المعنى المختصر,"<p class=""ql-direction-rtl ql-align-right"">判决者：判决一切的主，以他的意欲而判决，在他的仆人之间以真理和公正而判决。</p>",意义,"<p class=""ql-direction-rtl ql-align-right""><span class=""ql-font-vazirmatn""><span class=""ql-cursor"">﻿</span></span></p>"
1066,342,bn,আল-হাকাম (বিচার-ফায়সালাকারী),المعنى المختصر,"<p class=""ql-direction-rtl ql-align-right"">আল-হাকাম (বিচার-ফায়সালাকারী): সবকিছু ফায়সালা তার কাছেই। তিনি যা চান তা ফায়সালা করেন। তিনি তার বান্দাদের মাঝে ন্যায় ও হকের সাথে ফায়সালা করেন।</p>",অর্থ,"<p class=""ql-direction-rtl ql-align-right""><span class=""ql-font-vazirmatn""><span class=""ql-cursor"">﻿</span></span></p>"
1079,344,pt,O Altíssimo (Al-Aliy),O Significado Curto,"<p class=""ql-direction-rtl ql-align-right""> O Altíssimo: Aquele que possui absoluta alteza em todos os sentidos: alteza da autoridade, alteza do domínio e alteza de Si mesmo.</p>",Significadas,"<p class=""ql-direction-rtl ql-align-right""><span class=""ql-font-vazirmatn""><span class=""ql-cursor"">﻿</span> </span></p>"
1080,344,ur,بہت بلند,المعنى المختصر,"<p class=""ql-direction-rtl ql-align-right"">العَلِيّ (بہت بلند) : وہ ذات جو اپنی ہستی، مقام و مرتبہ اور غلبہ الغرض ہر اعتبار سے بلند و بالا ہے۔</p>",مطلب,"<p class=""ql-direction-rtl ql-align-right""><span class=""ql-font-vazirmatn""><span class=""ql-cursor"">﻿</span></span></p>"
1081,344,ru,Аль-‘Али (Возвышенный),المعنى المختصر,"<p class=""ql-direction-rtl ql-align-right"">Аль-‘Али: Тот, Кому присуща абсолютная возвышенность во всех формах: возвышенность положения, возвышенность одолевания, возвышенность Сущности.</p>",Значение,"<p class=""ql-direction-rtl ql-align-right""><span class=""ql-font-vazirmatn""><span class=""ql-cursor"">﻿</span></span></p>"
1082,344,hi,अल-अलिय्यु (उच्च),المعنى المختصر,"<p class=""ql-direction-rtl ql-align-right"">उच्च : वह जो सम्मान एवं प्रतिष्ठा के ऐतिबार से, शक्ति एवं सामर्थ्य के ऐतिबार से और अपनी ज़ात के ऐतिबार से, बल्कि हर ऐतिबार से ऊँचा है।</p>",अर्थ,"<p class=""ql-direction-rtl ql-align-right""><span class=""ql-font-vazirmatn""><span class=""ql-cursor"">﻿</span></span></p>"
1083,344,fa,عَلیّ,المعنى المختصر,"<p class=""ql-direction-rtl ql-align-right"">عَلی: آنکه دارای عُلُو و برتری مطلق از همه جهت است: والایی قدر، والایی قَهر و چیرگی، و والایی ذات.</p>",معنی,"<p class=""ql-direction-rtl ql-align-right""><span class=""ql-font-vazirmatn""><span class=""ql-cursor"">﻿</span></span></p>"
1084,344,id,Al-'Aliy (Mahatinggi),المعنى المختصر,"<p class=""ql-direction-rtl ql-align-right"">Al-'Aliy: Pemilik ketinggian mutlak dari semua sisi; ketinggian kedudukan, ketinggian kekuasaan, dan ketinggian zat.</p>",Arti,"<p class=""ql-direction-rtl ql-align-right""><span class=""ql-font-vazirmatn""><span class=""ql-cursor"">﻿</span></span></p>"
1085,344,zh,至高无上的,المعنى المختصر,"<p class=""ql-direction-rtl ql-align-right"">至高无上的：无论任何方面，他都有绝对的至高，即地位高、权利高、本体高。</p>",意义,"<p class=""ql-direction-rtl ql-align-right""><span class=""ql-font-vazirmatn""><span class=""ql-cursor"">﻿</span></span></p>"
1086,344,bn,আল-আলীউ (উচ্চ-মর্যাদাশীল),المعنى المختصر,"<p class=""ql-direction-rtl ql-align-right"">আল-আলীউ (উচ্চ-মর্যাদাশীল): যার জন্য রয়েছে সর্বদিক থেকে উচ্চ মর্যদা। সর্বোচ্চ মর্যাদাবান, ক্ষমতার উচ্চতা ও সত্বার উচ্চতা।</p>",অর্থ,"<p class=""ql-direction-rtl ql-align-right""><span class=""ql-font-vazirmatn""><span class=""ql-cursor"">﻿</span></span></p>"
1089,345,pt,O Ajustador (Al-Hassíb),O Significado Curto,"<p class=""ql-direction-rtl ql-align-right"">O Ajustador: Ele é o bastante para seus servos crentes que confiam n'Ele, o Sábio das obras de Seus servos e ajustador deles sobre as mesmas (obras).</p>",Significadas,"<p class=""ql-direction-rtl ql-align-right""><span class=""ql-font-vazirmatn""><span class=""ql-cursor"">﻿</span> </span></p>"
1090,345,ur,كافی,المعنى المختصر,"<p class=""ql-direction-rtl ql-align-right"">الحَسِيْب (کافی) : وہ جو اپنے اوپر بھروسہ رکھنے والے مؤمن بندوں کے لیے کافی ہے، ان کے اعمال کی خبر رکھتا ہے اور ان اعمال کی بنیاد پر ان کا محاسبہ بھی کرے گا۔</p>",مطلب,"<p class=""ql-direction-rtl ql-align-right""><span class=""ql-font-vazirmatn""><span class=""ql-cursor"">﻿</span></span></p>"
1091,345,ru,Аль-Хасиб (Требующий отчёта),المعنى المختصر,"<p class=""ql-direction-rtl ql-align-right"">Аль-Хасиб: Обеспечивающий Своих верующих рабов, уповающих на Него, Знающий о делах Своих рабов и подвергающий их расчёту за них.</p>",Значение,"<p class=""ql-direction-rtl ql-align-right""><span class=""ql-font-vazirmatn""><span class=""ql-cursor"">﻿</span></span></p>"
1092,345,hi,अल-ह़सीब (हिसाब लेने वाला एवं काफ़ी),المعنى المختصر,"<p class=""ql-direction-rtl ql-align-right"">हिसाब लेने वाला तथा काफ़ी: जो अपने मोमिन बंदों के लिए जो उसपर भरोसा रखते हों, काफ़ी है तथा अपने बंदों के कर्मों से अवगत है और उनसे उनका हिसाब लेने वाला है।</p>",अर्थ,"<p class=""ql-direction-rtl ql-align-right""><span class=""ql-font-vazirmatn""><span class=""ql-cursor"">﻿</span></span></p>"
1093,345,fa,حَسیب,المعنى المختصر,"<p class=""ql-direction-rtl ql-align-right"">حَسیب: آنکه برای بندگان مؤمنش که بر او توکل می کنند کافی است، و به کارهای بندگانش آگاه است و برای آن مورد محاسبه شان قرار می دهد.</p>",معنی,"<p class=""ql-direction-rtl ql-align-right""><span class=""ql-font-vazirmatn""><span class=""ql-cursor"">﻿</span></span></p>"
1094,345,id,Al-Ḥasīb (Maha Menghitung),المعنى المختصر,"<p class=""ql-direction-rtl ql-align-right"">Al-Ḥasīb: Pemberi kecukupan pada hamba-hamba-Nya yang beriman dan berserah diri kepada-Nya; Yang mengetahui seluruh perbuatan mereka; Penghitung hisab amal perbuatan mereka.</p>",Arti,"<p class=""ql-direction-rtl ql-align-right""><span class=""ql-font-vazirmatn""><span class=""ql-cursor"">﻿</span></span></p>"
1095,345,zh,清算者,المعنى المختصر,"<p class=""ql-direction-rtl ql-align-right"">清算者：能满足信仰且托靠他的信士仆人，洞察仆人的行为，并以此清算他们。</p>",意义,"<p class=""ql-direction-rtl ql-align-right""><span class=""ql-font-vazirmatn""><span class=""ql-cursor"">﻿</span></span></p>"
1096,345,bn,আল-হাসীব (হিসাব-গ্রহণকারী),المعنى المختصر,"<p class=""ql-direction-rtl ql-align-right"">আল-হাসীব (হিসাব গ্রহণকারী): তার মুমিন বান্দাদের থেকে যার তার ওপর ভরসাকারী তাদের জন্য যথেষ্ট। তার বান্দাদের কর্মসমূহ সম্পর্কে সর্বজ্ঞ। তার ওপর তাদের হিসাব রক্ষক।</p>",অর্থ,"<p class=""ql-direction-rtl ql-align-right""><span class=""ql-font-vazirmatn""><span class=""ql-cursor"">﻿</span></span></p>"
1119,348,pt,O Patrono (Al-Wakil),O Significado Curto,"<p class=""ql-direction-rtl ql-align-right"">O Patrono: o Patrono pela subsistência de Suas criaturas, o Mantedor de seus bons assuntos, e Aquele que assumiu Seus devotos e facilitou-lhes o caminho e afastou-lhes da dificuldade e lhes concluiu os assuntos.</p>",Significadas,"<p class=""ql-direction-rtl ql-align-right""><span class=""ql-font-vazirmatn""><span class=""ql-cursor"">﻿</span> </span></p>"
1120,348,ur,کام بنانے والا,المعنى المختصر,"<p class=""ql-direction-rtl ql-align-right"">الوَكِيْل (کام بنانے والا) : مخلوقات کی روزی کا کفیل، ان کے مصالح کو دیکھنے والا، ساتھ ہی اپنے اولیا کا حامی و ناصر بن کر ان کے لیے آسانیوں کی راہ ہموار کرنے والا، انھیں مشکلات سے بچانے والا اور سارے معاملوں میں ان کی طرف سے کافی ہونے والا۔ </p>",مطلب,"<p class=""ql-direction-rtl ql-align-right""><span class=""ql-font-vazirmatn""><span class=""ql-cursor"">﻿</span></span></p>"
1121,348,ru,Аль-Вакиль (Попечитель),المعنى المختصر,"<p class=""ql-direction-rtl ql-align-right"">Аль-Вакиль: Обеспечивающий творения уделом, заботящийся об их благе, заботящийся о Своих приближённых, дарующий им облегчение, оберегающий их от тягот и покровительствующий им в делах. </p>",Значение,"<p class=""ql-direction-rtl ql-align-right""><span class=""ql-font-vazirmatn""><span class=""ql-cursor"">﻿</span></span></p>"
1122,348,hi,अल-वकील (काम बनाने वाला),المعنى المختصر,"<p class=""ql-direction-rtl ql-align-right"">काम बनाने वाला : अपनी सृष्टियों को रोज़ी देने का जमानतदार, उनके हितों का रक्षक और अपने औलिया का दोस्त कि उनके लिए आसानियाँ उपलब्ध करता है, कठिनाइयों से बचाता है और उनके सारे मामले हल करता है।</p>",अर्थ,"<p class=""ql-direction-rtl ql-align-right""><span class=""ql-font-vazirmatn""><span class=""ql-cursor"">﻿</span></span></p>"
1123,348,fa,وَکیل,المعنى المختصر,"<p class=""ql-direction-rtl ql-align-right"">وکیل: آنکه روزی بندگانش را بر عهده گرفته، و قائم به امر آنها بنابر مصلحتشان است و کسی است که امور دوستانش را بر عهده دارد و کارهای آنان را به سوی یُسر و آسانی میسر می سازد و از دشواری دورشان می سازد و خود برای کارهایشان کافی است.</p>",معنی,"<p class=""ql-direction-rtl ql-align-right""><span class=""ql-font-vazirmatn""><span class=""ql-cursor"">﻿</span></span></p>"
1124,348,id,Al-Wakīl (Maha Memelihara),المعنى المختصر,"<p class=""ql-direction-rtl ql-align-right"">Al-Wakīl: Penjamin seluruh rezeki makhluk-Nya; Pemelihara berbagai maslahat mereka; Pembela para wali-Nya dengan memudahkan mereka kepada kebaikan, menjauhkan mereka dari kesulitan, dan mencukupkan urusan mereka.</p>",Arti,"<p class=""ql-direction-rtl ql-align-right""><span class=""ql-font-vazirmatn""><span class=""ql-cursor"">﻿</span></span></p>"
1125,348,zh,受托的主,المعنى المختصر,"<p class=""ql-direction-rtl ql-align-right"">受托的主：保障他的众生给养的主，赋予他们福利的主，为他的盟友担保一切，真主使他们容易，不使他们困难，保障他们的事务。</p>",意义,"<p class=""ql-direction-rtl ql-align-right""><span class=""ql-font-vazirmatn""><span class=""ql-cursor"">﻿</span></span></p>"
1126,348,bn,আল-ওয়াকীল (পরম নির্ভরযোগ্য কর্ম-সম্পাদনকারী),المعنى المختصر,"<p class=""ql-direction-rtl ql-align-right"">আল-ওয়াকীল (পরম নির্ভরযোগ্য কর্ম-সম্পাদনকারী): স্বীয় মাখলুকের রিযিক সম্পাদনের দায়িত্বশীল। তাদের যাবতীয় কল্যাণের তত্ববধায়ক। আর যিনি তার ওলীদের অভিভাবক। ফলে সহজ কর্মকে তাদের জন্য সহজ করে দেন এবং কঠিন থেকে তাদের দূরে সরান। আর তাদের যাবতীয় বিষয়ের জন্য তিনিই যথেষ্ট।</p>",অর্থ,"<p class=""ql-direction-rtl ql-align-right""><span class=""ql-font-vazirmatn""><span class=""ql-cursor"">﻿</span></span></p>"
1129,349,pt,O Tutor (Al-Wali),O Significado Curto,"<p class=""ql-direction-rtl ql-align-right"">O Tutor: o apoiador de seus servos crentes e mantedor dos assuntos de todas as Suas criaturas.</p>",Significadas,"<p class=""ql-direction-rtl ql-align-right""><span class=""ql-font-vazirmatn""><span class=""ql-cursor"">﻿</span> </span></p>"
1130,349,ur,مددگار,المعنى المختصر,"<p class=""ql-direction-rtl ql-align-right"">الوَلِيُّ (مددگار) : جو اپنے مؤمن بندوں کی مدد کرتا ہے اور ساری مخلوقات کے مسائل حل کرتا ہے۔</p>",مطلب,"<p class=""ql-direction-rtl ql-align-right""><span class=""ql-font-vazirmatn""><span class=""ql-cursor"">﻿</span></span></p>"
1131,349,ru,Аль-Вали (Покровитель),المعنى المختصر,"<p class=""ql-direction-rtl ql-align-right"">Аль-Вали: Помогающий Своим верующим рабам, Заботящийся о делах всех творений.</p>",Значение,"<p class=""ql-direction-rtl ql-align-right""><span class=""ql-font-vazirmatn""><span class=""ql-cursor"">﻿</span></span></p>"
1132,349,hi,अल-वली (सहायक),المعنى المختصر,"<p class=""ql-direction-rtl ql-align-right"">सहायक : अपने मोमिन बंदों का सहायक और सारी सृष्टियों को ज़रूरत की चीज़ें देने वाला। </p>",अर्थ,"<p class=""ql-direction-rtl ql-align-right""><span class=""ql-font-vazirmatn""><span class=""ql-cursor"">﻿</span></span></p>"
1133,349,fa,وَلیّ,المعنى المختصر,"<p class=""ql-direction-rtl ql-align-right"">وَلیّ: آنکه بندگانش مؤمنیش را یاری می دهد و امور همهٔ بندگانش را بر عهده دارد.</p>",معنی,"<p class=""ql-direction-rtl ql-align-right""><span class=""ql-font-vazirmatn""><span class=""ql-cursor"">﻿</span></span></p>"
1134,349,id,Al-Waliy (Maha Penolong),المعنى المختصر,"<p class=""ql-direction-rtl ql-align-right"">Al-Waliy: Penolong hamba-hamba-Nya yang beriman dan pemelihara urusan semua makhluk-Nya.</p>",Arti,"<p class=""ql-direction-rtl ql-align-right""><span class=""ql-font-vazirmatn""><span class=""ql-cursor"">﻿</span></span></p>"
1135,349,zh,掌管的,المعنى المختصر,"<p class=""ql-direction-rtl ql-align-right"">掌管的：援助他的信士仆人的主，主持他的众生一切事务的主。</p>",意义,"<p class=""ql-direction-rtl ql-align-right""><span class=""ql-font-vazirmatn""><span class=""ql-cursor"">﻿</span></span></p>"
1136,349,bn,আল-ওয়ালী (অভিভাবক ও সাহায্যকারী),المعنى المختصر,"<p class=""ql-direction-rtl ql-align-right"">আল-ওয়ালী (অভিভাবক ও সাহায্যকারী): মুমিন বান্দাদের সাহায্যকারী। আর সব মাখলুকের যাবতীয় কর্মের তত্বাবধানকারী। </p>",অর্থ,"<p class=""ql-direction-rtl ql-align-right""><span class=""ql-font-vazirmatn""><span class=""ql-cursor"">﻿</span></span></p>"
1139,350,pt,O Louvado (Al-Hamid),O Significado Curto,"<p class=""ql-direction-rtl ql-align-right"">O Louvado: nome que mostra todos louvores e perfeições de Allah - o Altíssimo -, que merece o louvor pela Sua perfeição em Si próprio, em Seus nomes, atributos e ações.</p>",Significadas,"<p class=""ql-direction-rtl ql-align-right""><span class=""ql-font-vazirmatn""><span class=""ql-cursor"">﻿</span> </span></p>"
1140,350,ur,قابل تعریف,المعنى المختصر,"<p class=""ql-direction-rtl ql-align-right"">قابل تعریف : یہ ایسا اسم ہے جو یہ بتلاتا ہے کہ ساری تعریفیں اللہ کےلیے ہیں اور سارے کمال اسی کو حاصل ہیں۔ وہ تعریف کا مستحق اس لیے ہے کہ وہ اپنی ذات، اسما و صفات اور افعال میں کامل ہے۔</p>",مطلب,"<p class=""ql-direction-rtl ql-align-right""><span class=""ql-font-vazirmatn""><span class=""ql-cursor"">﻿</span></span></p>"
1141,350,ru,Аль-Хамид (Достославный),المعنى المختصر,"<p class=""ql-direction-rtl ql-align-right"">Аль-Хамид: имя, указывающее на то, что всё похвальное и совершенное присуще Всевышнему Аллаху, Он достоин хвалы за совершенство Своей Сущности, имён, качеств и действий.</p>",Значение,"<p class=""ql-direction-rtl ql-align-right""><span class=""ql-font-vazirmatn""><span class=""ql-cursor"">﻿</span></span></p>"
1142,350,hi,अल-हमीद (प्रशंसनीय),المعنى المختصر,"<p class=""ql-direction-rtl ql-align-right"">प्रशंसनीय : अल्लाह का ऐसा नाम, जो यह बताता है कि सारी प्रशंसाएँ और संपूर्णताएँ अल्लाह के लिए हैं। वह अपनी हस्ती, नामों, गुणों और कार्यों की संपूर्णता के कारण प्रशंसा के लायक़ है।</p>",अर्थ,"<p class=""ql-direction-rtl ql-align-right""><span class=""ql-font-vazirmatn""><span class=""ql-cursor"">﻿</span></span></p>"
1143,350,fa,حمید,المعنى المختصر,"<p class=""ql-direction-rtl ql-align-right"">حمید: اسمی است دال بر همهٔ ستایشها و کمالها برای الله تعالی. آنکه به سبب کمال ذاتش و نامهایش و صفات و افعالش شایستهٔ حمد است.</p>",معنی,"<p class=""ql-direction-rtl ql-align-right""><span class=""ql-font-vazirmatn""><span class=""ql-cursor"">﻿</span></span></p>"
1144,350,id,Al-Ḥamīd (Maha Terpuji),المعنى المختصر,"<p class=""ql-direction-rtl ql-align-right"">Al-Ḥamīd: sebuah nama yang menunjukkan semua pujian dan kesempurnaan bagi Allah -Ta'ālā-; Yang berhak mendapatkan pujian karena kesempurnaan-Nya pada zat-Nya, nama-nama-Nya, sifat-sifat-Nya, dan perbuatan-Nya.</p>",Arti,"<p class=""ql-direction-rtl ql-align-right""><span class=""ql-font-vazirmatn""><span class=""ql-cursor"">﻿</span></span></p>"
1145,350,zh,可颂的,المعنى المختصر,"<p class=""ql-direction-rtl ql-align-right"">可颂的：为真主证明所有完美的和可颂的一个名称，因真主本体、名称和属性之完美，故他应受一切赞颂。</p>",意义,"<p class=""ql-direction-rtl ql-align-right""><span class=""ql-font-vazirmatn""><span class=""ql-cursor"">﻿</span></span></p>"
1146,350,bn,আল-হামীদ (সকল প্রশংসার অধিকারী),المعنى المختصر,"<p class=""ql-direction-rtl ql-align-right"">আল-হামীদ (সকল প্রশংসার অধিকারী): এটি এমন একটি নাম যেটি যাবতীয় সব ধরনের প্রশংসা ও পূর্ণতা আল্লাহর জন্য হওয়ার প্রমান বহন করে। স্বীয় সত্বা, নাম, সিফাত ও কর্মসমূহে তার পূর্ণতার কারণে তিনিই যাবতীয় প্রশংসার উপযুক্ত।</p>",অর্থ,"<p class=""ql-direction-rtl ql-align-right""><span class=""ql-font-vazirmatn""><span class=""ql-cursor"">﻿</span></span></p>"
1219,358,pt,O Uno (Al-Wáhid),O Significado Curto,"<p class=""ql-direction-rtl ql-align-right""> O Uno: Aquele que se unificou em todas as perfeições, em Si próprio, em Seus atributos e ações, não tem parceiro em nada dessas coisas.</p>",Significadas,"<p class=""ql-direction-rtl ql-align-right""><span class=""ql-font-vazirmatn""><span class=""ql-cursor"">﻿</span> </span></p>"
1220,358,ur,ایک,المعنى المختصر,"<p class=""ql-direction-rtl ql-align-right"">الوَاحِد (ایک) : وہ ہستی جو اپنی ذات، صفات اور افعال میں کامل و مکمل ہونے کی وجہ سے منفرد و یگانہ ہے اور مذکورہ چیزوں میں نہ تو کوئی اس کا ساجھی ہے اور نہ ہی شریک ۔</p>",مطلب,"<p class=""ql-direction-rtl ql-align-right""><span class=""ql-font-vazirmatn""><span class=""ql-cursor"">﻿</span></span></p>"
1221,358,ru,Аль-Вахид (Один),المعنى المختصر,"<p class=""ql-direction-rtl ql-align-right"">Аль-Вахид: Единственный в обладании совершенством в Его Сущности, качествах и действиях, не имеющий никаких сотоварищей в этом.</p>",Значение,"<p class=""ql-direction-rtl ql-align-right""><span class=""ql-font-vazirmatn""><span class=""ql-cursor"">﻿</span></span></p>"
1222,358,hi,अल-वाह़िद (एक),المعنى المختصر,"<p class=""ql-direction-rtl ql-align-right"">एक : जिसकी ज़ात, गुणों और कार्यों में सारी संपूर्णताएँ निहित हों और इनमें से किसी चीज़ में उसका कोई साझी न हो।</p>",अर्थ,"<p class=""ql-direction-rtl ql-align-right""><span class=""ql-font-vazirmatn""><span class=""ql-cursor"">﻿</span></span></p>"
1223,358,fa,واحد,المعنى المختصر,"<p class=""ql-direction-rtl ql-align-right"">واحد: آن که همهٔ کمالات را در ذات و صفات و افعالش به تنهایی دارد و در هیچ یک از آنها با کسی شریک نیست.</p>",معنی,"<p class=""ql-direction-rtl ql-align-right""><span class=""ql-font-vazirmatn""><span class=""ql-cursor"">﻿</span></span></p>"
1224,358,id,Al-Wāḥid (Mahatunggal),المعنى المختصر,"<p class=""ql-direction-rtl ql-align-right"">Al-Wāḥid: Mahatunggal dalam semua kesempurnaan diri-Nya, pada Zat-Nya, sifat-sifat-Nya, dan perbuatan-perbuatan-Nya; tidak ada sekutu bagi-Nya dalam hal itu sedikit pun.</p>",Arti,"<p class=""ql-direction-rtl ql-align-right""><span class=""ql-font-vazirmatn""><span class=""ql-cursor"">﻿</span></span></p>"
1225,358,zh,独一的,المعنى المختصر,"<p class=""ql-direction-rtl ql-align-right"">独一的：在真主的本体、属性和行为的所有完美性中是独一的，在这一切中他没有任何匹敌。</p>",意义,"<p class=""ql-direction-rtl ql-align-right""><span class=""ql-font-vazirmatn""><span class=""ql-cursor"">﻿</span></span></p>"
1226,358,bn,আল-ওয়াহিদ (এক ও একক),المعنى المختصر,"<p class=""ql-direction-rtl ql-align-right"">আল-ওয়াহিদ (এক ও একক): স্বীয় সত্বা, সিফাত ও কর্মসমূহে যাবতীয় পূর্ণতার একক অধিকারী। এ সবের কোন কিছুতেই তার কোন শরীক নাই।</p>",অর্থ,"<p class=""ql-direction-rtl ql-align-right""><span class=""ql-font-vazirmatn""><span class=""ql-cursor"">﻿</span></span></p>"
1229,359,pt,O Potentíssimo (Al-Muqtadir),O Significado Curto,"<p class=""ql-direction-rtl ql-align-right"">O Potentíssimo: Aquele que tem o poder completo (no que executa) e nada pode abster.</p>",Significadas,"<p class=""ql-direction-rtl ql-align-right""><span class=""ql-font-vazirmatn""><span class=""ql-cursor"">﻿</span> </span></p>"
1230,359,ur,بڑی قدرت والا,المعنى المختصر,"<p class=""ql-direction-rtl ql-align-right"">المُقْتَدِر (بڑی قدرت والا) : وہ ذات، جو کامل قدرت کی مالک ہے اور کوئی چیز اس کے بس سے باہر نہیں ہے۔ </p>",مطلب,"<p class=""ql-direction-rtl ql-align-right""><span class=""ql-font-vazirmatn""><span class=""ql-cursor"">﻿</span></span></p>"
1231,359,ru,Аль-Муктадир (Способный на всё),المعنى المختصر,"<p class=""ql-direction-rtl ql-align-right"">Аль-Муктадир: Обладатель абсолютного могущества, для Которого нет ничего невозможного и непосильного.</p>",Значение,"<p class=""ql-direction-rtl ql-align-right""><span class=""ql-font-vazirmatn""><span class=""ql-cursor"">﻿</span></span></p>"
1232,359,hi,अल-मुक़तदिर (बड़ा सामर्थ्यवान),المعنى المختصر,"<p class=""ql-direction-rtl ql-align-right"">बड़ा सामर्थ्यवान : जो संपूर्ण सामर्थ्य का मालिक है और जिसके वश से बाहर कोई चीज़ नहीं है। </p>",अर्थ,"<p class=""ql-direction-rtl ql-align-right""><span class=""ql-font-vazirmatn""><span class=""ql-cursor"">﻿</span></span></p>"
1233,359,fa,مُقتَدَر,المعنى المختصر,"<p class=""ql-direction-rtl ql-align-right"">مُقتَدِر: آنکه دارای قدرت کامل است و هیچ چیزی برایش غیر ممکن نیست.</p>",معنی,"<p class=""ql-direction-rtl ql-align-right""><span class=""ql-font-vazirmatn""><span class=""ql-cursor"">﻿</span></span></p>"
1234,359,id,Al-Muqtadir (Maha Berkuasa),المعنى المختصر,"<p class=""ql-direction-rtl ql-align-right"">Al-Muqtadir: Pemilik kekuasaan sempurna yang tidak ada hal mustahil bagi-Nya.</p>",Arti,"<p class=""ql-direction-rtl ql-align-right""><span class=""ql-font-vazirmatn""><span class=""ql-cursor"">﻿</span></span></p>"
1235,359,zh,万能的,المعنى المختصر,"<p class=""ql-direction-rtl ql-align-right"">万能的：具有完全能力的主，没有什么可以阻止他。</p>",意义,"<p class=""ql-direction-rtl ql-align-right""><span class=""ql-font-vazirmatn""><span class=""ql-cursor"">﻿</span></span></p>"
1236,359,bn,আল-মুকতাদির (নিরঙ্কুশ-সিদ্ধান্তের-অধিকারী),المعنى المختصر,"<p class=""ql-direction-rtl ql-align-right"">আল-মুকতাদির (নিরঙ্কুশ-সিদ্ধান্তের-অধিকারী): যার জন্য রয়েছে পরিপূর্ণ ক্ষমতা যার ওপর কোন কিছুই বাধা হতে পারে না। </p>",অর্থ,"<p class=""ql-direction-rtl ql-align-right""><span class=""ql-font-vazirmatn""><span class=""ql-cursor"">﻿</span></span></p>"
1239,360,pt,O Que adianta (Al-Muqaddim),O Significado Curto,"<p class=""ql-direction-rtl ql-align-right"">O Que adianta: Aquele que promove as coisas e estabelece no seu devido lugar, adianta o que Ele quer dentre elas e atrasa o que quer. </p>",Significadas,"<p class=""ql-direction-rtl ql-align-right""><span class=""ql-font-vazirmatn""><span class=""ql-cursor"">﻿</span> </span></p>"
1240,360,ur,آگے کرنے والا,المعنى المختصر,"<p class=""ql-direction-rtl ql-align-right"">المُقَدِّم (آگے کرنے والا) : ہر چیز کو اس کی صحیح جگہ میں رکھنے والا۔ وہ جس چیز کو چاہے آگے کرتا ہے اور جس چیز کو چاہے پیچھے کرتا ہے۔</p>",مطلب,"<p class=""ql-direction-rtl ql-align-right""><span class=""ql-font-vazirmatn""><span class=""ql-cursor"">﻿</span></span></p>"
1241,360,ru,Аль-Мукаддим (Выдвигающий вперёд),المعنى المختصر,"<p class=""ql-direction-rtl ql-align-right"">Аль-Мукаддим: помещающий всё туда, где оно должно быть, выдвигая вперёд то, что должно быть впереди, и отодвигая назад то, что должно быть там.</p>",Значение,"<p class=""ql-direction-rtl ql-align-right""><span class=""ql-font-vazirmatn""><span class=""ql-cursor"">﻿</span></span></p>"
1242,360,hi,अल-मुक़द्दिम (आगे करने वाला),المعنى المختصر,"<p class=""ql-direction-rtl ql-align-right"">आगे करने वाला : जो हर चीज़ को उसी स्थान में रखता है, जो उसके लायक़ है। जिसे चाहता है आगे करता और जिसे चाहता है पीछे करता है।</p>",अर्थ,"<p class=""ql-direction-rtl ql-align-right""><span class=""ql-font-vazirmatn""><span class=""ql-cursor"">﻿</span></span></p>"
1243,360,fa,مُقَدّم,المعنى المختصر,"<p class=""ql-direction-rtl ql-align-right"">مُقَدِم: آنکه هر چیز را در جایگاه شایسته اش قرار می دهد، آنچه را بخواهد جلو می اندازد و آنچه را بخواهد به عقب می اندازد.</p>",معنی,"<p class=""ql-direction-rtl ql-align-right""><span class=""ql-font-vazirmatn""><span class=""ql-cursor"">﻿</span></span></p>"
1244,360,id,Al-Muqaddim (Maha Mendahulukan),المعنى المختصر,"<p class=""ql-direction-rtl ql-align-right"">Al-Muqaddim: Yang menempatkan sesuatu pada tempat yang menjadi haknya, Dia mendahulukan dan mengakhirkan apa saja yang Dia kehendaki.</p>",Arti,"<p class=""ql-direction-rtl ql-align-right""><span class=""ql-font-vazirmatn""><span class=""ql-cursor"">﻿</span></span></p>"
1245,360,zh,提前的,المعنى المختصر,"<p class=""ql-direction-rtl ql-align-right"">提前的：将事物放在应该放置的地方，提前他所意欲提前的，退后他所意欲退后的。</p>",意义,"<p class=""ql-direction-rtl ql-align-right""><span class=""ql-font-vazirmatn""><span class=""ql-cursor"">﻿</span></span></p>"
1246,360,bn,,,,,
1249,361,pt,O Que atrasa: (Al-Mu'akhir),O Significado Curto,"<p class=""ql-direction-rtl ql-align-right"">O Que atrasa: Ele é Quem atrasa as coisas que merecem atraso e coloca-as no seu devido lugar.</p>",Significadas,"<p class=""ql-direction-rtl ql-align-right""><span class=""ql-font-vazirmatn""><span class=""ql-cursor"">﻿</span> </span></p>"
1250,361,ur,پیچھے کرنے والا,المعنى المختصر,"<p class=""ql-direction-rtl ql-align-right"">المُؤَخِّر (پیچھے کرنے والا) : جو ان چیزوں کو مؤخر کر کےانہیں ان کے صحیح مقام میں رکھتا ہے، جو پیچھے کیے جانے کی حق دار ہیں۔</p>",مطلب,"<p class=""ql-direction-rtl ql-align-right""><span class=""ql-font-vazirmatn""><span class=""ql-cursor"">﻿</span></span></p>"
1251,361,ru,"Аль-Муаххыр (Отодвигающий, Отбрасывающий назад)",المعنى المختصر,"<p class=""ql-direction-rtl ql-align-right"">Аль-Муаххыр: Тот, Кто отодвигает то, что заслуживает быть отодвинутым, и помещает его туда, где оно должно быть.</p>",Значение,"<p class=""ql-direction-rtl ql-align-right""><span class=""ql-font-vazirmatn""><span class=""ql-cursor"">﻿</span></span></p>"
1252,361,hi,अल-मुअख्खिर (पीछे करने वाला),المعنى المختصر,"<p class=""ql-direction-rtl ql-align-right"">पीछे करने वाला : जो पीछे किए जाने लायक़ वस्तुओं को पीछे करके उन्हें उनके स्थान पर रखता है।</p>",अर्थ,"<p class=""ql-direction-rtl ql-align-right""><span class=""ql-font-vazirmatn""><span class=""ql-cursor"">﻿</span></span></p>"
1253,361,fa,مُؤَخِّر,المعنى المختصر,"<p class=""ql-direction-rtl ql-align-right"">مُؤَخِر: (به تأخیر اندازنده): آنکه آنچه شایستهٔ تأخیر و عقب افتادن است را به تأخیر می اندازد و در جایگاه شایسته اش قرار می دهد.</p>",معنی,"<p class=""ql-direction-rtl ql-align-right""><span class=""ql-font-vazirmatn""><span class=""ql-cursor"">﻿</span></span></p>"
1254,361,id,Al-Mu`akh-khir (Maha Mengakhirkan),المعنى المختصر,"<p class=""ql-direction-rtl ql-align-right"">Al-Mu`akh-khir: Yang mengakhirkan sesuatu yang berhak diakhirkan lalu menempatkannya pada tempat yang tepat.</p>",Arti,"<p class=""ql-direction-rtl ql-align-right""><span class=""ql-font-vazirmatn""><span class=""ql-cursor"">﻿</span></span></p>"
1255,361,zh,推迟者,المعنى المختصر,"<p class=""ql-direction-rtl ql-align-right"">推迟者：将应该推迟的事务推迟，将其放在它的位置。</p>",意义,"<p class=""ql-direction-rtl ql-align-right""><span class=""ql-font-vazirmatn""><span class=""ql-cursor"">﻿</span></span></p>"
1256,361,bn,আল-মুআখিখির (অবকাশ দানকারী),المعنى المختصر,"<p class=""ql-direction-rtl ql-align-right"">আল-মুআখিখির (অবকাশ দানকারী): যিনি যে সব বস্তু সুযোগ লাভের উপযুক্ত তিনি তাদরে সুযোগ দান করেন। ফলে তিনি তা যথোপযুক্ত স্থানে রাখেন।</p>",অর্থ,"<p class=""ql-direction-rtl ql-align-right""><span class=""ql-font-vazirmatn""><span class=""ql-cursor"">﻿</span></span></p>"
1259,362,pt,O Primeiro (Al-Awwal),O Significado Curto,"<p class=""ql-direction-rtl ql-align-right"">O Primeiro: Aquele que nada existiu antes d'Ele. </p>",Significadas,"<p class=""ql-direction-rtl ql-align-right""><span class=""ql-font-vazirmatn""><span class=""ql-cursor"">﻿</span> </span></p>"
1260,362,ur,اوّل,المعنى المختصر,"<p class=""ql-direction-rtl ql-align-right"">اول : جس سے پہلے کچھ نہ ہو۔ </p>",مطلب,"<p class=""ql-direction-rtl ql-align-right""><span class=""ql-font-vazirmatn""><span class=""ql-cursor"">﻿</span></span></p>"
1261,362,ru,Аль-Авваль (Первый),المعنى المختصر,"<p class=""ql-direction-rtl ql-align-right"">Аль-Авваль: Тот, до Кого ничего не было.</p>",Значение,"<p class=""ql-direction-rtl ql-align-right""><span class=""ql-font-vazirmatn""><span class=""ql-cursor"">﻿</span></span></p>"
1262,362,hi,अल-अव्वल (सर्वप्रथम),المعنى المختصر,"<p class=""ql-direction-rtl ql-align-right"">अल-अव्वल (सर्वप्रथम); जिस से पहले कुछ नहीं है।</p>",अर्थ,"<p class=""ql-direction-rtl ql-align-right""><span class=""ql-font-vazirmatn""><span class=""ql-cursor"">﻿</span></span></p>"
1263,362,fa,اول,المعنى المختصر,"<p class=""ql-direction-rtl ql-align-right"">اول: آنکه پیش از او چیزی نیست.</p>",معنی,"<p class=""ql-direction-rtl ql-align-right""><span class=""ql-font-vazirmatn""><span class=""ql-cursor"">﻿</span></span></p>"
1264,362,id,Al-Awwal (Mahaawal),المعنى المختصر,"<p class=""ql-direction-rtl ql-align-right"">Al-Awwal: Yang tidak ada sesuatu pun sebelum-Nya.</p>",Arti,"<p class=""ql-direction-rtl ql-align-right""><span class=""ql-font-vazirmatn""><span class=""ql-cursor"">﻿</span></span></p>"
1265,362,zh,前无始的主,المعنى المختصر,"<p class=""ql-direction-rtl ql-align-right"">前无始的主：在真主之前没有任何物。</p>",意义,"<p class=""ql-direction-rtl ql-align-right""><span class=""ql-font-vazirmatn""><span class=""ql-cursor"">﻿</span></span></p>"
1266,362,bn,আল-আউয়াল (প্রথম আদি),المعنى المختصر,"<p class=""ql-direction-rtl ql-align-right"">আল-আউয়াল (প্রথম আদি): সর্ব প্রথম যার পূর্বে আর কোন কিছু নাই।</p>",অর্থ,"<p class=""ql-direction-rtl ql-align-right""><span class=""ql-font-vazirmatn""><span class=""ql-cursor"">﻿</span></span></p>"
1269,363,pt,O Último (Al-Ákhir),O Significado Curto,"<p class=""ql-direction-rtl ql-align-right"">O Último: depois d'Ele, nada existe.</p>",Significadas,"<p class=""ql-direction-rtl ql-align-right""><span class=""ql-font-vazirmatn""><span class=""ql-cursor"">﻿</span> </span></p>"
1270,363,ur,آخر,المعنى المختصر,"<p class=""ql-direction-rtl ql-align-right"">آخر : جس کے بعد کچھ نہ ہو</p>",مطلب,"<p class=""ql-direction-rtl ql-align-right""><span class=""ql-font-vazirmatn""><span class=""ql-cursor"">﻿</span></span></p>"
1271,363,ru,Аль-Ахыр (Последний),المعنى المختصر,"<p class=""ql-direction-rtl ql-align-right"">Аль-Ахыр: Тот, после Которого ничего не будет.</p>",Значение,"<p class=""ql-direction-rtl ql-align-right""><span class=""ql-font-vazirmatn""><span class=""ql-cursor"">﻿</span></span></p>"
1272,363,hi,अल-आख़िर (सर्व अंतिम),المعنى المختصر,"<p class=""ql-direction-rtl ql-align-right"">अल-आख़ीर (सर्व अंतिम) : जिसके बाद कुछ न हो।</p>",अर्थ,"<p class=""ql-direction-rtl ql-align-right""><span class=""ql-font-vazirmatn""><span class=""ql-cursor"">﻿</span></span></p>"
1273,363,fa,آخِر,المعنى المختصر,"<p class=""ql-direction-rtl ql-align-right"">آخِر: آنکه پس از او چیزی نیست.</p>",معنی,"<p class=""ql-direction-rtl ql-align-right""><span class=""ql-font-vazirmatn""><span class=""ql-cursor"">﻿</span></span></p>"
1274,363,id,Al-Ākhir (Mahaakhir),المعنى المختصر,"<p class=""ql-direction-rtl ql-align-right"">Al-Ākhir: Yang tidak ada sesuatu pun setelah-Nya.</p>",Arti,"<p class=""ql-direction-rtl ql-align-right""><span class=""ql-font-vazirmatn""><span class=""ql-cursor"">﻿</span></span></p>"
1275,363,zh,后无终的主,المعنى المختصر,"<p class=""ql-direction-rtl ql-align-right"">后无终的主：在真主以后再无他物。</p>",意义,"<p class=""ql-direction-rtl ql-align-right""><span class=""ql-font-vazirmatn""><span class=""ql-cursor"">﻿</span></span></p>"
1276,363,bn,"আল-আখির (অনন্ত, সর্বশেষ)",المعنى المختصر,"<p class=""ql-direction-rtl ql-align-right"">আল-আখির (অনন্ত, সর্বশেষ): সর্বশেষ যার পরে আর কোন কিছু নাই।</p>",অর্থ,"<p class=""ql-direction-rtl ql-align-right""><span class=""ql-font-vazirmatn""><span class=""ql-cursor"">﻿</span></span></p>"
1279,364,pt,O Manifesto (Az-Zháhir),O Significado Curto,"<p class=""ql-direction-rtl ql-align-right"">O Manifesto: Aquele que nada há acima d'Ele. </p>",Significadas,"<p class=""ql-direction-rtl ql-align-right""><span class=""ql-font-vazirmatn""><span class=""ql-cursor"">﻿</span>  </span></p>"
1280,364,ur,ظاہر,المعنى المختصر,"<p class=""ql-direction-rtl ql-align-right"">ظاہر : وہ جس سے اوپر کچھ نہ ہو۔</p>",مطلب,"<p class=""ql-direction-rtl ql-align-right""><span class=""ql-font-vazirmatn""><span class=""ql-cursor"">﻿</span></span></p>"
1281,364,ru,"Аз-Захир (Явный, Высочайший)",المعنى المختصر,"<p class=""ql-direction-rtl ql-align-right"">Аз-Захир: Тот, выше Которого ничего нет. </p>",Значение,"<p class=""ql-direction-rtl ql-align-right""><span class=""ql-font-vazirmatn""><span class=""ql-cursor"">﻿</span></span></p>"
1282,364,hi,"अज़-ज़ाहिर (ज़ाहिर, प्रत्यक्ष)",المعنى المختصر,"<p class=""ql-direction-rtl ql-align-right"">ज़ाहिर : जिससे ऊपर कुछ न हो।</p>",अर्थ,"<p class=""ql-direction-rtl ql-align-right""><span class=""ql-font-vazirmatn""><span class=""ql-cursor"">﻿</span></span></p>"
1283,364,fa,ظاهِر,المعنى المختصر,"<p class=""ql-direction-rtl ql-align-right"">ظاهِر: آنکه چیزی بالای وی نیست.</p>",معنی,"<p class=""ql-direction-rtl ql-align-right""><span class=""ql-font-vazirmatn""><span class=""ql-cursor"">﻿</span></span></p>"
1284,364,id,Aẓ-Ẓāhir (Mahalahir),المعنى المختصر,"<p class=""ql-direction-rtl ql-align-right"">Aẓ-Ẓāhir: Yang tidak ada sesuatu pun di atas-Nya.</p>",Arti,"<p class=""ql-direction-rtl ql-align-right""><span class=""ql-font-vazirmatn""><span class=""ql-cursor"">﻿</span></span></p>"
1285,364,zh,明显的,المعنى المختصر,"<p class=""ql-direction-rtl ql-align-right"">明显的：真主之上没有任何一物。</p>",意义,"<p class=""ql-direction-rtl ql-align-right""><span class=""ql-font-vazirmatn""><span class=""ql-cursor"">﻿</span></span></p>"
1286,364,bn,আয-যাহির (সম্পূর্নরূপে-প্রকাশিত),المعنى المختصر,"<p class=""ql-direction-rtl ql-align-right"">আয-যাহির (সম্পূর্নরূপে-প্রকাশিত): তিনি সে সত্বা যার ওপর কোন কিছু নাই।</p>",অর্থ,"<p class=""ql-direction-rtl ql-align-right""><span class=""ql-font-vazirmatn""><span class=""ql-cursor"">﻿</span></span></p>"
1289,365,pt,O Oculto (Al-Bátin),O Significado Curto,"<p class=""ql-direction-rtl ql-align-right"">O Oculto: Aquele cujo não há nada abaixo dEle.</p>",Significadas,"<p class=""ql-direction-rtl ql-align-right""><span class=""ql-font-vazirmatn""><span class=""ql-cursor"">﻿</span>  </span></p>"
1290,365,ur,باطن,المعنى المختصر,"<p class=""ql-direction-rtl ql-align-right"">باطن : جس سے کوئی چیز مخفی نہ ہو۔</p>",مطلب,"<p class=""ql-direction-rtl ql-align-right""><span class=""ql-font-vazirmatn""><span class=""ql-cursor"">﻿</span></span></p>"
1291,365,ru,"Аль-Батын (Ближайший, Сокрытый)",المعنى المختصر,"<p class=""ql-direction-rtl ql-align-right"">Аль-Батын: Тот, ближе Которого нет.</p>",Значение,"<p class=""ql-direction-rtl ql-align-right""><span class=""ql-font-vazirmatn""><span class=""ql-cursor"">﻿</span></span></p>"
1292,365,hi,अल-बातिन (निकटतम),المعنى المختصر,"<p class=""ql-direction-rtl ql-align-right"">निकटतम : जिस से अघिक निकट कुछ न हो।</p>",अर्थ,"<p class=""ql-direction-rtl ql-align-right""><span class=""ql-font-vazirmatn""><span class=""ql-cursor"">﻿</span></span></p>"
1293,365,fa,باطن:,المعنى المختصر,"<p class=""ql-direction-rtl ql-align-right"">باطن: آنکه نهان تر از او چیزی نیست. </p>",معنی,"<p class=""ql-direction-rtl ql-align-right""><span class=""ql-font-vazirmatn""><span class=""ql-cursor"">﻿</span></span></p>"
1294,365,id,Al-Bāṭin (Mahabatin),المعنى المختصر,"<p class=""ql-direction-rtl ql-align-right"">Al-Bāṭin: Yang tidak ada sesuatu pun di bawah-Nya. </p>",Arti,"<p class=""ql-direction-rtl ql-align-right""><span class=""ql-font-vazirmatn""><span class=""ql-cursor"">﻿</span></span></p>"
1295,365,zh,隐秘的,المعنى المختصر,"<p class=""ql-direction-rtl ql-align-right"">隐秘的：他是绝无仅有的。</p>",意义,"<p class=""ql-direction-rtl ql-align-right""><span class=""ql-font-vazirmatn""><span class=""ql-cursor"">﻿</span></span></p>"
1296,365,bn,আল-বাতিন (দৃষ্টি হতে অদৃশ্য),المعنى المختصر,"<p class=""ql-direction-rtl ql-align-right"">আল-বাতিন (দৃষ্টি হতে অদৃশ্য): এমন সত্বা তারপর আর কোন কিছু নাই।</p>",অর্থ,"<p class=""ql-direction-rtl ql-align-right""><span class=""ql-font-vazirmatn""><span class=""ql-cursor"">﻿</span></span></p>"
1309,367,pt,O Bondoso: (Al-Bar),O Significado Curto,"<p class=""ql-direction-rtl ql-align-right"">O Bondoso: o benfeitor que abençoou o servo por variadas dádivas.</p>",Significadas,"<p class=""ql-direction-rtl ql-align-right""><span class=""ql-font-vazirmatn""><span class=""ql-cursor"">﻿</span> </span></p>"
1310,367,ur,محسن,المعنى المختصر,"<p class=""ql-direction-rtl ql-align-right"">البَرُّ (محسن) : جس نے بندوں کو طرح طرح کی نعمتوں سے نوازا ہے۔</p>",مطلب,"<p class=""ql-direction-rtl ql-align-right""><span class=""ql-font-vazirmatn""><span class=""ql-cursor"">﻿</span></span></p>"
1311,367,ru,Аль-Барр (Добродетельный),المعنى المختصر,"<p class=""ql-direction-rtl ql-align-right"">Аль-Барр: Благодетель, Облагодетельствовавший Своих рабов разнообразными милостями.</p>",Значение,"<p class=""ql-direction-rtl ql-align-right""><span class=""ql-font-vazirmatn""><span class=""ql-cursor"">﻿</span></span></p>"
1312,367,hi,अल-बर्र (अत्यंत परोपकारी),المعنى المختصر,"<p class=""ql-direction-rtl ql-align-right"">अत्यंत परोपकारी : वह परोपकारी जिसने बंदों को तरह-तरह की नीमतें दे रखी हैं। </p>",अर्थ,"<p class=""ql-direction-rtl ql-align-right""><span class=""ql-font-vazirmatn""><span class=""ql-cursor"">﻿</span></span></p>"
1313,367,fa,بَرّ,المعنى المختصر,"<p class=""ql-direction-rtl ql-align-right"">بَرّ: نیکوکاری که انواع نعمتها را به بندگانش ارزانی داشته است.</p>",معنی,"<p class=""ql-direction-rtl ql-align-right""><span class=""ql-font-vazirmatn""><span class=""ql-cursor"">﻿</span></span></p>"
1314,367,id,Al-Barr (Mahabaik),المعنى المختصر,"<p class=""ql-direction-rtl ql-align-right"">Al-Barr: Mahabaik yang memberi berbagai macam nikmat kepada para hamba.</p>",Arti,"<p class=""ql-direction-rtl ql-align-right""><span class=""ql-font-vazirmatn""><span class=""ql-cursor"">﻿</span></span></p>"
1315,367,zh,仁爱的,المعنى المختصر,"<p class=""ql-direction-rtl ql-align-right"">仁爱的：施恩的，给予仆人各种恩典的主。</p>",意义,"<p class=""ql-direction-rtl ql-align-right""><span class=""ql-font-vazirmatn""><span class=""ql-cursor"">﻿</span></span></p>"
1316,367,bn,"আল-বার (পরম-উপকারী, অনুগ্রহশীল)",المعنى المختصر,"<p class=""ql-direction-rtl ql-align-right"">আল-বার (পরম-উপকারী, অনুগ্রহশীল): যিনি বান্দাগণের ওপর বিভিন্ন ধরনের নিয়ামত দান করেছেন।</p>",অর্থ,"<p class=""ql-direction-rtl ql-align-right""><span class=""ql-font-vazirmatn""><span class=""ql-cursor"">﻿</span></span></p>"
1329,369,pt,,,,,
1330,369,ur,,,,,
1331,369,ru,,,,,
1332,369,hi,,,,,
1333,369,fa,,,,,
1334,369,id,,,,,
1335,369,zh,,,,,
1336,369,bn,,,,,
1339,370,pt,Dono da Majestade e Nobreza (Zhul Jalal wal Ikram),O Significado Curto,"<p class=""ql-direction-rtl ql-align-right"">Dono da Mejestade e Nobreza: Possuidor da grandiosidade, orgulho, misericórdia e bondade, o merecedor de enaltecimento e louvor.</p>",Significadas,"<p class=""ql-direction-rtl ql-align-right""><span class=""ql-font-vazirmatn""><span class=""ql-cursor"">﻿</span>  </span></p>"
1340,370,ur,عزت و جلال والا,المعنى المختصر,"<p class=""ql-direction-rtl ql-align-right"">ذُو الجَلالِ والإِكْرام (عزت و جلال والا) : عظمت، بڑائی، رحمت، سخاوت کا مالک اور تعظیم و تعریف کا مستحق ہے ۔ </p>",مطلب,"<p class=""ql-direction-rtl ql-align-right""><span class=""ql-font-vazirmatn""><span class=""ql-cursor"">﻿</span> </span></p>"
1341,370,ru,Зу-ль-джаляли ва-ль-икрам (Обладатель величия и щедрости),المعنى المختصر,"<p class=""ql-direction-rtl ql-align-right"">Зу-ль-джаляли ва-ль-икрам: Обладатель величия, гордости, милости и щедрости, достойный возвеличивания и хвалы.</p>",Значение,"<p class=""ql-direction-rtl ql-align-right""><span class=""ql-font-vazirmatn""><span class=""ql-cursor"">﻿</span> </span></p>"
1342,370,hi,ज़ुल-जलालि वल इकराम (प्रतापी एवं उपकारी),المعنى المختصر,"<p class=""ql-direction-rtl ql-align-right"">प्रतापी एवं उपकारी : महानता, बड़ाई, दया और दालशीलता जैसे गुणों से विशेषित तथा सम्मान एवं प्रशंसा का अधिकारी।</p>",अर्थ,"<p class=""ql-direction-rtl ql-align-right""><span class=""ql-font-vazirmatn""><span class=""ql-cursor"">﻿</span> </span></p>"
1343,370,fa,دارای جلال و اکرام,المعنى المختصر,"<p class=""ql-direction-rtl ql-align-right"">دارای جلال و اِکرام: صاحب عظمت و کبریا و رحمت و بخشش، که شایستهٔ بزرگداشت و ستایش است.</p>",معنی,"<p class=""ql-direction-rtl ql-align-right""><span class=""ql-font-vazirmatn""><span class=""ql-cursor"">﻿</span> </span></p>"
1344,370,id,Żul-Jalāl wal-Ikrām (Pemilik Kebesaran dan Keagungan),المعنى المختصر,"<p class=""ql-direction-rtl ql-align-right"">Żul-Jalāl wal-Ikrām: Pemilik keagungan, kebesaran, rahmat dan kemurahan hati; Yang berhak diagungkan dan dipuji.</p>",Arti,"<p class=""ql-direction-rtl ql-align-right""><span class=""ql-font-vazirmatn""><span class=""ql-cursor"">﻿</span> </span></p>"
1345,370,zh,具有伟大和慷慨的主,المعنى المختصر,"<p class=""ql-direction-rtl ql-align-right"">具有伟大和慷慨的主：具有崇高、伟大、仁慈和慷慨的主，他应受尊崇和赞颂。</p>",意义,"<p class=""ql-direction-rtl ql-align-right""><span class=""ql-font-vazirmatn""><span class=""ql-cursor"">﻿</span> </span></p>"
1346,370,bn,যুল-জালালি ওয়াল ইকরাম (মহিমান্বিত ও দয়াবান সত্ত্বা),المعنى المختصر,"<p class=""ql-direction-rtl ql-align-right"">যুল-জালালি ওয়াল ইকরাম (মহিমান্বিত ও দয়াবান সত্ত্বা): মহত্ব, বড়ত্ব, রহমত ও দয়ার অধিকারী। প্রশংসা ও তাযীমের তিনিই হকদার।</p>",অর্থ,"<p class=""ql-direction-rtl ql-align-right""><span class=""ql-font-vazirmatn""><span class=""ql-cursor"">﻿</span> </span></p>"
1439,380,pt,O Herdeiro (Al-Wárith),O Significado Curto,"<p class=""ql-direction-rtl ql-align-right"">O Herdeiro: Aquele que permanece após o fim da criatura, Aquele que herda a terra e quem estiver sobre ela.</p>",Significadas,"<p class=""ql-direction-rtl ql-align-right""><span class=""ql-font-vazirmatn""><span class=""ql-cursor"">﻿</span> </span></p>"
1440,380,ur,وارث,المعنى المختصر,"<p class=""ql-direction-rtl ql-align-right"">وارث : جو مخلوق کے فنا ہونے کے بعد باقی رہے گا نیز زمین اور اس کے اوپر کی ساری چیزوں کا وارث ہو گا۔</p>",مطلب,"<p class=""ql-direction-rtl ql-align-right""><span class=""ql-font-vazirmatn""><span class=""ql-cursor"">﻿</span></span></p>"
1441,380,ru,Аль-Варис (Наследующий),المعنى المختصر,"<p class=""ql-direction-rtl ql-align-right"">Аль-Варис: Тот, Кто остаётся после гибели творений, Тот, Кто унаследует землю и тех, кто на ней.</p>",Значение,"<p class=""ql-direction-rtl ql-align-right""><span class=""ql-font-vazirmatn""><span class=""ql-cursor"">﻿</span></span></p>"
1442,380,hi,अल-वारिस (उत्तराधिकारी),المعنى المختصر,"<p class=""ql-direction-rtl ql-align-right"">उत्तराधिकारी : जो सृष्टियों के विनष्ट हो जाने के बाद बाक़ी रहेगा और धरती तथा उसकी सारी चीज़ों का उत्तराधिकारी बनेगा। </p>",अर्थ,"<p class=""ql-direction-rtl ql-align-right""><span class=""ql-font-vazirmatn""><span class=""ql-cursor"">﻿</span></span></p>"
1443,380,fa,وارِث,المعنى المختصر,"<p class=""ql-direction-rtl ql-align-right"">وارِث: آنکه پس از فنای خلق باقی خواهد ماند، کسی که زمین و هرکه بر آن است را به ارث می برد.</p>",معنی,"<p class=""ql-direction-rtl ql-align-right""><span class=""ql-font-vazirmatn""><span class=""ql-cursor"">﻿</span></span></p>"
1444,380,id,Al-Wāriṡ (Maha Pewaris),المعنى المختصر,"<p class=""ql-direction-rtl ql-align-right""><span class=""ql-font-vazirmatn""><span class=""ql-cursor"">﻿</span></span>Al-Wāriṡ: Yang Mahakekal setelah makhluk punah, mewarisi bumi dan semua yang ada padanya.</p>",Arti,"<p class=""ql-direction-rtl ql-align-right""><span class=""ql-font-vazirmatn""><span class=""ql-cursor"">﻿</span> </span></p>"
1445,380,zh,继承者,المعنى المختصر,"<p class=""ql-direction-rtl ql-align-right"">继承者：真主就是在众生毁灭之后留下并继承大地及其一切的主。</p>",意义,"<p class=""ql-direction-rtl ql-align-right""><span class=""ql-font-vazirmatn""><span class=""ql-cursor"">﻿</span></span></p>"
1446,380,bn,আল-ওয়ারিস (উত্তরাধিকারী),المعنى المختصر,"<p class=""ql-direction-rtl ql-align-right"">আল-ওয়ারিস (উত্তরাধিকারী): সমস্ত মাখলুক নিঃশেষ হওয়ার পর তিনিই কেবল বাকী থাকবেন, তিনিই হবেন যমীন ও তার ওপর যা কিছু আছে তার উত্তরসূরী।</p>",অর্থ,"<p class=""ql-direction-rtl ql-align-right""><span class=""ql-font-vazirmatn""><span class=""ql-cursor"">﻿</span></span></p>"
1469,383,pt,O Belo (Al-Jamil),O Significado Curto,"<p class=""ql-direction-rtl ql-align-right"">O Belo: Aquele que possui uma beleza absoluta em Si mesmo, em Seus nomes, atributos e ações.</p>",Significadas,"<p class=""ql-direction-rtl ql-align-right""><span class=""ql-font-vazirmatn""><span class=""ql-cursor"">﻿</span> </span></p>"
1470,383,ur,خوب صورت,المعنى المختصر,"<p class=""ql-direction-rtl ql-align-right"">الجَمِيْل (خوب صورت) : جو اپنی ذات، ناموں، صفات اور اپنے افعال میں جمال مطلق کا حامل ہے۔</p>",مطلب,"<p class=""ql-direction-rtl ql-align-right""><span class=""ql-font-vazirmatn""><span class=""ql-cursor"">﻿</span></span></p>"
1471,383,ru,Аль-Джамиль (Прекрасный),المعنى المختصر,"<p class=""ql-direction-rtl ql-align-right"">Аль-Джамиль: Обладающий абсолютной красотой в Своей Сущности, Своих именах, качествах и действиях.</p>",Значение,"<p class=""ql-direction-rtl ql-align-right""><span class=""ql-font-vazirmatn""><span class=""ql-cursor"">﻿</span></span></p>"
1472,383,hi,अल-जमील (सबसे सुंदर),المعنى المختصر,"<p class=""ql-direction-rtl ql-align-right"">सबसे सुंदर : जिसकी हस्ती, सारे नाम, सभी गुण और समस्त कार्य सबसे सुंदर एवं मनमोहक हैं। </p>",अर्थ,"<p class=""ql-direction-rtl ql-align-right""><span class=""ql-font-vazirmatn""><span class=""ql-cursor"">﻿</span></span></p>"
1473,383,fa,جَمیل,المعنى المختصر,"<p class=""ql-direction-rtl ql-align-right"">جمیل: کسی که در ذاتش و در نامهایش و صفات و کارهایشان دارای زیبایی مطلق است.</p>",معنی,"<p class=""ql-direction-rtl ql-align-right""><span class=""ql-font-vazirmatn""><span class=""ql-cursor"">﻿</span></span></p>"
1474,383,id,Al-Jamīl (Mahaindah),المعنى المختصر,"<p class=""ql-direction-rtl ql-align-right"">Al-Jamīl: Pemilik keindahan mutlak pada Zat-Nya, nama dan sifat-Nya, dan perbuatan-perbuatan-Nya.</p>",Arti,"<p class=""ql-direction-rtl ql-align-right""><span class=""ql-font-vazirmatn""><span class=""ql-cursor"">﻿</span></span></p>"
1475,383,zh,完美的,المعنى المختصر,"<p class=""ql-direction-rtl ql-align-right"">完美的：在本体、尊名、属性和行为中绝对完美的主。</p>",意义,"<p class=""ql-direction-rtl ql-align-right""><span class=""ql-font-vazirmatn""><span class=""ql-cursor"">﻿</span></span></p>"
1476,383,bn,আল-জামিল (পরম সুন্দর),المعنى المختصر,"<p class=""ql-direction-rtl ql-align-right"">আল-জামিল (পরম সুন্দর): যার জন্য রয়েছে সত্বা, সিফাত, নামসমূহে ও কর্মসমূহে সবধরনের সৌন্দর্য্য।</p>",অর্থ,"<p class=""ql-direction-rtl ql-align-right""><span class=""ql-font-vazirmatn""><span class=""ql-cursor"">﻿</span></span></p>"
1479,384,pt,O Dominador (Al-Qáhir),O Significado Curto,"<p class=""ql-direction-rtl ql-align-right"">O Dominador: Aquele que todas as criações se sujeitam a Ele, e a Ele se submetem todas as criaturas e se rebaixam pelo Seu poder e Sua vontade. </p>",Significadas,"<p class=""ql-direction-rtl ql-align-right""><span class=""ql-font-vazirmatn""><span class=""ql-cursor"">﻿</span> </span></p>"
1480,384,ur,زبردست,المعنى المختصر,"<p class=""ql-direction-rtl ql-align-right"">القَاهِر (زبردست) : جس کے آگے ساری کائنات سربسجود ہو اور جس کی قدرت و ارادے کے تابع ساری مخلوقات ہوں۔ </p>",مطلب,"<p class=""ql-direction-rtl ql-align-right""><span class=""ql-font-vazirmatn""><span class=""ql-cursor"">﻿</span></span></p>"
1481,384,ru,Аль-Кахир (Властвующий),المعنى المختصر,"<p class=""ql-direction-rtl ql-align-right"">Аль-Кахир: Тот, Кому подвластно всё сущее и Чьему могуществу и воле подчинены все творения.</p>",Значение,"<p class=""ql-direction-rtl ql-align-right""><span class=""ql-font-vazirmatn""><span class=""ql-cursor"">﻿</span></span></p>"
1482,384,hi,अल-क़ाहिर (सम्पूर्ण वर्चस्व वाला),المعنى المختصر,"<p class=""ql-direction-rtl ql-align-right"">सम्पूर्ण वर्चस्व वाला : जिसके आगे सारी कायनात नतमस्तक हो, सारी सृष्टियाँ विनीत बनकर खड़ी हों और सारी चीज़ें उसी के सामर्थ्य के आगे झुकती हों और उस के इरादे के अनुसार चलती हों।</p>",अर्थ,"<p class=""ql-direction-rtl ql-align-right""><span class=""ql-font-vazirmatn""><span class=""ql-cursor"">﻿</span></span></p>"
1483,384,fa,قاهِر,المعنى المختصر,"<p class=""ql-direction-rtl ql-align-right"">قاهر: آنکه همهٔ قاهرات در برابرش سر فرو آورده اند و همهٔ مخلوقات در برابر او ذلیلند و تسلیم قدرت و مشیت اویند. </p>",معنی,"<p class=""ql-direction-rtl ql-align-right""><span class=""ql-font-vazirmatn""><span class=""ql-cursor"">﻿</span></span></p>"
1484,384,id,Al-Qāhir (Mahakuasa),المعنى المختصر,"<p class=""ql-direction-rtl ql-align-right"">Al-Qāhir: Yang seluruh makhluk tunduk dan menghinakan diri kepada-Nya; semuanya tunduk kepada kekuasaan dan kehendak-Nya.</p>",Arti,"<p class=""ql-direction-rtl ql-align-right""><span class=""ql-font-vazirmatn""><span class=""ql-cursor"">﻿</span></span></p>"
1485,384,zh,征服的主,المعنى المختصر,"<p class=""ql-direction-rtl ql-align-right"">征服的主：所有的被造物都屈服于真主，都在真主面前毕恭毕敬，并臣服于真主的能力和意欲。</p>",意义,"<p class=""ql-direction-rtl ql-align-right""><span class=""ql-font-vazirmatn""><span class=""ql-cursor"">﻿</span></span></p>"
1486,384,bn,আল-কাহির (ক্ষমতাবান),المعنى المختصر,"<p class=""ql-direction-rtl ql-align-right"">আল-কাহির (ক্ষমতাবান): সমগ্র জগত যার জন্য মাথাবনত এবং সমস্ত মাখলুক যার জন্য নমনীয়। আর সবকিছু তার কুদরত ও ইচ্ছার কাছে দায়বদ্ধ।</p>",অর্থ,"<p class=""ql-direction-rtl ql-align-right""><span class=""ql-font-vazirmatn""><span class=""ql-cursor"">﻿</span></span></p>"
1489,385,pt,O Evidente (Al-Mubin),O Significado Curto,"<p class=""ql-direction-rtl ql-align-right"">O Evidente: Aquele cujo assunto é evidente, em Sua unicidade, e que Ele não tem parceiros, e Aquele que evidencia a verdade para os seus servos. </p>",Significadas,"<p class=""ql-direction-rtl ql-align-right""><span class=""ql-font-vazirmatn""><span class=""ql-cursor"">﻿</span> </span></p>"
1490,385,ur,واضح کرنے والا,المعنى المختصر,"<p class=""ql-direction-rtl ql-align-right"">المُبِيْن (واضح کرنے والا) : وہ ذات جس کی وحدانیت واضح اور روشن ہے، جس کا کوئی ساجھی نہیں ہے اور جو اپنے مؤمن بندوں کے لیے حق کو روشن کر دیتا ہے۔ </p>",مطلب,"<p class=""ql-direction-rtl ql-align-right""><span class=""ql-font-vazirmatn""><span class=""ql-cursor"">﻿</span></span></p>"
1491,385,ru,"Аль-Мубин (Явный, Разъясняющий)",المعنى المختصر,"<p class=""ql-direction-rtl ql-align-right"">Аль-Мубин: явный в Своей единственности и в том, что у Него нет сотоварищей, разъясняющий истину Своим рабам. </p>",Значение,"<p class=""ql-direction-rtl ql-align-right""><span class=""ql-font-vazirmatn""><span class=""ql-cursor"">﻿</span></span></p>"
1492,385,hi,अल-मुबीन (स्पष्ट तथा स्पष्ट करने वाला),المعنى المختصر,"<p class=""ql-direction-rtl ql-align-right"">स्पष्ट एवं स्पष्ट करने वाला : जिसके बारे में यह स्पष्ट है कि वह एक है, उसका कोई साझी नहीं है तथा जो अपने बंदों के लिए सत्य को स्पष्ट करता है।</p>",अर्थ,"<p class=""ql-direction-rtl ql-align-right""><span class=""ql-font-vazirmatn""><span class=""ql-cursor"">﻿</span></span></p>"
1493,385,fa,مُبین,المعنى المختصر,"<p class=""ql-direction-rtl ql-align-right"">مُبین: آنکه امر وحدانیتش واضح و آشکار است و شریکی ندارد و حق را برای بندگانش آشکار می سازد.</p>",معنی,"<p class=""ql-direction-rtl ql-align-right""><span class=""ql-font-vazirmatn""><span class=""ql-cursor"">﻿</span></span></p>"
1494,385,id,Al-Mubīn (Maha Menjelaskan),المعنى المختصر,"<p class=""ql-direction-rtl ql-align-right"">Al-Mubīn: Yang jelas keesaan-Nya, tidak ada sekutu bagi-Nya, dan Yang menjelaskan kebenaran bagi hamba-Nya.</p>",Arti,"<p class=""ql-direction-rtl ql-align-right""><span class=""ql-font-vazirmatn""><span class=""ql-cursor"">﻿</span></span></p>"
1495,385,zh,显著的,المعنى المختصر,"<p class=""ql-direction-rtl ql-align-right"">显著的：在真主的独一性方面是明确的，他没有任何匹敌，他给他的仆人阐释了真理。</p>",意义,"<p class=""ql-direction-rtl ql-align-right""><span class=""ql-font-vazirmatn""><span class=""ql-cursor"">﻿</span></span></p>"
1496,385,bn,আল-মুবীন (স্পষ্টকারী),المعنى المختصر,"<p class=""ql-direction-rtl ql-align-right"">আল-মুবীন (স্পষ্টকারী): একত্ববাদের ক্ষেত্রে তার বিষয়টি স্পষ্ট। তার কোন শরীক নাই। যিনি তার বান্দাদের জন্য হককে স্পষ্ট করেন।</p>",অর্থ,"<p class=""ql-direction-rtl ql-align-right""><span class=""ql-font-vazirmatn""><span class=""ql-cursor"">﻿</span></span></p>"
1499,386,pt,O Suficiente (Al-Kafi),O Significado Curto,"<p class=""ql-direction-rtl ql-align-right"">O Suficiente: Aquele que provê para seus servos tudo o que necessitam d'Ele, e Aquele que é suficiente em seu auxílio aos outros e prescinde-se dos outros fora d'Ele.</p>",Significadas,"<p class=""ql-direction-rtl ql-align-right""><span class=""ql-font-vazirmatn""><span class=""ql-cursor"">﻿</span> </span></p>"
1500,386,ur,کافی,المعنى المختصر,"<p class=""ql-direction-rtl ql-align-right"">کافی : جو بندوں کی تمام ضرورتوں کو پورا کرنے کے لیے کافی ہے اور جس کی مدد کے بعد کسی اور کے سہارے کی ضرورت نہیں رہتی۔</p>",مطلب,"<p class=""ql-direction-rtl ql-align-right""><span class=""ql-font-vazirmatn""><span class=""ql-cursor"">﻿</span></span></p>"
1501,386,ru,Аль-Кафи (Обеспечивающий всем необходимым),المعنى المختصر,"<p class=""ql-direction-rtl ql-align-right"">Аль-Кафи: Тот, Кто обеспечивает Своих рабов всем, в чём они нуждаются, благодаря чему они не нуждаются ни в ком ином.</p>",Значение,"<p class=""ql-direction-rtl ql-align-right""><span class=""ql-font-vazirmatn""><span class=""ql-cursor"">﻿</span></span></p>"
1502,386,hi,अल-काफ़ी(किफ़ायत करने वाला),المعنى المختصر,"<p class=""ql-direction-rtl ql-align-right"">किफ़ायत करने वाला अर्थात प्राप्य : जो अकेले बंदों को ज़रूरत की सारी चीज़ें देने के लिए काफ़ी है, जिसकी सहायता के बाद किसी और की सहायता की आवश्यकता नहीं रहती तथा जिसकी सहायता के बाद दूसरों से बेनियाज़ी प्राप्त हो जाती है।</p>",अर्थ,"<p class=""ql-direction-rtl ql-align-right""><span class=""ql-font-vazirmatn""><span class=""ql-cursor"">﻿</span></span></p>"
1503,386,fa,کافی,المعنى المختصر,"<p class=""ql-direction-rtl ql-align-right"">کافی : جو بندوں کی تمام ضرورتوں کو پورا کرنے کے لیے کافی ہے اور جس کی مدد کے بعد کسی اور کے سہارے کی ضرورت نہیں رہتی۔</p>",معنی,"<p class=""ql-direction-rtl ql-align-right""><span class=""ql-font-vazirmatn""><span class=""ql-cursor"">﻿</span> </span></p>"
1504,386,id,Al-Kāfī (Maha Mencukupi),المعنى المختصر,"<p class=""ql-direction-rtl ql-align-right"">Al-Kāfī: Pemberi kecukupan pada semua hamba-Nya di semua kebutuhan mereka; Yang dengan inayat-Nya seseorang tak lagi memerlukan inayat selain-Nya; Dialah satu-satu-Nya yang dibutuhkan tanpa selain-Nya.</p>",Arti,"<p class=""ql-direction-rtl ql-align-right""><span class=""ql-font-vazirmatn""><span class=""ql-cursor"">﻿</span></span></p>"
1505,386,zh,满足的,المعنى المختصر,"<p class=""ql-direction-rtl ql-align-right"">满足的：真主使他的仆人满足于他们所需求的，使仆人以他的援助而无求于其他的，只以真主而满足。</p>",意义,"<p class=""ql-direction-rtl ql-align-right""><span class=""ql-font-vazirmatn""><span class=""ql-cursor"">﻿</span></span></p>"
1506,386,bn,আল-কাফী (যথেষ্ট),المعنى المختصر,"<p class=""ql-direction-rtl ql-align-right"">আল-কাফী (যথেষ্ট): তার বান্দাগণ যে সবের প্রতি মুখাপেক্ষি তার সবকিছুর জন্য তিনিই যথেষ্ট। অন্যদের বাদ দিয়ে তার সাহায্যকে যথেষ্ট বলে মানা যায় এবং তার দ্বারাই তিনি ছাড়া অন্য কারো থেকে মুখ ফিরানো যায়।</p>",অর্থ,"<p class=""ql-direction-rtl ql-align-right""><span class=""ql-font-vazirmatn""><span class=""ql-cursor"">﻿</span></span></p>"
1509,387,pt,O Ímpar (Al-Witr),O Significado Curto,"<p class=""ql-direction-rtl ql-align-right"">O Ímpar: Ele é Único, que não tem parceiro e nem semelhante.</p>",Significadas,"<p class=""ql-direction-rtl ql-align-right""><span class=""ql-font-vazirmatn""><span class=""ql-cursor"">﻿</span> </span></p>"
1510,387,ur,يگانہ,المعنى المختصر,"<p class=""ql-direction-rtl ql-align-right"">الوِتْر (يگانہ) : وہ ذات، جو اکیلی ہے اور اس کا کوئی ساجھی و نظیر نہیں ہے۔ </p>",مطلب,"<p class=""ql-direction-rtl ql-align-right""><span class=""ql-font-vazirmatn""><span class=""ql-cursor"">﻿</span></span></p>"
1511,387,ru,"""Аль-Витр (Единственный, не имеющий пары)  """,المعنى المختصر,"<p class=""ql-direction-rtl ql-align-right"">Аль-Витр: Один, у Которого нет ни сотоварищей, ни подобий.</p>",Значение,"<p class=""ql-direction-rtl ql-align-right""><span class=""ql-font-vazirmatn""><span class=""ql-cursor"">﻿</span></span></p>"
1512,387,hi,अल-वित्र (बेजोड़),المعنى المختصر,"<p class=""ql-direction-rtl ql-align-right"">बेजोड़ : वह एक-अकेला जिसका कोई साझी और समकक्ष न हो। </p>",अर्थ,"<p class=""ql-direction-rtl ql-align-right""><span class=""ql-font-vazirmatn""><span class=""ql-cursor"">﻿</span></span></p>"
1513,387,fa,وِتر,المعنى المختصر,"<p class=""ql-direction-rtl ql-align-right"">وَتر (فرد): آن یگانه ای که شریک و نظیر ندارد.</p>",معنی,"<p class=""ql-direction-rtl ql-align-right""><span class=""ql-font-vazirmatn""><span class=""ql-cursor"">﻿</span></span></p>"
1514,387,id,Al-Witr (Mahatunggal),المعنى المختصر,"<p class=""ql-direction-rtl ql-align-right"">Al-Witr: Yang tunggal, tidak ada sekutu dan tandingan bagi-Nya.</p>",Arti,"<p class=""ql-direction-rtl ql-align-right""><span class=""ql-font-vazirmatn""><span class=""ql-cursor"">﻿</span></span></p>"
1515,387,zh,单独的,المعنى المختصر,"<p class=""ql-direction-rtl ql-align-right"">单数的：真主是独一的，他没有任何匹敌和同类。</p>",意义,"<p class=""ql-direction-rtl ql-align-right""><span class=""ql-font-vazirmatn""><span class=""ql-cursor"">﻿</span></span></p>"
1516,387,bn,আল-বিতর (বে-জোড়),المعنى المختصر,"<p class=""ql-direction-rtl ql-align-right"">আল-বিতর (বে-জোড়): তিনি একক যার কোন শরীক নাই এবং কোন দৃষ্টান্ত নাই।</p>",অর্থ,"<p class=""ql-direction-rtl ql-align-right""><span class=""ql-font-vazirmatn""><span class=""ql-cursor"">﻿</span></span></p>"
1519,388,pt,O Generoso em Sua dádiva (Al-Jawad),O Significado Curto,"<p class=""ql-direction-rtl ql-align-right"">O Generoso em Sua dádiva: Aquele que muito concede e o Seu conceder abrange todas as criaturas.</p>",Significadas,"<p class=""ql-direction-rtl ql-align-right""><span class=""ql-font-vazirmatn""><span class=""ql-cursor"">﻿</span> </span></p>"
1520,388,ur,سخی,المعنى المختصر,"<p class=""ql-direction-rtl ql-align-right"">الجَوَاد (سخی) : جو بڑی داد و دہش کرنے والا ہے اور اس کی دادو دہش کے دائرے سے کائنات کی کوئی چیز باہر نہیں ہے۔</p>",مطلب,"<p class=""ql-direction-rtl ql-align-right""><span class=""ql-font-vazirmatn""><span class=""ql-cursor"">﻿</span></span></p>"
1521,388,ru,Аль-Джавад (Щедрый),المعنى المختصر,"<p class=""ql-direction-rtl ql-align-right"">Аль-Джавад: щедро дарующий, объемлющий Своим даянием все творения.</p>",Значение,"<p class=""ql-direction-rtl ql-align-right""><span class=""ql-font-vazirmatn""><span class=""ql-cursor"">﻿</span></span></p>"
1522,388,hi,अल-जवाद (सबसे बड़ा दानी),المعنى المختصر,"<p class=""ql-direction-rtl ql-align-right"">सबसे बड़ा दानी :सबसे बड़ा दाता और महादानी जिसके इस गुण का लाभ सारी कायनात उठा रही है।</p>",अर्थ,"<p class=""ql-direction-rtl ql-align-right""><span class=""ql-font-vazirmatn""><span class=""ql-cursor"">﻿</span></span></p>"
1523,388,fa,جَواد,المعنى المختصر,"<p class=""ql-direction-rtl ql-align-right"">آن که عطایش بسیار است و همهٔ کائنات را در بر گرفته است.</p>",معنی,"<p class=""ql-direction-rtl ql-align-right""><span class=""ql-font-vazirmatn""><span class=""ql-cursor"">﻿</span></span></p>"
1524,388,id,Al-Jawād (Mahadermawan),المعنى المختصر,"<p class=""ql-direction-rtl ql-align-right"">Al-Jawād: Maha Pemberi karunia yang mencakup semua makhluk.</p>",Arti,"<p class=""ql-direction-rtl ql-align-right""><span class=""ql-font-vazirmatn""><span class=""ql-cursor"">﻿</span></span></p>"
1525,388,zh,慷慨的,المعنى المختصر,"<p class=""ql-direction-rtl ql-align-right"">慷慨的：给予很多，他的给予涵盖万物。</p>",意义,"<p class=""ql-direction-rtl ql-align-right""><span class=""ql-font-vazirmatn""><span class=""ql-cursor"">﻿</span></span></p>"
1526,388,bn,আল-জাওয়াদ (মহান দাতা),المعنى المختصر,"<p class=""ql-direction-rtl ql-align-right"">আল-জাওয়াদ (মহান দাতা): অধিক অনুদানকারী যিনি তার অনুদান দ্বারা সমগ্র জগৎকে শামিল করেন।</p>",অর্থ,"<p class=""ql-direction-rtl ql-align-right""><span class=""ql-font-vazirmatn""><span class=""ql-cursor"">﻿</span></span></p>"
1529,389,pt,O Terno (Ar-Rafíq),O Significado Curto,"<p class=""ql-direction-rtl ql-align-right"">O Terno: Aquele que é ameno nos assuntos, é gradativo neles, Aquele que não se apressa na punição dos desobedientes (pecadores).</p>",Significadas,"<p class=""ql-direction-rtl ql-align-right""><span class=""ql-font-vazirmatn""><span class=""ql-cursor"">﻿</span> </span></p>"
1530,389,ur,نرمی سے کام لینے والا,المعنى المختصر,"<p class=""ql-direction-rtl ql-align-right"">الرَّفِيْق (نرمی سے کام لینے والا) : تمام معاملوں میں نرمی سے کام لینے اور ڈھیل دینے والا، جو نافرمانوں کو سزا دینے میں جلدی نہیں کرتا۔</p>",مطلب,"<p class=""ql-direction-rtl ql-align-right""><span class=""ql-font-vazirmatn""><span class=""ql-cursor"">﻿</span></span></p>"
1531,389,ru,"Ар-Рафик (Мягкий, Добрый)",المعنى المختصر,"<p class=""ql-direction-rtl ql-align-right"">Ар-Рафик: степенный и неторопливый в делах, не спешащий наказывать ослушников.</p>",Значение,"<p class=""ql-direction-rtl ql-align-right""><span class=""ql-font-vazirmatn""><span class=""ql-cursor"">﻿</span></span></p>"
1532,389,hi,अर-रफ़क़(नरमी करने वाला),المعنى المختصر,"<p class=""ql-direction-rtl ql-align-right"">नरमी करने वाला : सारे मामलों में नरमी से काम लेने वाला, जो अवज्ञाकारियों को सज़ा देने में जल्दी नहीं करता।</p>",अर्थ,"<p class=""ql-direction-rtl ql-align-right""><span class=""ql-font-vazirmatn""><span class=""ql-cursor"">﻿</span></span></p>"
1533,389,fa,رَفیق,المعنى المختصر,"<p class=""ql-direction-rtl ql-align-right"">رفیق: آنکه در کارها اهل تأنی است و کارها را مرحله به مرحله به آرامی به پیش می برد و در مجازات سرکشان عجله نمی کند.</p>",معنی,"<p class=""ql-direction-rtl ql-align-right""><span class=""ql-font-vazirmatn""><span class=""ql-cursor"">﻿</span></span></p>"
1534,389,id,Ar-Rafīq (Mahalembut),المعنى المختصر,"<p class=""ql-direction-rtl ql-align-right"">Ar-Rafīq: Yang Mahalembut dan bertahap secara perlahan dalam segala urusan, dan tidak terburu-buru dalam menghukum para pelaku maksiat.</p>",Arti,"<p class=""ql-direction-rtl ql-align-right""><span class=""ql-font-vazirmatn""><span class=""ql-cursor"">﻿</span></span></p>"
1535,389,zh,和蔼的,المعنى المختصر,"<p class=""ql-direction-rtl ql-align-right"">和蔼的：在事务中温和并循序渐进的主，不急于惩罚犯罪的主。</p>",意义,"<p class=""ql-direction-rtl ql-align-right""><span class=""ql-font-vazirmatn""><span class=""ql-cursor"">﻿</span></span></p>"
1536,389,bn,আর-রফীক (নমনীয়তা প্রদর্শনকারী),المعنى المختصر,"<p class=""ql-direction-rtl ql-align-right"">আর-রফীক (নমনীয়তা প্রদর্শনকারী): যাবতীয় কমে ধীরস্থিরতা অবলম্বনকারী। আস্তে আস্তে অগ্রসরমান। অপরাধীদের শাস্তি দানে তাড়াহুড়া করেন না। </p>",অর্থ,"<p class=""ql-direction-rtl ql-align-right""><span class=""ql-font-vazirmatn""><span class=""ql-cursor"">﻿</span></span></p>"
1539,390,pt,O Senhor (As-Sayid),O Significado Curto,"<p class=""ql-direction-rtl ql-align-right"">O Senhor: o Senhor, o Soberano, Dono da verdadeira nobreza, Aquele para o qual a criatura volta-se nos assuntos mundanos e do Além. </p>",Significadas,"<p class=""ql-direction-rtl ql-align-right""><span class=""ql-font-vazirmatn""><span class=""ql-cursor"">﻿</span> </span></p>"
1540,390,ur,سردار,المعنى المختصر,"<p class=""ql-direction-rtl ql-align-right"">السَّيِّد (سردار) : رب، مالک اور حقیقی سردار، جس کی جانب ساری مخلوقات دنیا اور آخرت کے تمام معاملوں میں رجوع کرتی ہیں۔</p>",مطلب,"<p class=""ql-direction-rtl ql-align-right""><span class=""ql-font-vazirmatn""><span class=""ql-cursor"">﻿</span></span></p>"
1541,390,ru,Ас-Сеййид (Господин),المعنى المختصر,"<p class=""ql-direction-rtl ql-align-right"">Ас-Сеййид: господин и властелин, обладатель истинного Господства, к которому обращаются все творения в делах мирских и связанных с миром вечным.</p>",Значение,"<p class=""ql-direction-rtl ql-align-right""><span class=""ql-font-vazirmatn""><span class=""ql-cursor"">﻿</span></span></p>"
1542,390,hi,अस-सय्यिद (सरदार),المعنى المختصر,"<p class=""ql-direction-rtl ql-align-right"">सरदार : पालनहार, मालिक तथा वास्तविक सरदार (प्रमुख), जिसकी ओर दुनिया तथा आख़िरत से संबंधित सारे मामलों में सारी सृष्टियाँ लौटती हैं।</p>",अर्थ,"<p class=""ql-direction-rtl ql-align-right""><span class=""ql-font-vazirmatn""><span class=""ql-cursor"">﻿</span></span></p>"
1543,390,fa,سیّد,المعنى المختصر,"<p class=""ql-direction-rtl ql-align-right"">سید (سرور): پروردگار و مالک، صاحب سروری حقیقی، آنکه آفریدگان در امور دنیا و آخرت به او رجوع می کنند.</p>",معنی,"<p class=""ql-direction-rtl ql-align-right""><span class=""ql-font-vazirmatn""><span class=""ql-cursor"">﻿</span></span></p>"
1544,390,id,As-Sayyid (Yang Maha Dipertuan),المعنى المختصر,"<p class=""ql-direction-rtl ql-align-right"">As-Sayyid: Tuhan, Yang Maha Memiliki, Yang dipertuan secara hakiki, dan hanya kepada-Nya semua makhluk kembali dalam semua urusan dunia dan akhirat.</p>",Arti,"<p class=""ql-direction-rtl ql-align-right""><span class=""ql-font-vazirmatn""><span class=""ql-cursor"">﻿</span></span></p>"
1545,390,zh,主人,المعنى المختصر,"<p class=""ql-direction-rtl ql-align-right"">主人：养育者，掌管者，事实上的最高权利所有者，人们在今后两世的事务都归于真主。</p>",意义,"<p class=""ql-direction-rtl ql-align-right""><span class=""ql-font-vazirmatn""><span class=""ql-cursor"">﻿</span></span></p>"
1546,390,bn,"আস-সায়্যিদ (সরদার, নেতা)",المعنى المختصر,"<p class=""ql-direction-rtl ql-align-right"">আস-সায়্যিদ (সরদার, নেতা): রব, মালিক। প্রকৃত নেতৃত্বের অধিকারী। দুনিয়া ও আখিরাতের যাবতীয় বিষয়ে মাখলুক তার দিকেই ফিরে যায়।</p>",অর্থ,"<p class=""ql-direction-rtl ql-align-right""><span class=""ql-font-vazirmatn""><span class=""ql-cursor"">﻿</span></span></p>"
1549,391,pt,O Glorificado (As-Subbúh),O Significado Curto,"<p class=""ql-direction-rtl ql-align-right"">O Glorificado: Aquele que é livre de toda imperfeição e defeito, Aquele que é santificado e exaltado por todos que estão nos céus e na terra.</p>",Significadas,"<p class=""ql-direction-rtl ql-align-right""><span class=""ql-font-vazirmatn""><span class=""ql-cursor"">﻿</span> </span></p>"
1550,391,ur,ہر عیب سے پاک,المعنى المختصر,"<p class=""ql-direction-rtl ql-align-right"">السُّبُّوْح (ہر عیب سے پاک) : جو ساری خامیوں اور عیبوں سے پاک ہے اور آسمانوں اور زمین کی ساری چیزیں جس کی پاکی بیان کرتی ہیں۔</p>",مطلب,"<p class=""ql-direction-rtl ql-align-right""><span class=""ql-font-vazirmatn""><span class=""ql-cursor"">﻿</span></span></p>"
1551,391,ru,"Ас-Суббух (Совершенный, Святой)",المعنى المختصر,"<p class=""ql-direction-rtl ql-align-right"">Ас-Суббух: Свободный от недостатков и пороков, Тот, Чью святость и совершенство признают все, кто на небесах и на земле.</p>",Значение,"<p class=""ql-direction-rtl ql-align-right""><span class=""ql-font-vazirmatn""><span class=""ql-cursor"">﻿</span></span></p>"
1552,391,hi,अस-सुब्बूह़ (अति पवित्र),المعنى المختصر,"<p class=""ql-direction-rtl ql-align-right"">अति पवित्र : हर प्रकार की कमी और अवगुण से पवित्र, जिसकी पवित्रता आकाशों और धरती की सारी चीज़ें बयान करती हैं।</p>",अर्थ,"<p class=""ql-direction-rtl ql-align-right""><span class=""ql-font-vazirmatn""><span class=""ql-cursor"">﻿</span></span></p>"
1553,391,fa,سُبّوح,المعنى المختصر,"<p class=""ql-direction-rtl ql-align-right"">سُبّوح: منزه از هرگونه نقص و عیب، که هر کس در آسمانها و زمین است او را تقدیس می گوید و از عیب و نقص پاک می داند.</p>",معنی,"<p class=""ql-direction-rtl ql-align-right""><span class=""ql-font-vazirmatn""><span class=""ql-cursor"">﻿</span></span></p>"
1554,391,id,As-Subbūḥ (Mahasuci),المعنى المختصر,"<p class=""ql-direction-rtl ql-align-right"">As-Subbūḥ: Yang suci dari kekurangan dan cacat, serta diagungkan dan disucikan oleh semua yang ada di langit dan bumi.</p>",Arti,"<p class=""ql-direction-rtl ql-align-right""><span class=""ql-font-vazirmatn""><span class=""ql-cursor"">﻿</span></span></p>"
1555,391,zh,清静的,المعنى المختصر,"<p class=""ql-direction-rtl ql-align-right"">清静的：没有任何缺点和瑕疵的主，天地间的一切都赞他清净。</p>",意义,"<p class=""ql-direction-rtl ql-align-right""><span class=""ql-font-vazirmatn""><span class=""ql-cursor"">﻿</span></span></p>"
1556,391,bn,আস-সুব্বূহ (পুত-পবিত্র),المعنى المختصر,"<p class=""ql-direction-rtl ql-align-right"">আস-সুব্বূহ (পুত-পবিত্র): যিনি সব ধরনের দোষ-ত্রুটি ও দুর্বলতা থেকে পবিত্র। আসমান ও যমীনে যা কিছু আছে সবকিছুই তার পবিত্রতা বর্ণনা করে।</p>",অর্থ,"<p class=""ql-direction-rtl ql-align-right""><span class=""ql-font-vazirmatn""><span class=""ql-cursor"">﻿</span></span></p>"
1559,392,pt,O Retribuidor (Al-Shákr),O Significado Curto,"<p class=""ql-direction-rtl ql-align-right"">O Retribuidor: Elogia e enaltece quem O adora, recompensa a ação pela sua obediência acima daquilo que merece.</p>",Significadas,"<p class=""ql-direction-rtl ql-align-right""><span class=""ql-font-vazirmatn""><span class=""ql-cursor"">﻿</span> </span></p>"
1560,392,ur,قدردان,المعنى المختصر,"<p class=""ql-direction-rtl ql-align-right"">الشَّاكِر (قدردان) : جو اپنے اطاعت گزاروں کی تعریف کرتا ہے اور انھیں ان کی اطاعت کا بدلہ ان کے استحقاق سے زیادہ دیتا ہے۔</p>",مطلب,"<p class=""ql-direction-rtl ql-align-right""><span class=""ql-font-vazirmatn""><span class=""ql-cursor"">﻿</span></span></p>"
1561,392,ru,Аш-Шакир (Благодарящий),المعنى المختصر,"<p class=""ql-direction-rtl ql-align-right"">Аш-Шакир: хвалящий того, кто покорен Ему, и вознаграждающий его за его покорность больше, чем тот заслуживает. </p>",Значение,"<p class=""ql-direction-rtl ql-align-right""><span class=""ql-font-vazirmatn""><span class=""ql-cursor"">﻿</span></span></p>"
1562,392,hi,अश-शाकिर (प्रशंसक और सबसे अच्छा बदला लेने वाला),المعنى المختصر,"<p class=""ql-direction-rtl ql-align-right"">अश-शाकिर (प्रशंसक और सबसे अच्छा बदला लेने वाला) : अपने आज्ञाकारी बंदों की प्रशंसा एवं तारीफ़ करने वाला और उन्हें उनके आज्ञापालन का अधिकार से कहीं अधिक प्रतिफल देने वाला।</p>",अर्थ,"<p class=""ql-direction-rtl ql-align-right""><span class=""ql-font-vazirmatn""><span class=""ql-cursor"">﻿</span></span></p>"
1563,392,fa,شاکر,المعنى المختصر,"<p class=""ql-direction-rtl ql-align-right"">شاکِر: اوست که دهنده را ستایش می کند و برای طاعتش عطایی به او می بخشد که بیشتر از شایستگی اوست.</p>",معنی,"<p class=""ql-direction-rtl ql-align-right""><span class=""ql-font-vazirmatn""><span class=""ql-cursor"">﻿</span></span></p>"
1564,392,id,Asy-Syākir (Maha Mensyukuri),المعنى المختصر,"<p class=""ql-direction-rtl ql-align-right"">Asy-Syākir: Yang memuji dan menyanjung setiap yang menaati-Nya, serta memberinya pahala atas ketaatannya dengan kadar pahala yang lebih dari kadar haknya.</p>",Arti,"<p class=""ql-direction-rtl ql-align-right""><span class=""ql-font-vazirmatn""><span class=""ql-cursor"">﻿</span></span></p>"
1565,392,zh,感谢的主,المعنى المختصر,"<p class=""ql-direction-rtl ql-align-right"">感谢的主：对于顺从他者予以赞扬和夸奖，并赐予超出他的所行善功的回赐。 </p>",意义,"<p class=""ql-direction-rtl ql-align-right""><span class=""ql-font-vazirmatn""><span class=""ql-cursor"">﻿</span></span></p>"
1566,392,bn,আশ-শাকির (গুণগানকারী),المعنى المختصر,"<p class=""ql-direction-rtl ql-align-right"">আশ-শাকির (গুণগানকারী): যিনি তার আনুগত্য করে তার প্রসংশাকারী, গুণগ্রাহী। তার আনুগত্যের ওপর উপযুক্ত পাওনার চেয়েও অধিক সাওয়াব দানকারী।</p>",অর্থ,"<p class=""ql-direction-rtl ql-align-right""><span class=""ql-font-vazirmatn""><span class=""ql-cursor"">﻿</span></span></p>"
1569,393,pt,O Puro (At-Tayib),O Significado Curto,"<p class=""ql-direction-rtl ql-align-right"">O Puro: Ele, o Altíssimo é puro e livre de todas as imperfeições e defeitos.</p>",Significadas,"<p class=""ql-direction-rtl ql-align-right""><span class=""ql-font-vazirmatn""><span class=""ql-cursor"">﻿</span> </span></p>"
1570,393,ur,طیب,المعنى المختصر,"<p class=""ql-direction-rtl ql-align-right"">طیب : یعنی اللہ تمام کمیوں، خامیوں اور عیبوں سے پاک ہے۔</p>",مطلب,"<p class=""ql-direction-rtl ql-align-right""><span class=""ql-font-vazirmatn""><span class=""ql-cursor"">﻿</span></span></p>"
1571,393,ru,Ат-Таййиб (Благой),المعنى المختصر,"<p class=""ql-direction-rtl ql-align-right"">Ат-Таййиб: это имя означает, что Всевышний Аллах свят и свободен от любых недостатков и изъянов.</p>",Значение,"<p class=""ql-direction-rtl ql-align-right""><span class=""ql-font-vazirmatn""><span class=""ql-cursor"">﻿</span></span></p>"
1572,393,hi,अत-तय्यिब (पवित्र),المعنى المختصر,"<p class=""ql-direction-rtl ql-align-right"">पाक : यानी अल्लाह हर कमी और अवगुण से पाक है।</p>",अर्थ,"<p class=""ql-direction-rtl ql-align-right""><span class=""ql-font-vazirmatn""><span class=""ql-cursor"">﻿</span></span></p>"
1573,393,fa,طَیِّب,المعنى المختصر,"<p class=""ql-direction-rtl ql-align-right"">طَیّب: یعنی آنکه او تعالی، از همهٔ نقصها و عیبها مقدس (پاک) و منزه است.</p>",معنی,"<p class=""ql-direction-rtl ql-align-right""><span class=""ql-font-vazirmatn""><span class=""ql-cursor"">﻿</span></span></p>"
1574,393,id,Aṭ-Ṭayyib (Mahabaik),المعنى المختصر,"<p class=""ql-direction-rtl ql-align-right"">Aṭ-Ṭayyib: Allah -Ta'ālā- diagungkan dan disucikan dari seluruh kekurangan dan cacat.</p>",Arti,"<p class=""ql-direction-rtl ql-align-right""><span class=""ql-font-vazirmatn""><span class=""ql-cursor"">﻿</span></span></p>"
1575,393,zh,美好的,المعنى المختصر,"<p class=""ql-direction-rtl ql-align-right""><span class=""ql-font-vazirmatn""><span class=""ql-cursor"">﻿</span></span>美好的：意思就是崇高的真主神圣纯洁于一切缺点和瑕疵。</p>",意义,"<p class=""ql-direction-rtl ql-align-right""><span class=""ql-font-vazirmatn""><span class=""ql-cursor"">﻿</span> </span></p>"
1576,393,bn,আত-তায়্যিব (পবিত্র),المعنى المختصر,"<p class=""ql-direction-rtl ql-align-right"">আত-তায়্যিব (পবিত্র): আল্লাহ তা‘আলা সব ধরনের দোষ-ত্রুটি ও দুর্বলতা থেকে পবিত্র।</p>",অর্থ,"<p class=""ql-direction-rtl ql-align-right""><span class=""ql-font-vazirmatn""><span class=""ql-cursor"">﻿</span></span></p>"
1579,394,pt,O Puro (At-Tayib),O Significado Curto,"<p class=""ql-direction-rtl ql-align-right"">O Puro: Ele, o Altíssimo é puro e livre de todas as imperfeições e defeitos.</p>",Significadas,"<p class=""ql-direction-rtl ql-align-right""><span class=""ql-font-vazirmatn""><span class=""ql-cursor"">﻿</span> </span></p>"
1580,394,ur,اعلی,المعنى المختصر,"<p class=""ql-direction-rtl ql-align-right"">اعلی : اللہ کا ایسا نام جو بلندی و برتری کے تمام معانی کو اللہ کے لیے ثابت کرنے پر دلالت کرتا ہے۔ ذات کے اعتبار سے بھی اور مقام و مرتبے اور طاقت و قوت کے اعتبار سے بھی۔</p>",مطلب,"<p class=""ql-direction-rtl ql-align-right""><span class=""ql-font-vazirmatn""><span class=""ql-cursor"">﻿</span></span></p>"
1581,394,ru,"Аль-А‘ля (Всевышний, Высочайший)",المعنى المختصر,"<p class=""ql-direction-rtl ql-align-right"">Аль-А‘ля: имя, указывающее на то, что Аллаху присуща возвышенность во всех её формах и проявлениях: возвышенность Сущности, возвышенность положения, возвышенность одолевания.</p>",Значение,"<p class=""ql-direction-rtl ql-align-right""><span class=""ql-font-vazirmatn""><span class=""ql-cursor"">﻿</span></span></p>"
1582,394,hi,अल-अअ'ला (सर्वोच्च),المعنى المختصر,"<p class=""ql-direction-rtl ql-align-right"">अल-अअ'ला (सर्वोच्च) यह नाम अल्लाह के लिए हर तरह की बुलंदी को सिद्ध करता है, ज़ात, सम्मान तथा आधिपत्य की। </p>",अर्थ,"<p class=""ql-direction-rtl ql-align-right""><span class=""ql-font-vazirmatn""><span class=""ql-cursor"">﻿</span></span></p>"
1583,394,fa,اَعلیٰ,المعنى المختصر,"<p class=""ql-direction-rtl ql-align-right"">اَعلیٰ: نامی است دال بر ثبوب همهٔ معانی عُلُو (بلندی ذات و جایگاه) از همهٔ وجوه: بلندی ذات و بلندی قَدر و بلندی قهر.</p>",معنی,"<p class=""ql-direction-rtl ql-align-right""><span class=""ql-font-vazirmatn""><span class=""ql-cursor"">﻿</span></span></p>"
1584,394,id,Al-A'lā (Mahatinggi),المعنى المختصر,"<p class=""ql-direction-rtl ql-align-right"">Al-A'lā: nama yang menetapkan semua makna ketinggian bagi Allah dari semua sisi; ketinggian zat, ketinggian kedudukan, dan ketinggian kekuasaan. </p>",Arti,"<p class=""ql-direction-rtl ql-align-right""><span class=""ql-font-vazirmatn""><span class=""ql-cursor"">﻿</span></span></p>"
1585,394,zh,至高的主,المعنى المختصر,"<p class=""ql-direction-rtl ql-align-right"">至高的主：该名称证明各个方面真主之高的所有意义，即本体之高、地位之高、权利之高。</p>",意义,"<p class=""ql-direction-rtl ql-align-right""><span class=""ql-font-vazirmatn""><span class=""ql-cursor"">﻿</span></span></p>"
1586,394,bn,আল-আলা (সু-উচ্চ ও মহান),المعنى المختصر,"<p class=""ql-direction-rtl ql-align-right"">আল-আলা (সু-উচ্চ ও মহান): এমন একটি নাম যেটি সবদিক দিয়ে আল্লাহর জন্য যাবতীয় উচ্চতা সাব্যস্ত হওয়ার ওপর প্রমাণ বহন করে।</p>",অর্থ,"<p class=""ql-direction-rtl ql-align-right""><span class=""ql-font-vazirmatn""><span class=""ql-cursor"">﻿</span></span></p>"
1589,395,pt,O Onipotente (Al-Qadir),O Significado Curto,"<p class=""ql-direction-rtl ql-align-right"">O Onipotente: é Quem possui o poder perfeito que não demonstra incapacidade e nem relaxamento.</p>",Significadas,"<p class=""ql-direction-rtl ql-align-right""><span class=""ql-font-vazirmatn""><span class=""ql-cursor"">﻿</span> </span></p>"
1590,395,ur,قدرت والا,المعنى المختصر,"<p class=""ql-direction-rtl ql-align-right"">القَدِيْرُ (قدرت والا) : جو کامل قدرت کا مالک ہے اور اس کے اندر بے بسی و کوتاہ دستی کا شائبہ تک نہیں ہے۔</p>",مطلب,"<p class=""ql-direction-rtl ql-align-right""><span class=""ql-font-vazirmatn""><span class=""ql-cursor"">﻿</span></span></p>"
1591,395,ru,Аль-Кадир (Всемогущий),المعنى المختصر,"<p class=""ql-direction-rtl ql-align-right"">Аль-Кадир: Способный на всё, Которому не свойственна слабость или расслабленность.</p>",Значение,"<p class=""ql-direction-rtl ql-align-right""><span class=""ql-font-vazirmatn""><span class=""ql-cursor"">﻿</span></span></p>"
1592,395,hi,अल-क़दीर (सामर्थ्यवान),المعنى المختصر,"<p class=""ql-direction-rtl ql-align-right"">सामर्थ्यवान : पूर्ण सामर्थ्य वाला, जो न विवश होता हो और न थकता हो।</p>",अर्थ,"<p class=""ql-direction-rtl ql-align-right""><span class=""ql-font-vazirmatn""><span class=""ql-cursor"">﻿</span></span></p>"
1593,395,fa,قَدیر,المعنى المختصر,"<p class=""ql-direction-rtl ql-align-right"">قَدیر: آنکه دارای قدرتِ کامل است و هیچ ناتوانی یا سستی به آن راه نمی یابد. </p>",معنی,"<p class=""ql-direction-rtl ql-align-right""><span class=""ql-font-vazirmatn""><span class=""ql-cursor"">﻿</span></span></p>"
1594,395,id,Al-Qadīr (Mahakuasa),المعنى المختصر,"<p class=""ql-direction-rtl ql-align-right""><span class=""ql-font-vazirmatn""><span class=""ql-cursor"">﻿</span></span>Al-Qadīr: Pemilik kekuasaan sempurna yang tidak dihinggapi kelemahan dan keletihan.</p>",Arti,"<p class=""ql-direction-rtl ql-align-right""><span class=""ql-font-vazirmatn""><span class=""ql-cursor"">﻿</span> </span></p>"
1595,395,zh,全能的,المعنى المختصر,"<p class=""ql-direction-rtl ql-align-right"">全能的：他是具有完美能力的主，任何无能和松懈不能侵犯他。 </p>",意义,"<p class=""ql-direction-rtl ql-align-right""><span class=""ql-font-vazirmatn""><span class=""ql-cursor"">﻿</span> </span></p>"
1596,395,bn,আল-কাদীর (সর্ব শক্তিমান),المعنى المختصر,"<p class=""ql-direction-rtl ql-align-right"">আল-কাদীর (সর্ব শক্তিমান): যিনি পরিপূর্ণ ক্ষমতার অধিকারী যার ক্ষমতায় কখনো অক্ষমতা ও কোন দূর্বলতা আসে না।</p>",অর্থ,"<p class=""ql-direction-rtl ql-align-right""><span class=""ql-font-vazirmatn""><span class=""ql-cursor"">﻿</span></span></p>"
1599,396,pt,O Abarcador (Al-Muhit),O Significado Curto,"<p class=""ql-direction-rtl ql-align-right"">O Abarcador: nome que indica a alteza de Allah sobre suas criaturas, e Ele abarca todas as coisas através da sua ciência, poder e domínio.</p>",Significadas,"<p class=""ql-direction-rtl ql-align-right""><span class=""ql-font-vazirmatn""><span class=""ql-cursor"">﻿</span> </span></p>"
1600,396,ur,احاطہ کرنے والا,المعنى المختصر,"<p class=""ql-direction-rtl ql-align-right"">احاطہ کرنے والا : اللہ کا یہ نام یہ بتلاتا ہے کہ وہ اپنی مخلوق سے بلند و بالا ہے اور کائنات کی ساری چیزیں اس کے علم، قدرت اور غلبہ کے دائرے میں ہیں۔</p>",مطلب,"<p class=""ql-direction-rtl ql-align-right""><span class=""ql-font-vazirmatn""><span class=""ql-cursor"">﻿</span></span></p>"
1601,396,ru,Аль-Мухит (Всеобъемлющий),المعنى المختصر,"<p class=""ql-direction-rtl ql-align-right"">Аль-Мухит: имя, указывающее на возвышенность Аллаха над Его творениями и на то, что Он объемлет всякую вещь знанием, могуществом и одолеванием.</p>",Значение,"<p class=""ql-direction-rtl ql-align-right""><span class=""ql-font-vazirmatn""><span class=""ql-cursor"">﻿</span></span></p>"
1602,396,hi,अल-मुह़ीत (सब को अपने घेरे में रखने वाला),المعنى المختصر,"<p class=""ql-direction-rtl ql-align-right"">सब को अपने घेरे में रखने वाला : अल्लाह का एक नाम, जो यह बतलाता है कि वह अपनी सृष्टि से ऊँचा है और ज्ञान, सामर्थ्य और पराक्रम द्वारा हर वस्तू को अपने घेरे में ले रखा है।</p>",अर्थ,"<p class=""ql-direction-rtl ql-align-right""><span class=""ql-font-vazirmatn""><span class=""ql-cursor"">﻿</span></span></p>"
1603,396,fa,مُحیط,المعنى المختصر,"<p class=""ql-direction-rtl ql-align-right"">مُحیط (فراگیر): نامی است دال بر برتری و بالا بودن الله بر بندگانش و احاطه اش بر همه چیز با علم و قدرت و چیرگی. </p>",معنی,"<p class=""ql-direction-rtl ql-align-right""><span class=""ql-font-vazirmatn""><span class=""ql-cursor"">﻿</span></span></p>"
1604,396,id,Al-Muḥīṭ (Maha Meliputi),المعنى المختصر,"<p class=""ql-direction-rtl ql-align-right"">Al-Muḥīṭ: nama yang menunjukkan ketinggian Allah di atas makhluk-makhluk-Nya, dan bahwa ilmu dan kekuasaan-Nya meliputi segala sesuatu.</p>",Arti,"<p class=""ql-direction-rtl ql-align-right""><span class=""ql-font-vazirmatn""><span class=""ql-cursor"">﻿</span></span></p>"
1605,396,zh,周知的,المعنى المختصر,"<p class=""ql-direction-rtl ql-align-right"">周知的：证明真主高于一切的名称，他的知识、能力和权利包围一切。</p>",意义,"<p class=""ql-direction-rtl ql-align-right""><span class=""ql-font-vazirmatn""><span class=""ql-cursor"">﻿</span></span></p>"
1606,396,bn,আল-মুহীত (পরিবেষ্টনকারী),المعنى المختصر,"<p class=""ql-direction-rtl ql-align-right"">আল-মুহীত (পরিবেষ্টনকারী): এমন একটি নাম যা মাখলুকের ওপর আল্লাহর উচ্চতা এবং প্রতিটি বস্তুকে ইলম, কুদরাত ও ক্ষমতা দ্বারা তার পরিবেষ্টনকে বুঝায়।</p>",অর্থ,"<p class=""ql-direction-rtl ql-align-right""><span class=""ql-font-vazirmatn""><span class=""ql-cursor"">﻿</span></span></p>"
1609,397,pt,O Mais Generoso (Al-Akram),O Significado Curto,"<p class=""ql-direction-rtl ql-align-right"">O Mais Generoso: Aquele que concede e oferece demasiadamente, Aquele que todo o bem está em Suas mãos e todo o bem provém d'Ele - Glorificado seja.</p>",Significadas,"<p class=""ql-direction-rtl ql-align-right""><span class=""ql-font-vazirmatn""><span class=""ql-cursor"">﻿</span> </span></p>"
1610,397,ur,بڑا کریم,المعنى المختصر,"<p class=""ql-direction-rtl ql-align-right"">الأَكْرَم (بڑا کریم) : بڑی بھلائی اور نوازش کا مالک، جس کے ہاتھ میں ساری بھلائیاں ہیں اور اسی کی جانب سے ہر خیر ملتی ہے۔</p>",مطلب,"<p class=""ql-direction-rtl ql-align-right""><span class=""ql-font-vazirmatn""><span class=""ql-cursor"">﻿</span></span></p>"
1611,397,ru,Аль-Акрам (Наищедрейший),المعنى المختصر,"<p class=""ql-direction-rtl ql-align-right"">Аль-Акрам: Имеющий и дарующий много блага, Тот, в Чьей руке всё благо, и всякое благо исходит от Него, Всевышнего.</p>",Значение,"<p class=""ql-direction-rtl ql-align-right""><span class=""ql-font-vazirmatn""><span class=""ql-cursor"">﻿</span></span></p>"
1612,397,hi,अल-अकरम (दानशील तथा बड़ी भलाई वाला),المعنى المختصر,"<p class=""ql-direction-rtl ql-align-right"">दानशील तथा बड़ी भलाई वाला: बड़ी भलाई वाला और दान करने वाला, जिसके हाथ में सारी भलाई है और सारी भलाइयाँ जिसकी ओर से प्राप्त होती हैं।</p>",अर्थ,"<p class=""ql-direction-rtl ql-align-right""><span class=""ql-font-vazirmatn""><span class=""ql-cursor"">﻿</span></span></p>"
1613,397,fa,اَکرَم,المعنى المختصر,"<p class=""ql-direction-rtl ql-align-right"">اَکرَم: آنکه خیر و عطایش بسیار است و همهٔ خیر به دست اوست و هر خیر و خوبی از سوی او سبحانه و تعالی است.</p>",معنی,"<p class=""ql-direction-rtl ql-align-right""><span class=""ql-font-vazirmatn""><span class=""ql-cursor"">﻿</span></span></p>"
1614,397,id,Al-Akram (Mahamulia),المعنى المختصر,"<p class=""ql-direction-rtl ql-align-right"">Al-Akram: Pemilik banyak kebaikan dan karunia, Yang seluruh kebaikan ada di Tangan-Nya, dan dari-Nyalah semua kebaikan berasal.</p>",Arti,"<p class=""ql-direction-rtl ql-align-right""><span class=""ql-font-vazirmatn""><span class=""ql-cursor"">﻿</span></span></p>"
1615,397,zh,最慷慨的,المعنى المختصر,"<p class=""ql-direction-rtl ql-align-right"">最慷慨的：赋予许多福利和馈赠的主，掌握着所有好处的主，所有的好处都源自崇高的主。</p>",意义,"<p class=""ql-direction-rtl ql-align-right""><span class=""ql-font-vazirmatn""><span class=""ql-cursor"">﻿</span></span></p>"
1616,397,bn,আল-আকরাম (অতি দয়াবান),المعنى المختصر,"<p class=""ql-direction-rtl ql-align-right"">আল-আকরাম (অতি দয়াবান): অধিক দয়াবান ও অনুদানকারী। যার হাতে রয়েছে যাবতীয় সব কল্যাণ আর সব কল্যাণ তার থেকেই।</p>",অর্থ,"<p class=""ql-direction-rtl ql-align-right""><span class=""ql-font-vazirmatn""><span class=""ql-cursor"">﻿</span></span></p>"
1619,398,pt,A Divindade (Al-Ilah),O Significado Curto,"<p class=""ql-direction-rtl ql-align-right"">A Divindade: O que reúne todos atributos de perfeição e denominações de majestade, o adorado cujo ninguém merece a adoração exceto Ele.</p>",Significadas,"<p class=""ql-direction-rtl ql-align-right""><span class=""ql-font-vazirmatn""><span class=""ql-cursor"">﻿</span> </span></p>"
1620,398,ur,معبود,المعنى المختصر,"<p class=""ql-direction-rtl ql-align-right"">الإِلَه (معبود) : یہ ایک ایسا کلمہ ہے، جو کمال و جلال کے تمام اوصاف کا جامع ہے اور ایسے معبود کی نشان دہی کرتا ہے، جس کے سوا کوئی عبادت کے لائق نہیں ہے۔</p>",مطلب,"<p class=""ql-direction-rtl ql-align-right""><span class=""ql-font-vazirmatn""><span class=""ql-cursor"">﻿</span></span></p>"
1621,398,ru,Аль-Илях (Бог),المعنى المختصر,"<p class=""ql-direction-rtl ql-align-right"">Аль-Илях: Объединяющий в Себе все качества совершенства и величия, Единственный достойный поклонения.</p>",Значение,"<p class=""ql-direction-rtl ql-align-right""><span class=""ql-font-vazirmatn""><span class=""ql-cursor"">﻿</span></span></p>"
1622,398,hi,अल-इलाह (सत्य पूज्य),المعنى المختصر,"<p class=""ql-direction-rtl ql-align-right"">अल-इलाह (सत्य पूज्य) : वह जो संपूर्णता के सभी गुण और प्रताप की सभी विशेषताएँ अपने अंदर रखता हो तथा ऐसा पूज्य कि उसके सिवा कोई इबादत का अधिकारी न हो।</p>",अर्थ,"<p class=""ql-direction-rtl ql-align-right""><span class=""ql-font-vazirmatn""><span class=""ql-cursor"">﻿</span></span></p>"
1623,398,fa,اِله,المعنى المختصر,"<p class=""ql-direction-rtl ql-align-right"">اِله: جامع همهٔ صفات کمال و اوصاف جلال است، معبودی است که کسی جز او شایستهٔ پرستش نیست.</p>",معنی,"<p class=""ql-direction-rtl ql-align-right""><span class=""ql-font-vazirmatn""><span class=""ql-cursor"">﻿</span></span></p>"
1624,398,id,Al-Ilāh (Sembahan),المعنى المختصر,"<p class=""ql-direction-rtl ql-align-right"">Al-Ilāh: Penghimpun seluruh sifat kesempurnaan dan kemuliaan; Sembahan yang tidak ada seorang pun berhak disembah selain-Nya.</p>",Arti,"<p class=""ql-direction-rtl ql-align-right""><span class=""ql-font-vazirmatn""><span class=""ql-cursor"">﻿</span></span></p>"
1625,398,zh,主宰,المعنى المختصر,"<p class=""ql-direction-rtl ql-align-right"">主宰：他是聚合了所有完美属性和尊大的形容，他是受崇拜的，除了他以外没有应受崇拜的。</p>",意义,"<p class=""ql-direction-rtl ql-align-right""><span class=""ql-font-vazirmatn""><span class=""ql-cursor"">﻿</span></span></p>"
1626,398,bn,আল-ইলাহ (সতিকার ইলাহ),المعنى المختصر,"<p class=""ql-direction-rtl ql-align-right"">আল-ইলাহ (সতিকার ইলাহ): যিনি পূর্ণতার ও মহত প্রশংসার যাবতীয় সব গুণাগুণের একত্রকারী এবং সত্যিকার উপাস্য তিনি ছাড়া আর কেউ ইবাদতের উপযুক্ত নয়।</p>",অর্থ,"<p class=""ql-direction-rtl ql-align-right""><span class=""ql-font-vazirmatn""><span class=""ql-cursor"">﻿</span></span></p>"
1629,399,pt,O Auxiliador (An-Nassír),O Significado Curto,"<p class=""ql-direction-rtl ql-align-right"">O Auxiliador: Aquele que apoia e ajuda Seus servos crentes.</p>",Significadas,"<p class=""ql-direction-rtl ql-align-right""><span class=""ql-font-vazirmatn""><span class=""ql-cursor"">﻿</span> </span></p>"
1630,399,ur,مددگار,المعنى المختصر,"<p class=""ql-direction-rtl ql-align-right"">النَّصِيْر (مددگار) : جو اپنے مومن بندوں کی نصرت اور مدد کرتا ہے۔ </p>",مطلب,"<p class=""ql-direction-rtl ql-align-right""><span class=""ql-font-vazirmatn""><span class=""ql-cursor"">﻿</span></span></p>"
1631,399,ru,Ан-Насыр (Помощник),المعنى المختصر,"<p class=""ql-direction-rtl ql-align-right"">Ан-Насыр: Тот, Кто помогает Своим верующим рабам и поддерживает их.</p>",Значение,"<p class=""ql-direction-rtl ql-align-right""><span class=""ql-font-vazirmatn""><span class=""ql-cursor"">﻿</span></span></p>"
1632,399,hi,अन-नसीर (मददगार),المعنى المختصر,"<p class=""ql-direction-rtl ql-align-right"">मददगार : जो अपने मोमिन बंदों की मदद और सहायता करता है।</p>",अर्थ,"<p class=""ql-direction-rtl ql-align-right""><span class=""ql-font-vazirmatn""><span class=""ql-cursor"">﻿</span></span></p>"
1633,399,fa,نَصیر,المعنى المختصر,"<p class=""ql-direction-rtl ql-align-right"">نَصیر (یاری دهنده): آنکه بندگان مؤمنش را پیروز می گرداند و یاری می دهد.</p>",معنی,"<p class=""ql-direction-rtl ql-align-right""><span class=""ql-font-vazirmatn""><span class=""ql-cursor"">﻿</span></span></p>"
1634,399,id,An-Naṣīr (Maha Penolong),المعنى المختصر,"<p class=""ql-direction-rtl ql-align-right"">An-Naṣīr: Penolong dan pelindung hamba-hamba-Nya yang beriman.</p>",Arti,"<p class=""ql-direction-rtl ql-align-right""><span class=""ql-font-vazirmatn""><span class=""ql-cursor"">﻿</span></span></p>"
1635,399,zh,援助的主,المعنى المختصر,"<p class=""ql-direction-rtl ql-align-right"">援助的主：援助他的信士仆人，协助他们取得胜利。</p>",意义,"<p class=""ql-direction-rtl ql-align-right""><span class=""ql-font-vazirmatn""><span class=""ql-cursor"">﻿</span></span></p>"
1636,399,bn,আন-নাসীর (সাহায্যকারী),المعنى المختصر,"<p class=""ql-direction-rtl ql-align-right"">আন-নাসীর (সাহায্যকারী): যিনি তার মুমিন বান্দাদের সাহায্য সহযোগিতা করেন।</p>",অর্থ,"<p class=""ql-direction-rtl ql-align-right""><span class=""ql-font-vazirmatn""><span class=""ql-cursor"">﻿</span></span></p>"
1639,400,pt,O Protetor (Al-Maula),O Significado Curto,"<p class=""ql-direction-rtl ql-align-right"">O Protetor: Protetor de todas as criaturas, significa que Ele é seu Senhor e Dono, o Criador e o verdadeiro Adorado por eles; Protetor de Seus servos crentes, ama-os e ajuda-os e faz chegar a eles o que lhes beneficia e facilita-lhes seus interesses religiosos e mundanos.</p>",Significadas,"<p class=""ql-direction-rtl ql-align-right""><span class=""ql-font-vazirmatn""><span class=""ql-cursor"">﻿</span> </span></p>"
1640,400,ur,مولی,المعنى المختصر,"<p class=""ql-direction-rtl ql-align-right"">مولی : اللہ تمام مخلوقات کا مولی ہے، اس معنی میں کہ وہ ان کا آقا، مالک، خالق اور برحق معبود ہے۔ مؤمن بندوں کا مولی اس معنی میں ہے کہ وہ ان سے محبت کرتا ہے، انھیں اچھے کاموں کی توفیق دیتا ہے، ان کے مدد کرتا ہے، ان کے مصالح کا خیال رکھتا ہے اور ان کے حق میں دینی اور دنیوی منافع کا حصول آسان کرتا ہے۔</p>",مطلب,"<p class=""ql-direction-rtl ql-align-right""><span class=""ql-font-vazirmatn""><span class=""ql-cursor"">﻿</span></span></p>"
1641,400,ru,"Аль-Мауля (Господин, Покровитель)",المعنى المختصر,"<p class=""ql-direction-rtl ql-align-right"">Аль-Мауля: покровитель всех творений в том смысле, что Он является их господином, властелином, творцом и истинным Богом, единственным достойным поклонения, покровитель для Его верующих рабов, Который любит их, помогает им и дарует им благо, облегчая им то, что приносит им пользу в этом мире и в мире вечном.</p>",Значение,"<p class=""ql-direction-rtl ql-align-right""><span class=""ql-font-vazirmatn""><span class=""ql-cursor"">﻿</span></span></p>"
1642,400,hi,अल-मौला (स्वामी),المعنى المختصر,"<p class=""ql-direction-rtl ql-align-right"">स्वामी : सारी सृष्टियों का स्वामी, यानी उन का नायक, सृष्टिकर्ता और सत्य पूज्य तथा अपने मोमिन बंदों का मौला एवं आक़ा जिनसे वह प्रेम करता है, जिन्हें सामर्थ्य देता है, जिन की सहायता करता है और जिन्हें लाभ की सारी वस्तुएँ देता है और धार्मिक तथा सांसारिक रूप से लाभदायक कामों को उन के लिए आसान कर देता है।</p>",अर्थ,"<p class=""ql-direction-rtl ql-align-right""><span class=""ql-font-vazirmatn""><span class=""ql-cursor"">﻿</span></span></p>"
1643,400,fa,مَولیٰ,المعنى المختصر,"<p class=""ql-direction-rtl ql-align-right"">مَولیٰ: مولای همهٔ آفریدگان، به این معنا که سرور و مالک و خالق و معبود حقیقی آنان است و مولای بندگانش مؤمنش است به این معنا که آنان را دوست دارد و توفیق و یاری می دهد و منافع آنان را به آنان می رساند و هر آنچه به صلاح دین و دنیایشان است را برایشان میسر می گرداند.</p>",معنی,"<p class=""ql-direction-rtl ql-align-right""><span class=""ql-font-vazirmatn""><span class=""ql-cursor"">﻿</span></span></p>"
1644,400,id,Al-Maulā (Maha Pelindung),المعنى المختصر,"<p class=""ql-direction-rtl ql-align-right"">Al-Maulā: Maha Pelindung bagi seluruh makhluk. Dengan kata lain, bahwa Allah adalah pelindung, pemilik, pencipta, dan sesembahan mereka yang hak. Dia adalah pelindung hamba-hamba-Nya yang beriman; Dia mencintai mereka; Dia memberikan taufik dan menolong mereka; Dia mengirimkan apa yang menjadi maslahat mereka; Dia memudahkan bagi mereka seluruh manfaat dunia dan agama.</p>",Arti,"<p class=""ql-direction-rtl ql-align-right""><span class=""ql-font-vazirmatn""><span class=""ql-cursor"">﻿</span></span></p>"
1645,400,zh,保护者,المعنى المختصر,"<p class=""ql-direction-rtl ql-align-right"">保护者：真主是所有被造者的保护者，意思就是，真主是他们的主宰，是他们的掌管者、造化者以及他们真正的应受崇拜者，是他的信士仆人的保护者，真主喜爱他们，使他们一切顺利，援助他们，给予他们各种利益，使他们在今后两世的福利中顺利。</p>",意义,"<p class=""ql-direction-rtl ql-align-right""><span class=""ql-font-vazirmatn""><span class=""ql-cursor"">﻿</span></span></p>"
1646,400,bn,আল-মাওলা (অভিভাবক),المعنى المختصر,"<p class=""ql-direction-rtl ql-align-right"">আল-মাওলা (অভিভাবক): সব সৃষ্টির অভিভাবক। অর্থাৎ, তিনি তাদের সরদার, মালিক, স্রষ্টা ও তাদের সত্যিকার উপাস্য। আর তিনি তার মুমিন বান্দাদের অভিভাবক, তিনি তাদের মহব্বত করেন, তাদের ভালো কাজের তাওফীক দেন, তাদের সাহায্য করেন, তাদের কাছে তাদের প্রয়োজনী বস্তু পৌছে দেন এবং দীনি ও দুনিয়াবী উপকারী বিষয়গুলো তাদের জন্য সহজ করে দেন।</p>",অর্থ,"<p class=""ql-direction-rtl ql-align-right""><span class=""ql-font-vazirmatn""><span class=""ql-cursor"">﻿</span></span></p>"
1649,401,pt,O Envergonhado (Al-Haiyi),O Significado Curto,"<p class=""ql-direction-rtl ql-align-right"">O Envergonhado: isto é, que tem muita vergonha, mas um tipo de vergonha compatível a Ele e não como a vergonha das criaturas, mas aquela em que Ele deixa aquilo que não é adequado para a Sua ampla misericórdia, sua perfeita virtude, generosidade e o Seu grandioso perdão e tolerância.</p>",Significadas,"<p class=""ql-direction-rtl ql-align-right""><span class=""ql-font-vazirmatn""><span class=""ql-cursor"">﻿</span> </span></p>"
1650,401,ur,نہایت باحیا,المعنى المختصر,"<p class=""ql-direction-rtl ql-align-right"">نہایت با حیا : وہ ذات، جو بہت زیادہ حیا والی ہے۔ واضح ہو کہ یہاں حیا سے مراد مخلوقات جیسی حیا نہیں ہے، بلکہ اس سے مراد اس کا ان چیزوں کو ترک کرنا ہےجو اس کی بے پایاں رحمت ،کمال سخاوت اور عظیم عفو و درگزر کے مطابق نہ ہوں۔</p>",مطلب,"<p class=""ql-direction-rtl ql-align-right""><span class=""ql-font-vazirmatn""><span class=""ql-cursor"">﻿</span></span></p>"
1651,401,ru,Аль-Хаййий (Стыдливый),المعنى المختصر,"<p class=""ql-direction-rtl ql-align-right"">Аль-Хаййий: Обладатель большой стыдливости. Это описание, приличествующее Всевышнему и не подобное стыдливости творений. Она представляет собой оставление того, что не согласуется с обширностью Его милости, совершенством Его щедрости и величием Его снисходительности и выдержки.</p>",Значение,"<p class=""ql-direction-rtl ql-align-right""><span class=""ql-font-vazirmatn""><span class=""ql-cursor"">﻿</span></span></p>"
1652,401,hi,अल-ह़यिय्यु (ह़या करने वाला),المعنى المختصر,"<p class=""ql-direction-rtl ql-align-right"">हया करने वाला : बहुत ज़्यादा हया करने वाला। मालूम रहे कि अल्लाह की हया, सृष्टियों की हया की तरह नहीं है बल्कि इससे अभिप्राय उन चीज़ों को छोड़ देना है, जो अल्लाह की असीम कृपा, अपार दानशीलता और अनंत क्षमाशीलता तथा अत्यंत सहनशीलता से मेल नहीं खातीं।</p>",अर्थ,"<p class=""ql-direction-rtl ql-align-right""><span class=""ql-font-vazirmatn""><span class=""ql-cursor"">﻿</span></span></p>"
1653,401,fa,حَییّ,المعنى المختصر,"<p class=""ql-direction-rtl ql-align-right"">حَییّ: یعنی بسیار باحیا، و این وصفی است که تنها شایستهٔ اوست نه مانند حیای مخلوقات، بلکه به معنای ترک آن چیزی است که با رحمت گستردهٔ او و کمال بخشندگی و کَرَم و عفو و شکیاییِ عظیمش همخوانی ندارد.</p>",معنی,"<p class=""ql-direction-rtl ql-align-right""><span class=""ql-font-vazirmatn""><span class=""ql-cursor"">﻿</span></span></p>"
1654,401,id,Al-Ḥayiy (Maha Pemalu),المعنى المختصر,"<p class=""ql-direction-rtl ql-align-right"">Al-Ḥayiy: Yang sangat pemalu. Yaitu sifat malu yang pantas dengan-Nya, tidak seperti sifa malu para makhluk. Ia adalah sifat malu berupa meninggalkan yang tidak pantas dengan keluasan rahmat-Nya, kesempurnaan sifat dermawan-Nya, dan kebesaran sifat pemaaf dan santun-Nya. </p>",Arti,"<p class=""ql-direction-rtl ql-align-right""><span class=""ql-font-vazirmatn""><span class=""ql-cursor"">﻿</span></span></p>"
1655,401,zh,害羞的主,المعنى المختصر,"<p class=""ql-direction-rtl ql-align-right"">害羞的主：多害羞，这种害羞是符合伟大真主的，不与被造物的害羞相似，而是放弃与他完美的仁慈、慷慨、原谅和温和不相适宜的。</p>",意义,"<p class=""ql-direction-rtl ql-align-right""><span class=""ql-font-vazirmatn""><span class=""ql-cursor"">﻿</span></span></p>"
1656,401,bn,আল-হাইউ (অতি লজ্জাশীল),المعنى المختصر,"<p class=""ql-direction-rtl ql-align-right"">আল-হাইউ (অতি লজ্জাশীল): অর্থাৎ, অধিক লজ্জা। এটি এমন একটি গুন যা তার সাথে প্রযোজ্য। এটি মাখলুকের লজ্জার মতো নয়। বরং তিনি তার রহমাতের প্রসস্থতা, অনুগ্রহ ও দয়ার পূর্ণতা এবং ক্ষমা ও সহশীলতার মহত্বের সাথে যা মুনাসিব নয় তা ছেড়ে দিয়েছেন।</p>",অর্থ,"<p class=""ql-direction-rtl ql-align-right""><span class=""ql-font-vazirmatn""><span class=""ql-cursor"">﻿</span></span></p>"
1659,402,pt,O Benfeitor (Al-Muhssin),O Significado Curto,"<p class=""ql-direction-rtl ql-align-right"">O Benfeitor: Aquele que concede variados tipos de bençãos, aparentes e ecultas, a seus servos.</p>",Significadas,"<p class=""ql-direction-rtl ql-align-right""><span class=""ql-font-vazirmatn""><span class=""ql-cursor"">﻿</span> </span></p>"
1660,402,ur,احسان کرنے والا,المعنى المختصر,"<p class=""ql-direction-rtl ql-align-right"">احسان کرنے والا : وہ ذات، جس نے اپنے بندوں کو طرح طرح کی ظاہری اور باطنی نعمتیں دے رکھی ہیں۔</p>",مطلب,"<p class=""ql-direction-rtl ql-align-right""><span class=""ql-font-vazirmatn""><span class=""ql-cursor"">﻿</span></span></p>"
1661,402,ru,Аль-Мухсин (Благодетель),المعنى المختصر,"<p class=""ql-direction-rtl ql-align-right"">Аль-Мухсин: Облагодетельствовавший Своих рабов разнообразными милостями, явными и тайными.</p>",Значение,"<p class=""ql-direction-rtl ql-align-right""><span class=""ql-font-vazirmatn""><span class=""ql-cursor"">﻿</span></span></p>"
1662,402,hi,अल-मुह़सिन (एहसान करने वाला),المعنى المختصر,"<p class=""ql-direction-rtl ql-align-right"">एहसान करने वाला : जो अपने बंदों को तरह-तरह की दिखने वाली और न दिखने वाली नीमतें प्रदान करता है।</p>",अर्थ,"<p class=""ql-direction-rtl ql-align-right""><span class=""ql-font-vazirmatn""><span class=""ql-cursor"">﻿</span></span></p>"
1663,402,fa,مُحسِن,المعنى المختصر,"<p class=""ql-direction-rtl ql-align-right"">محسن: آنکه با انواع نعمتهای آشکار و پنهان در حق بندگانش لطف می کند.</p>",معنی,"<p class=""ql-direction-rtl ql-align-right""><span class=""ql-font-vazirmatn""><span class=""ql-cursor"">﻿</span></span></p>"
1664,402,id,Al-Muḥsin (Maha Berbuat Baik),المعنى المختصر,"<p class=""ql-direction-rtl ql-align-right"">Al-Muḥsin: Yang memberi hamba-Nya berbagai jenis karunia, baik yang lahiriah maupun yang batin. </p>",Arti,"<p class=""ql-direction-rtl ql-align-right""><span class=""ql-font-vazirmatn""><span class=""ql-cursor"">﻿</span></span></p>"
1665,402,zh,施恩的,المعنى المختصر,"<p class=""ql-direction-rtl ql-align-right"">施恩的：恩赐他的仆人表面和内在的各种各样恩典的主。</p>",意义,"<p class=""ql-direction-rtl ql-align-right""><span class=""ql-font-vazirmatn""><span class=""ql-cursor"">﻿</span></span></p>"
1666,402,bn,আল-মুহসিন (অনুগ্রহকারী),المعنى المختصر,"<p class=""ql-direction-rtl ql-align-right"">আল-মুহসিন (অনুগ্রহকারী): স্বীয় বান্দাদের ওপর বিভিন্ন ধরনের প্রকার প্রকাশ্য ও গোপন নিআমতসমূহ দ্বারা অনুগ্রহকারী।</p>",অর্থ,"<p class=""ql-direction-rtl ql-align-right""><span class=""ql-font-vazirmatn""><span class=""ql-cursor"">﻿</span></span></p>"
1728,278,en,Allāh,summary,"<p class=""ql-direction-rtl ql-align-right""><span style=""color: rgb(0, 0, 0);"" class=""ql-font-vazirmatn""><span class=""ql-cursor"">﻿</span>  </span><span style=""color: rgb(0, 0, 0);"">Allah is the deity worthy of being worshiped out of love, hope, and fear. This name encompasses all the meanings of the beautiful names and attributes of the Almighty Lord.</span></p>",The Meaning,"<p class=""ql-direction-rtl ql-align-right""><span class=""ql-font-vazirmatn""><span class=""ql-cursor"">﻿</span></span></p>"
1729,279,en,Ar-Rahmān,summary,"<p class=""ql-direction-rtl ql-align-right""><span style=""color: rgb(0, 0, 0);"" class=""ql-font-vazirmatn""><span class=""ql-cursor"">﻿</span>  </span><span style=""color: rgb(0, 0, 0);"">Ar-Rahmān (The Most Compassionate) is the One with great and immense mercy that encompasses everything.</span></p>",The Meaning,"<p class=""ql-direction-rtl ql-align-right""><br></p>"
1730,280,en,Ar-Rahīm,summary,"<p class=""ql-direction-rtl ql-align-right""><span style=""color: rgb(0, 0, 0);"" class=""ql-font-vazirmatn""><span class=""ql-cursor"">﻿</span> </span><span style=""color: rgb(0, 0, 0);"">Ar-Rahīm (The Most Merciful) is the One with great mercy.</span></p>",The Meaning,"<p class=""ql-direction-rtl ql-align-right""><span style=""color: rgb(32, 33, 34);"" class=""ql-font-vazirmatn""><span class=""ql-cursor"">﻿</span>  </span><span style=""color: rgb(32, 33, 34);"">Ar-Rahīm (The Most Merciful) is the One with great mercy.</span></p>"
1731,320,en,Al-‘Afuww,summary,"<p class=""ql-direction-rtl ql-align-right""><span style=""color: rgb(0, 0, 0);"" class=""ql-font-vazirmatn""><span class=""ql-cursor"">﻿</span></span><span style=""color: rgb(0, 0, 0);"">Al-‘Afuww (The Pardoner) is the One Who erases misdeeds and pardons sins. </span></p>",The Meaning,"<p class=""ql-direction-rtl ql-align-right""><br></p>"
1732,298,en,Al-Ghafūr,summary,"<p class=""ql-direction-rtl ql-align-right""><span style=""color: rgb(0, 0, 0);"" class=""ql-font-vazirmatn""><span class=""ql-cursor"">﻿</span></span><span style=""color: rgb(0, 0, 0);"">Al-Ghafūr (The All-Forgiving) is the One Who spares His servants the evil of their sins and does not punish them. </span></p>",The Meaning,"<p class=""ql-direction-rtl ql-align-right""><br></p>"
1733,321,en,Ar-Ra’ūf,summary,"<p class=""ql-direction-rtl ql-align-right""><span style=""color: rgb(0, 0, 0);"" class=""ql-font-vazirmatn""><span class=""ql-cursor"">﻿</span></span><span style=""color: rgb(0, 0, 0);"">Ar-Ra’ūf (The All-Kind) is the One Who is the most kind and merciful towards His creation.</span></p>",The Meaning,"<p class=""ql-direction-rtl ql-align-right""><br></p>"
1734,296,en,Al-Halīm,summary,"<p class=""ql-direction-rtl ql-align-right""><span style=""color: rgb(0, 0, 0);"" class=""ql-font-vazirmatn""><span class=""ql-cursor"">﻿</span></span><span style=""color: rgb(0, 0, 0);"">Al-Halīm (The Forbearing) is the One Who possesses deliberation and does not hasten to punish His servants for their sins.</span></p>",The Meaning,"<p class=""ql-direction-rtl ql-align-right""><br></p>"
1735,319,en,At-Tawwāb,summary,"<p class=""ql-direction-rtl ql-align-right""><span style=""color: rgb(0, 0, 0);"" class=""ql-font-vazirmatn""><span class=""ql-cursor"">﻿</span></span><span style=""color: rgb(0, 0, 0);"">At-Tawwāb (The Accepting of Repentance) is the One Who guides His servants to repentance and accepts it from them.</span></p>",The Meaning,"<p class=""ql-direction-rtl ql-align-right""><br></p>"
1736,322,en,A-Ghanyy,summary,"<p class=""ql-direction-rtl ql-align-right""><span style=""color: rgb(0, 0, 0);"" class=""ql-font-vazirmatn""><span class=""ql-cursor"">﻿</span></span><span style=""color: rgb(0, 0, 0);"">A-Ghanyy (The Self-Sufficient) is the One Who is needed by all and Who does not need anyone.</span></p>",The Meaning,"<p class=""ql-direction-rtl ql-align-right""><br></p>"
1737,303,en,Al-Karīm,summary,"<p class=""ql-direction-rtl ql-align-right""><span style=""color: rgb(0, 0, 0);"" class=""ql-font-vazirmatn""><span class=""ql-cursor"">﻿</span></span><span style=""color: rgb(0, 0, 0);"">Al-Karīm (The Generous) is the One Who gives abundant good and welfare.</span></p>",The Meaning,"<p class=""ql-direction-rtl ql-align-right""><br></p>"
1738,290,en,Al-Wahhāb,summary,"<p class=""ql-direction-rtl ql-align-right""><span style=""color: rgb(0, 0, 0);"" class=""ql-font-vazirmatn""><span class=""ql-cursor"">﻿</span></span><span style=""color: rgb(0, 0, 0);"">Al-Wahhāb (The Bestower) is the One Who gives abundantly, and Whose generosity and bounty encompass all beings.</span></p>",The Meaning,"<p class=""ql-direction-rtl ql-align-right""><br></p>"
1739,308,en,Al-Wadūd,summary,"<p class=""ql-direction-rtl ql-align-right""><span style=""color: rgb(0, 0, 0);"" class=""ql-font-vazirmatn""><span class=""ql-cursor"">﻿</span></span><span style=""color: rgb(0, 0, 0);"">Al-Wadūd (The Most Affectionate) is the One Who loves and is loved. He loves His prophets and messengers and their followers, and they love Him.</span></p>",The Meaning,"<p class=""ql-direction-rtl ql-align-right""><br></p>"
1740,328,en,Al-Mu‘ti,summary,"<p class=""ql-direction-rtl ql-align-right""><span style=""color: rgb(0, 0, 0);"" class=""ql-font-vazirmatn""><span class=""ql-cursor"">﻿</span></span><span style=""color: rgb(0, 0, 0);"">Al-Mu‘ti (The Giver) is the only One Who gives, and no one can withhold what He has given or give what He has withheld.</span></p>",The Meaning,"<p class=""ql-direction-rtl ql-align-right""><br></p>"
1741,306,en,Al-Wāsi‘,summary,"<p class=""ql-direction-rtl ql-align-right""><span style=""color: rgb(0, 0, 0);"" class=""ql-font-vazirmatn""><span class=""ql-cursor"">﻿</span></span><span style=""color: rgb(0, 0, 0);"">Al-Wāsi‘ (The All-Embracing) is the One to Whom belongs the most perfect and complete meaning of every attribute.</span></p>",The Meaning,"<p class=""ql-direction-rtl ql-align-right""><br></p>"
1742,291,en,Ar-Razzāq,summary,"<p class=""ql-direction-rtl ql-align-right""><span style=""color: rgb(0, 0, 0);"" class=""ql-font-vazirmatn""><span class=""ql-cursor"">﻿</span></span><span style=""color: rgb(0, 0, 0);"">Ar-Razzāq (The All-Provider) is the One Who guarantees His servants the sustenance that maintains their hearts and bodies.</span></p>",The Meaning,"<p class=""ql-direction-rtl ql-align-right""><br></p>"
1743,294,en,Al-Latīf,summary,"<p class=""ql-direction-rtl ql-align-right""><span style=""color: rgb(0, 0, 0);"" class=""ql-font-vazirmatn""><span class=""ql-cursor"">﻿</span></span><span style=""color: rgb(0, 0, 0);"">Al-Latīf (The All-Subtle) is the One from Whom nothing is hidden, no matter how small it may be, and the One Who shows kindness and leniency to His servants and guides them to what is good for them.</span></p>",The Meaning,"<p class=""ql-direction-rtl ql-align-right""><br></p>"
1744,295,en,Al-Khabīr,summary,"<p class=""ql-direction-rtl ql-align-right""><span style=""color: rgb(0, 0, 0);"" class=""ql-font-vazirmatn""><span class=""ql-cursor"">﻿</span></span><span style=""color: rgb(0, 0, 0);"">Al-Khabīr (The All-Aware) is the One Whose knowledge encompasses the inward and hidden aspects of things, as well as their outward aspects.</span></p>",The Meaning,"<p class=""ql-direction-rtl ql-align-right""><br></p>"
1745,297,en,Al-‘Azhīm,summary,"<p class=""ql-direction-rtl ql-align-right""><span style=""color: rgb(0, 0, 0);"" class=""ql-font-vazirmatn""><span class=""ql-cursor"">﻿</span></span><span style=""color: rgb(0, 0, 0);"">Al-‘Azhīm (The Magnificent) is the One Who possesses all attributes of perfection, glory, pride, and majesty, and Who is loved and extolled by His servants.</span></p>",The Meaning,"<p class=""ql-direction-rtl ql-align-right""><br></p>"
1746,292,en,Al-‘Alīm,summary,"<p class=""ql-direction-rtl ql-align-right""><span style=""color: rgb(0, 0, 0);"" class=""ql-font-vazirmatn""><span class=""ql-cursor"">﻿</span></span><span style=""color: rgb(0, 0, 0);"">Al-‘Alīm (The All-Knowing) is the One Whose knowledge encompasses everything.</span></p>",The Meaning,"<p class=""ql-direction-rtl ql-align-right""><br></p>"
1747,307,en,Al-Hakīm,summary,"<p class=""ql-direction-rtl ql-align-right""><span style=""color: rgb(0, 0, 0);"" class=""ql-font-vazirmatn""><span class=""ql-cursor"">﻿</span></span><span style=""color: rgb(0, 0, 0);"">Al-Hakīm (The All-Wise) is the One Who possesses perfect wisdom in His commands and legislations, and perfect judgment between His creation. </span></p>",The Meaning,"<p class=""ql-direction-rtl ql-align-right""><br></p>"
1748,299,en,Ash-Shakūr,summary,"<p class=""ql-direction-rtl ql-align-right""><span style=""color: rgb(0, 0, 0);"" class=""ql-font-vazirmatn""><span class=""ql-cursor"">﻿</span></span><span style=""color: rgb(0, 0, 0);"">Ash-Shakūr (The Most Appreciative) is the One Who appreciates even little deeds and gives immense and multiple rewards in return, and Who forgives numerous errors.</span></p>",The Meaning,"<p class=""ql-direction-rtl ql-align-right""><br></p>"
1749,309,en,Al-Majīd,summary,"<p class=""ql-direction-rtl ql-align-right""><span style=""color: rgb(0, 0, 0);"" class=""ql-font-vazirmatn""><span class=""ql-cursor"">﻿</span></span><span style=""color: rgb(0, 0, 0);"">Al-Majīd (The Most Glorious) is the One Who possesses the various attributes of supreme majesty and perfection.</span></p>",The Meaning,"<p class=""ql-direction-rtl ql-align-right""><br></p>"
1750,293,en,As-Samī‘,summary,"<p class=""ql-direction-rtl ql-align-right""><span style=""color: rgb(0, 0, 0);"" class=""ql-font-vazirmatn""><span class=""ql-cursor"">﻿</span></span><span style=""color: rgb(0, 0, 0);"">As-Samī‘ (The All-Hearing) is the One Who hears everything. He hears secret and private talk. Loud and low voices, and speaking and silence are all the same to Him - He grasps all.</span></p>",The Meaning,"<p class=""ql-direction-rtl ql-align-right""><br></p>"
1751,310,en,Ash-Shahīd,summary,"<p class=""ql-direction-rtl ql-align-right""><span style=""color: rgb(0, 0, 0);"" class=""ql-font-vazirmatn""><span class=""ql-cursor"">﻿</span></span><span style=""color: rgb(0, 0, 0);"">Ash-Shahīd (The Ever-Witness) is the One from Whom nothing is hidden, rather He knows and witnesses everything and is Aware of its details.</span></p>",The Meaning,"<p class=""ql-direction-rtl ql-align-right""><br></p>"
1752,304,en,Ar-Raqīb,summary,"<p class=""ql-direction-rtl ql-align-right""><span style=""color: rgb(0, 0, 0);"" class=""ql-font-vazirmatn""><span class=""ql-cursor"">﻿</span></span><span style=""color: rgb(0, 0, 0);"">Al-Raqīb (The Ever-Watchful) is the One Who watches over everything and witnesses inner thoughts and secrets, and Who knows and sees all things and no secret or private talk is hidden from Him.</span></p>",The Meaning,"<p class=""ql-direction-rtl ql-align-right""><br></p>"
1753,324,en,Al-Qarīb,summary,"<p class=""ql-direction-rtl ql-align-right""><span style=""color: rgb(0, 0, 0);"" class=""ql-font-vazirmatn""><span class=""ql-cursor"">﻿</span></span><span style=""color: rgb(0, 0, 0);"">Al-Qarīb (The Near) is the One Who is near His obedient servants with reward; near those who supplicate Him with the answer; and near the rest of His servants with knowledge. This does not contradict His being high above.</span></p>",The Meaning,"<p class=""ql-direction-rtl ql-align-right""><br></p>"
1754,305,en,Al-Mujīb,summary,"<p class=""ql-direction-rtl ql-align-right""><span style=""color: rgb(0, 0, 0);"" class=""ql-font-vazirmatn""><span class=""ql-cursor"">﻿</span></span><span style=""color: rgb(0, 0, 0);"">Al-Mujīb (The All-Responsive) is the One Who responds to supplications by answering them and to requests by fulfilling them.</span></p>",The Meaning,"<p class=""ql-direction-rtl ql-align-right""><br></p>"
1755,302,en,Al-Muqīt,summary,"<p class=""ql-direction-rtl ql-align-right""><span style=""color: rgb(0, 0, 0);"" class=""ql-font-vazirmatn""><span class=""ql-cursor"">﻿</span></span><span style=""color: rgb(0, 0, 0);"">Al-Muqīt (The All-Nourisher) is the One Who determines the sustenance of His creation according to His knowledge, brings it to them with His power, and distributes it amongst them.</span></p>",The Meaning,"<p class=""ql-direction-rtl ql-align-right""><br></p>"
1756,325,en,Al-Mannān,summary,"<p class=""ql-direction-rtl ql-align-right""><span class=""ql-font-vazirmatn""><span class=""ql-cursor"">﻿</span></span>Al-Mannān (The Bestower of Favors) is the One Who bestows great favors and gives blessings to His servants before they ask for them.</p>",The Meaning,"<p class=""ql-direction-rtl ql-align-right""><br></p>"
1757,326,en,Ash-Shāfi,summary,"<p class=""ql-direction-rtl ql-align-right""><span style=""color: rgb(0, 0, 0);"" class=""ql-font-vazirmatn""><span class=""ql-cursor"">﻿</span></span><span style=""color: rgb(0, 0, 0);"">Ash-Shāfi (The Healer) is the One Who cures His servants from the illnesses of their bodies, the doubts of their hearts, and the vain desires of their selves.</span></p>",The Meaning,"<p class=""ql-direction-rtl ql-align-right""><br></p>"
1758,301,en,Al-Hafīzh,summary,"<p class=""ql-direction-rtl ql-align-right""><span style=""color: rgb(0, 0, 0);"" class=""ql-font-vazirmatn""><span class=""ql-cursor"">﻿</span></span><span style=""color: rgb(0, 0, 0);"">Al-Hafīzh (The All-Preserver) is the One Who preserves what He created; Whose knowledge encompasses all that He brought into existence; Who protects His pious servants from committing sins and ruinous acts; and Who records their deeds and the recompense for them.</span></p>",The Meaning,"<p class=""ql-direction-rtl ql-align-right""><br></p>"
1759,288,en,Al-Khāliq,summary,"<p class=""ql-direction-rtl ql-align-right""><span style=""color: rgb(0, 0, 0);"" class=""ql-font-vazirmatn""><span class=""ql-cursor"">﻿</span></span><span style=""color: rgb(0, 0, 0);"">Al-Khāliq (The Creator) is the One Who brings things into existence and invents them in an unprecedented way.</span></p>",The Meaning,"<p class=""ql-direction-rtl ql-align-right""><br></p>"
1760,327,en,Ar-Rabb,summary,"<p class=""ql-direction-rtl ql-align-right""><span style=""color: rgb(0, 0, 0);"" class=""ql-font-vazirmatn""><span class=""ql-cursor"">﻿</span></span><span style=""color: rgb(0, 0, 0);"">Ar-Rabb (The Lord) is the Master, the Owner, the Reformer, and the One Who fosters His servants by managing their affairs and bestowing favors upon them.</span></p>",The Meaning,"<p class=""ql-direction-rtl ql-align-right""><br></p>"
1761,289,en,Al-Qahhār,summary,THE ALL-PREVAILING ONE,The Meaning,"&lt;p&gt;&lt;span style=&quot;font-size: 19px; color: #202122; font-weight: normal; text-decoration: none; font-family: &#039;Arial&#039;; font-style: normal; text-decoration-skip-ink: none;&quot;&gt;The Dominant, The One who has the perfect Power and is not unable over anything.&lt;/span&gt;&lt;/p&gt;"
1762,284,en,Al-Muhaymin,summary,"<p class=""ql-direction-rtl ql-align-right""><span style=""color: rgb(0, 0, 0);"" class=""ql-font-vazirmatn""><span class=""ql-cursor"">﻿</span></span><span style=""color: rgb(0, 0, 0);"">Al-Muhaymin (The All-Controller) is the Guardian over His creation, their Ruler, and the Disposer of all their affairs, Who encompasses everything in His knowledge.</span></p>",The Meaning,"<p class=""ql-direction-rtl ql-align-right""><br></p>"
1763,285,en,Al-‘Azīz,summary,"<p class=""ql-direction-rtl ql-align-right""><span style=""color: rgb(0, 0, 0);"" class=""ql-font-vazirmatn""><span class=""ql-cursor"">﻿</span></span><span style=""color: rgb(0, 0, 0);"">Al-‘Azīz (The All-Mighty) is the One Who possesses the absolute might and vanquishes all others with His power, dominance, and invincibility.</span></p>",The Meaning,"<p class=""ql-direction-rtl ql-align-right""><br></p>"
1764,286,en,Al-Jabbār,summary,"<p class=""ql-direction-rtl ql-align-right""><span style=""color: rgb(0, 0, 0);"" class=""ql-font-vazirmatn""><span class=""ql-cursor"">﻿</span></span><span style=""color: rgb(0, 0, 0);"">Al-Jabbār (The Compeller) is the One far exalted above His creation, Who controls everything and to Whom all things are subdued and submitted. He is also the One Who supports those who seek refuge in Him.</span></p>",The Meaning,"<p class=""ql-direction-rtl ql-align-right""><span style=""color: rgb(32, 33, 34);"" class=""ql-font-vazirmatn""><span class=""ql-cursor"">﻿</span>  </span><span style=""color: rgb(32, 33, 34);"">Al-Jabbār (The Compeller) is the One far exalted above His creation, Who controls everything and to Whom all things are subdued and submitted. He is also the One Who supports those who seek refuge in Him.</span></p>"
1765,287,en,Al-Mutakabbir,summary,"<p class=""ql-direction-rtl ql-align-right""><span style=""color: rgb(0, 0, 0);"" class=""ql-font-vazirmatn""><span class=""ql-cursor"">﻿</span></span><span style=""color: rgb(0, 0, 0);"">Al-Mutakabbir (The Supreme) is the One Who is far exalted above evil, deficiency, and defects, given His perfection and majesty. </span></p>",The Meaning,"<p class=""ql-direction-rtl ql-align-right""><br></p>"
1766,300,en,Al-Kabīr,summary,"<p class=""ql-direction-rtl ql-align-right""><span style=""color: rgb(0, 0, 0);"" class=""ql-font-vazirmatn""><span class=""ql-cursor"">﻿</span></span><span style=""color: rgb(0, 0, 0);"">Al-Kabīr (The Great) is the One Who is greater than everything, and all else are inferior to Him.</span></p>",The Meaning,"<p class=""ql-direction-rtl ql-align-right""><br></p>"
1767,314,en,Al-Hayy,summary,"<p class=""ql-direction-rtl ql-align-right""><span style=""color: rgb(0, 0, 0);"" class=""ql-font-vazirmatn""><span class=""ql-cursor"">﻿</span></span><span style=""color: rgb(0, 0, 0);"">Al-Hayy (The Ever-Living) is the One to Whom belong all meanings of perfect life that is not preceded by nothingness nor followed by doom.</span></p>",The Meaning,"<p class=""ql-direction-rtl ql-align-right""><br></p>"
1768,315,en,Al-Qayyūm,summary,"<p class=""ql-direction-rtl ql-align-right""><span style=""color: rgb(0, 0, 0);"">Al-Qayyūm (The Self-Subsisting) is the One Who is self-sustaining, so He does not need anyone, and everything depends on Him and none can dispense with Him. </span></p>",The Meaning,"<p class=""ql-direction-rtl ql-align-right""><br></p>"
1769,281,en,Al-Malik,summary,"<p class=""ql-direction-rtl ql-align-right""><span style=""color: rgb(0, 0, 0);"" class=""ql-font-vazirmatn""><span class=""ql-cursor"">﻿</span></span><span style=""color: rgb(0, 0, 0);"">Al-Malik (The King) is the One Who possesses the attributes of majesty, subjugation, and managing of affairs, and Who owns and disposes of everything without any difficulty.</span></p>",The Meaning,"<p class=""ql-direction-rtl ql-align-right""><span style=""color: rgb(32, 33, 34);"" class=""ql-font-vazirmatn""><span class=""ql-cursor"">﻿</span> </span><span style=""color: rgb(32, 33, 34);"">Al-Malik (The King) is the One Who possesses the attributes of majesty, subjugation, and managing of affairs, and Who owns and disposes of everything without any difficulty.</span></p>"
1770,282,en,Al-Quddūs,summary,"<p class=""ql-direction-rtl ql-align-right""><span style=""color: rgb(0, 0, 0);"" class=""ql-font-vazirmatn""><span class=""ql-cursor"">﻿</span></span><span style=""color: rgb(0, 0, 0);"">Al-Quddūs (The Holy One) is the Glorified One Who is exalted far above any defect and far above resembling any of His creation.</span></p>",The Meaning,"<p class=""ql-direction-rtl ql-align-right""><br></p>"
1771,283,en,As-Salām,summary,"<p class=""ql-direction-rtl ql-align-right""><span style=""color: rgb(0, 0, 0);"" class=""ql-font-vazirmatn""><span class=""ql-cursor"">﻿</span> </span><span style=""color: rgb(0, 0, 0);"">As-Salām (The Source of Perfection) is the One free from any defect or fault.</span></p>",The Meaning,"<p class=""ql-direction-rtl ql-align-right""><br></p>"
1772,311,en,Al-Haqq,summary,"<p class=""ql-direction-rtl ql-align-right""><span style=""color: rgb(0, 0, 0);"" class=""ql-font-vazirmatn""><span class=""ql-cursor"">﻿</span></span><span style=""color: rgb(0, 0, 0);"">Al-Haqq (The Truth) is the True One in terms of His being and His existence; and the One Whose names, attributes, actions, judgments, and recompense are all perfect and true.</span></p>",The Meaning,"<p class=""ql-direction-rtl ql-align-right""><br></p>"
1773,313,en,Al-Matīn,summary,"<p class=""ql-direction-rtl ql-align-right""><span style=""color: rgb(0, 0, 0);"" class=""ql-font-vazirmatn""><span class=""ql-cursor"">﻿</span></span><span style=""color: rgb(0, 0, 0);"">Al-Matīn (The Most Firm) is the One Who possesses infinite power and ability so He never experiences any weakness or hardship.</span></p>",The Meaning,"<p class=""ql-direction-rtl ql-align-right""><br></p>"
1774,317,en,Al-Qādir,summary,"<p class=""ql-direction-rtl ql-align-right""><span style=""color: rgb(0, 0, 0);"" class=""ql-font-vazirmatn""><span class=""ql-cursor"">﻿</span></span><span style=""color: rgb(0, 0, 0);"">Al-Qādir (The Able) is the One Who possesses complete and comprehensive power, nothing can challenge Him, and none can escape His power or will.</span></p>",The Meaning,"<p class=""ql-direction-rtl ql-align-right""><br></p>"
1775,318,en,Al-Muta‘āl,summary,"<p class=""ql-direction-rtl ql-align-right""><span style=""color: rgb(0, 0, 0);"" class=""ql-font-vazirmatn""><span class=""ql-cursor"">﻿</span></span><span style=""color: rgb(0, 0, 0);"">Al-Muta‘āl (The Exalted) is a name that denotes the absolute exaltation of Allah in all aspects: His essence, His status, and His power.</span></p>",The Meaning,"<p class=""ql-direction-rtl ql-align-right""><br></p>"
1776,316,en,As-Samad,summary,"<p class=""ql-direction-rtl ql-align-right""><span style=""color: rgb(0, 0, 0);"" class=""ql-font-vazirmatn""><span class=""ql-cursor"">﻿</span></span><span style=""color: rgb(0, 0, 0);"">As-Samad (The Eternal Refuge) is the Perfect Lord and the Magnificent Master to Whom everyone turns, out of hope and fear. </span></p>",The Meaning,"<p class=""ql-direction-rtl ql-align-right""><br></p>"
1777,329,en,Al-Ahad,summary,"<p class=""ql-direction-rtl ql-align-right""><span style=""color: rgb(0, 0, 0);"" class=""ql-font-vazirmatn""><span class=""ql-cursor"">﻿</span></span><span style=""color: rgb(0, 0, 0);"">Al-Ahad (The Only One) is the One Who alone possesses all perfection in His lordship, divinity, names, and attributes, and none shares any of them with Him.</span></p>",The Meaning,"<p class=""ql-direction-rtl ql-align-right""><br></p>"
1778,323,en,Al-Hādi,summary,"<p class=""ql-direction-rtl ql-align-right""><span style=""color: rgb(0, 0, 0);"" class=""ql-font-vazirmatn""><span class=""ql-cursor"">﻿</span></span><span style=""color: rgb(0, 0, 0);"">Al-Hādi (The Guide) is the One Who guides His servants to all beneficial things and leads them away from harmful ones, and Who leads whomever He wills to guidance.</span></p>",The Meaning,"<p class=""ql-direction-rtl ql-align-right""><br></p>"
1779,312,en,Al-Qawiyy,summary,"<p class=""ql-direction-rtl ql-align-right""><span style=""color: rgb(0, 0, 0);"" class=""ql-font-vazirmatn""><span class=""ql-cursor"">﻿</span></span><span style=""color: rgb(0, 0, 0);"">Al-Qawiyy (The All-Powerful) is the One with complete power Who cannot be overcome and Whose predestination cannot be repelled.</span></p>",The Meaning,"<p class=""ql-direction-rtl ql-align-right""><br></p>"
1780,330,en,Al-Mu’min,summary,"<p class=""ql-direction-rtl ql-align-right""><span style=""color: rgb(0, 0, 0);"" class=""ql-font-vazirmatn""><span class=""ql-cursor"">﻿</span> </span><span style=""color: rgb(0, 0, 0);"">Al-Mu’min (The Bestower of Faith and Security) is the One Who confirms the truthfulness of His prophets through signs and miracles, and He is the One Who secures His servants from injustice, on account of His perfect justice. </span></p>",The Meaning,"<p class=""ql-direction-rtl ql-align-right""><span style=""color: rgb(32, 33, 34);"" class=""ql-font-vazirmatn""><span class=""ql-cursor"">﻿</span>  </span><span style=""color: rgb(32, 33, 34);"">Al-Mu’min (The Bestower of Faith and Security) is the One Who confirms the truthfulness of His prophets through signs and miracles, and He is the One Who secures His servants from injustice, on account of His perfect justice.</span></p>"
1781,331,en,Al-Bāri’,summary,"<p class=""ql-direction-rtl ql-align-right""><span style=""color: rgb(0, 0, 0);"" class=""ql-font-vazirmatn""><span class=""ql-cursor"">﻿</span> </span><span style=""color: rgb(0, 0, 0);"">Al-Bāri’ (The Initiator) is the Creator Who created the whole creation from nothing and gave them forms after they were non-existent.</span></p>",The Meaning,"<h3 class=""ql-direction-rtl ql-align-right""><br></h3>"
1782,332,en,Al-Musawwir,summary,"<p class=""ql-direction-rtl ql-align-right""><span style=""color: rgb(0, 0, 0);"" class=""ql-font-vazirmatn""><span class=""ql-cursor"">﻿</span> </span><span style=""color: rgb(0, 0, 0);"">Al-Musawwir (The Supreme Fashioner) is the One Who fashioned His creation in different forms and appearances that indicate His perfect knowledge and wisdom.</span></p>",The Meaning,"<p class=""ql-direction-rtl ql-align-right""><br></p>"
1783,333,en,Al-Ghaffaar,summary,"<p class=""ql-direction-rtl ql-align-right"">AL-Ghaffaar (The Great Forgiver)</p><p class=""ql-direction-rtl ql-align-right""><span style=""color: rgb(32, 33, 34);"">The Forgiver, The One who forgives the sins of His slaves time and time again</span></p>",The Meaning,"<p class=""ql-direction-rtl ql-align-right""><br></p>"
1784,334,en,Al-Fattāh,summary,"<p class=""ql-direction-rtl ql-align-right""><span style=""color: rgb(0, 0, 0);"" class=""ql-font-vazirmatn""><span class=""ql-cursor"">﻿</span> </span><span style=""color: rgb(0, 0, 0);"">Al-Fattāh (The Greatest Judge) is the One Who judges between His servants by His religious rulings, decrees His predestination for them, and calls them to account.</span></p>",The Meaning,"<p class=""ql-direction-rtl ql-align-right""><br></p>"
1785,335,en,Al-Qaabid,summary,"<p class=""ql-direction-rtl ql-align-right"">THE RESTRICTING ONE</p><p class=""ql-direction-rtl ql-align-right"">The Constrictor, The Withholder, The One who constricts the sustenance by His wisdom and expands and widens it with His Generosity and Mercy.</p>",The Meaning,"<p class=""ql-direction-rtl ql-align-right""><br></p>"
1786,336,en,Al-Baasit,summary,"<p class=""ql-direction-rtl ql-align-right"">THE EXTENDER</p><p class=""ql-direction-rtl ql-align-right"">The Englarger, The One who constricts the sustenance by His wisdom and expands and widens it with His Generosity and Mercy.</p>",The Meaning,"<p class=""ql-direction-rtl ql-align-right""><br></p>"
1787,337,en,Al-Khaafid,summary,"<p class=""ql-direction-rtl ql-align-right"">THE REDUCER</p><p class=""ql-direction-rtl ql-align-right"">The One who lowers whoever He willed by His Destruction and raises whoever He willed by His Endowment.</p>",The Meaning,"<p class=""ql-direction-rtl ql-align-right""><br></p>"
1788,338,en,Ar-Rāfi‘,summary,"<p><span style=""color: rgb(32, 33, 34);"" class=""ql-font-vazirmatn"">  </span><span style=""color: rgb(32, 33, 34);"">Al-Rāfi‘ (The Raiser) is the One Who raises whomever He wills the way He wills, as He elevates the ranks of His pious servants in this world and in the Hereafter.</span></p>",The Meaning,"<p class=""ql-direction-rtl ql-align-right""><br></p>"
1791,341,en,Al-Basīr,summary,"<p class=""ql-direction-rtl ql-align-right""><span style=""color: rgb(0, 0, 0);"" class=""ql-font-vazirmatn""><span class=""ql-cursor"">﻿</span></span><span style=""color: rgb(0, 0, 0);"">Al-Basīr (The All-Seeing) is the One Whose sight encompasses everything, no matter how small or minute they may be, and He is the One Who is All-Aware of everything and All-Knowing of their hidden aspects.</span></p>",The Meaning,"<p class=""ql-direction-rtl ql-align-right""><br></p>"
1792,342,en,Al-Hakam,summary,"<p class=""ql-direction-rtl ql-align-right""><span style=""color: rgb(0, 0, 0);"" class=""ql-font-vazirmatn""><span class=""ql-cursor"">﻿</span></span><span style=""color: rgb(0, 0, 0);"">Al-Hakam (The Judge) is the One to Whom belongs judgment in all things, and Who ordains what He wills and judges between His servants with the truth and justice.</span></p>",The Meaning,"<p class=""ql-direction-rtl ql-align-right""><br></p>"
1794,344,en,Al-‘Alyy,summary,"<p class=""ql-direction-rtl ql-align-right""><span style=""color: rgb(0, 0, 0);"" class=""ql-font-vazirmatn""><span class=""ql-cursor"">﻿</span></span><span style=""color: rgb(0, 0, 0);"">Al-‘Alyy (The High) is the One Who possesses absolute highness in all aspects: His status, His power, and His essence.</span></p>",The Meaning,"<p class=""ql-direction-rtl ql-align-right""><br></p>"
1795,345,en,Al-Hasīb,summary,"<p class=""ql-direction-rtl ql-align-right""><span style=""color: rgb(0, 0, 0);"" class=""ql-font-vazirmatn""><span class=""ql-cursor"">﻿</span></span><span style=""color: rgb(0, 0, 0);"">Al-Hasīb (The Ever-Reckoner) is the One Who grants sufficiency to His believing servants who rely upon Him, and Who knows their deeds and holds them accountable for them.</span></p>",The Meaning,"<p class=""ql-direction-rtl ql-align-right""><br></p>"
1798,348,en,Al-Wakīl,summary,"<p class=""ql-direction-rtl ql-align-right""><span style=""color: rgb(0, 0, 0);"" class=""ql-font-vazirmatn""><span class=""ql-cursor"">﻿</span></span><span style=""color: rgb(0, 0, 0);"">Al-Wakīl (The Trustee) is the One Who guarantees the sustenance of His creation and manages their affairs and maintains their welfare; and Who supports His pious servants and, thus, guides them to ease, grants them sufficiency, and keeps them away from difficulty.</span></p>",The Meaning,"<p class=""ql-direction-rtl ql-align-right""><br></p>"
1799,349,en,Al-Walyy,summary,"<p class=""ql-direction-rtl ql-align-right""><span style=""color: rgb(0, 0, 0);"" class=""ql-font-vazirmatn""><span class=""ql-cursor"">﻿</span></span><span style=""color: rgb(0, 0, 0);"">Al-Walyy (The Guardian) is the One Who supports His believing servants and manages the affairs of all His creation.</span></p>",The Meaning,"<p class=""ql-direction-rtl ql-align-right""><br></p>"
1800,350,en,Al-Hamīd,summary,"<p class=""ql-direction-rtl ql-align-right""><span style=""color: rgb(0, 0, 0);"" class=""ql-font-vazirmatn""><span class=""ql-cursor"">﻿</span></span><span style=""color: rgb(0, 0, 0);"">Al-Hamīd (The Praiseworthy) is a name that denotes all the praiseworthy and perfect attributes of Allah Almighty, Who deserves praise for the perfection of His essence, names, attributes, and actions.</span></p>",The Meaning,"<p class=""ql-direction-rtl ql-align-right""><br></p>"
1808,358,en,Al-Wāhid,summary,"<p class=""ql-direction-rtl ql-align-right""><span style=""color: rgb(0, 0, 0);"" class=""ql-font-vazirmatn""><span class=""ql-cursor"">﻿</span></span><span style=""color: rgb(0, 0, 0);"">Al-Wāhid (The One) is the One Who alone possesses all perfection in His essence, attributes, and actions, and none shares any of this with Him. </span></p>",The Meaning,"<p class=""ql-direction-rtl ql-align-right""><br></p>"
1809,359,en,Al-Muqtadir,summary,"<p class=""ql-direction-rtl ql-align-right""><span style=""color: rgb(0, 0, 0);"" class=""ql-font-vazirmatn""><span class=""ql-cursor"">﻿</span></span><span style=""color: rgb(0, 0, 0);"">Al-Muqtadir (The Dominant) is the One Who possesses complete unopposed power.</span></p>",The Meaning,"<p class=""ql-direction-rtl ql-align-right""><br></p>"
1810,360,en,Al-Muqaddim,summary,"<p class=""ql-direction-rtl ql-align-right""><span style=""color: rgb(0, 0, 0);"" class=""ql-font-vazirmatn""><span class=""ql-cursor"">﻿</span></span><span style=""color: rgb(0, 0, 0);"">Al-Muqaddim (The Advancer) is the One Who puts things in their due places, advancing what He wills and delaying what He wills.</span></p>",The Meaning,"<p class=""ql-direction-rtl ql-align-right""><br></p>"
1811,361,en,Al-Mu’akhkhir,summary,"<p class=""ql-direction-rtl ql-align-right""><span style=""color: rgb(0, 0, 0);"" class=""ql-font-vazirmatn""><span class=""ql-cursor"">﻿</span></span><span style=""color: rgb(0, 0, 0);"">Al-Mu’akhkhir (The Delayer) is the One Who delays things that should be delayed, thus putting them in their proper place. </span></p>",The Meaning,"<p class=""ql-direction-rtl ql-align-right""><br></p>"
1812,362,en,Al-Awwal,summary,"<p class=""ql-direction-rtl ql-align-right""><span style=""color: rgb(0, 0, 0);"" class=""ql-font-vazirmatn""><span class=""ql-cursor"">﻿</span></span><span style=""color: rgb(0, 0, 0);"">Al-Awwal (The First) is the One before Whom there was nothing.</span></p>",The Meaning,"<p class=""ql-direction-rtl ql-align-right""><br></p>"
1813,363,en,Al-Ākhir,summary,"<p class=""ql-direction-rtl ql-align-right""><span style=""color: rgb(0, 0, 0);"" class=""ql-font-vazirmatn""><span class=""ql-cursor"">﻿</span></span><span style=""color: rgb(0, 0, 0);"">Al-Ākhir (The Last) is the One after Whom there is nothing.</span></p>",The Meaning,"<p class=""ql-direction-rtl ql-align-right""><br></p>"
1814,364,en,Azh-Zhāhir,summary,"<p class=""ql-direction-rtl ql-align-right""><span style=""color: rgb(0, 0, 0);"" class=""ql-font-vazirmatn""><span class=""ql-cursor"">﻿</span></span><span style=""color: rgb(0, 0, 0);"">Azh-Zhāhir (The Manifest) is the One above Whom there is nothing.</span></p>",The Meaning,"<p class=""ql-direction-rtl ql-align-right""><br></p>"
1815,365,en,Al-Bātin,summary,"<p class=""ql-direction-rtl ql-align-right""><span style=""color: rgb(0, 0, 0);"" class=""ql-font-vazirmatn""><span class=""ql-cursor"">﻿</span></span><span style=""color: rgb(0, 0, 0);"">Al-Bātin (The Hidden) is the One beneath Whom there is nothing.</span></p>",The Meaning,"<p class=""ql-direction-rtl ql-align-right""><br></p>"
1817,367,en,Al-Barr,summary,"<p class=""ql-direction-rtl ql-align-right""><span style=""color: rgb(0, 0, 0);"" class=""ql-font-vazirmatn""><span class=""ql-cursor"">﻿</span></span><span style=""color: rgb(0, 0, 0);"">Al-Barr (The Beneficent) is the One Who bestows all kinds of blessings upon His servants.</span></p>",The Meaning,"<p class=""ql-direction-rtl ql-align-right""><br></p>"
1819,369,en,Maalik-Ul-Mulk,summary,"<p class=""ql-direction-rtl ql-align-right"">THE ETERNAL POSSESSOR OF SOVEREIGNTY</p><p class=""ql-direction-rtl ql-align-right"">The One who controls the Dominion and gives dominion to whoever He willed.</p>",The meaning,"<p class=""ql-direction-rtl ql-align-right""><br></p>"
1820,370,en,Dhul-Jalāl wa al-Ikrām,summary,"<p class=""ql-direction-rtl ql-align-right""><span style=""color: rgb(0, 0, 0);"" class=""ql-font-vazirmatn""><span class=""ql-cursor"">﻿</span> </span><span style=""color: rgb(0, 0, 0);"">Dhul-Jalāl wa al-Ikrām (Lord of Majesty and Bounty) is the Possessor of greatness, pride, mercy, and bounty, Who deserves glorification and praise.</span></p>",The Meaning,"<p class=""ql-direction-rtl ql-align-right""><span class=""ql-font-vazirmatn""><span class=""ql-cursor"">﻿</span></span></p>"
1830,380,en,Al-Wārith,summary,"<p class=""ql-direction-rtl ql-align-right""><span style=""color: rgb(0, 0, 0);"" class=""ql-font-vazirmatn""><span class=""ql-cursor"">﻿</span></span><span style=""color: rgb(0, 0, 0);"">Al-Wārith (The Inheritor) is the One Who lasts after the doom of all creation and Who inherits the earth and all that is in it.</span></p>",The Meaning,"<p class=""ql-direction-rtl ql-align-right""><br></p>"
1833,383,en,Al-Jamīl,summary,"<p class=""ql-direction-rtl ql-align-right""><span style=""color: rgb(0, 0, 0);"" class=""ql-font-vazirmatn""><span class=""ql-cursor"">﻿</span></span><span style=""color: rgb(0, 0, 0);"">Al-Jamīl (The Beautiful) is the One Who possesses absolute beauty in His essence, names, attributes, and actions.</span></p>",The Meaning,"<p class=""ql-direction-rtl ql-align-right""><br></p>"
1834,384,en,Al-Qāhir,summary,"<p class=""ql-direction-rtl ql-align-right""><span style=""color: rgb(0, 0, 0);"" class=""ql-font-vazirmatn""><span class=""ql-cursor"">﻿</span></span><span style=""color: rgb(0, 0, 0);"">Al-Qāhir (The Vanquisher) is the One to Whom all beings submit and before Whose power and will all beings stand humbly.</span></p>",The Meaning,"<p class=""ql-direction-rtl ql-align-right""><br></p>"
1835,385,en,Al-Mubīn,summary,"<p class=""ql-direction-rtl ql-align-right""><span style=""color: rgb(0, 0, 0);"" class=""ql-font-vazirmatn""><span class=""ql-cursor"">﻿</span></span><span style=""color: rgb(0, 0, 0);"">Al-Mubīn (The Evident) is the One Who is evident in His Oneness and that He has no partner, and Who clarifies the truth to His servants.</span></p>",The Meaning,"<p class=""ql-direction-rtl ql-align-right""><br></p>"
1836,386,en,Al-Kāfi,summary,"<p class=""ql-direction-rtl ql-align-right""><span style=""color: rgb(0, 0, 0);"" class=""ql-font-vazirmatn""><span class=""ql-cursor"">﻿</span></span><span style=""color: rgb(0, 0, 0);"">Al-Kāfi (The All-Sufficient) is the One Who fulfills all the needs of His servants and Who is sufficient for them beyond need for anyone else.</span></p>",The Meaning,"<p class=""ql-direction-rtl ql-align-right""><br></p>"
1837,387,en,Al-Witr,summary,"<p class=""ql-direction-rtl ql-align-right""><span style=""color: rgb(0, 0, 0);"" class=""ql-font-vazirmatn""><span class=""ql-cursor"">﻿</span></span><span style=""color: rgb(0, 0, 0);"">Al-Witr (The Odd) is the One Who has no partner or equal.</span></p>",The Meaning,"<p class=""ql-direction-rtl ql-align-right""><br></p>"
1838,388,en,Al-Jawād,summary,"<p class=""ql-direction-rtl ql-align-right""><span style=""color: rgb(0, 0, 0);"" class=""ql-font-vazirmatn""><span class=""ql-cursor"">﻿</span></span><span style=""color: rgb(0, 0, 0);"">Al-Jawād (The Munificent) is the One Who gives abundantly to all creatures.</span></p>",The Meaning,"<p class=""ql-direction-rtl ql-align-right""><br></p>"
1839,389,en,Ar-Rafīq,summary,"<p class=""ql-direction-rtl ql-align-right""><span style=""color: rgb(0, 0, 0);"" class=""ql-font-vazirmatn""><span class=""ql-cursor"">﻿</span></span><span style=""color: rgb(0, 0, 0);"">Ar-Rafīq (The Kind) is the One Who acts deliberately and gradually, and does not hasten to punish sinners.</span></p>",The Meaning,"<p class=""ql-direction-rtl ql-align-right""><br></p>"
1840,390,en,As-Sayyid,summary,"<p class=""ql-direction-rtl ql-align-right""><span style=""color: rgb(0, 0, 0);"" class=""ql-font-vazirmatn""><span class=""ql-cursor"">﻿</span></span><span style=""color: rgb(0, 0, 0);"">As-Sayyid (The Master) is the Lord and the Owner, the One Who possesses true dominance, and to Whom all creation turns for their worldly and their Hereafter affairs.</span></p>",The Meaning,"<p class=""ql-direction-rtl ql-align-right""><br></p>"
1841,391,en,As-Subbūh,summary,"<p class=""ql-direction-rtl ql-align-right""><span style=""color: rgb(0, 0, 0);"" class=""ql-font-vazirmatn""><span class=""ql-cursor"">﻿</span></span><span style=""color: rgb(0, 0, 0);"">Al-Subbūh (The All-Glorious) is the One far exalted above deficiencies and defects and Who is extolled and glorified by all those in the heavens and the earth.</span></p>",The Meaning,"<p class=""ql-direction-rtl ql-align-right""><br></p>"
1842,392,en,Ash-Shākir,summary,"<p class=""ql-direction-rtl ql-align-right""><span style=""color: rgb(0, 0, 0);"" class=""ql-font-vazirmatn""><span class=""ql-cursor"">﻿</span></span><span style=""color: rgb(0, 0, 0);"">Ash-Shākir (The Appreciative) is the One Who praises those who obey Him and rewards them beyond what is due to them.</span></p>",The Meaning,"<p class=""ql-direction-rtl ql-align-right""><br></p>"
1843,393,en,At-Tayyib,summary,"<p class=""ql-direction-rtl ql-align-right""><span style=""color: rgb(0, 0, 0);"" class=""ql-font-vazirmatn""><span class=""ql-cursor"">﻿</span></span><span style=""color: rgb(0, 0, 0);"">At-Tayyib (The Good) means that Allah Almighty is extolled and exalted far above all deficiencies and defects.</span></p>",The Meaning,"<p class=""ql-direction-rtl ql-align-right""><br></p>"
1844,394,en,Al-A‘la,summary,"<p class=""ql-direction-rtl ql-align-right""><span style=""color: rgb(0, 0, 0);"" class=""ql-font-vazirmatn""><span class=""ql-cursor"">﻿</span></span><span style=""color: rgb(0, 0, 0);"">Al-A‘la (The Most High) is a name that denotes the affirmation of all meanings of highness for Allah Almighty from every aspect: highness in His essence, highness in His status, and highness in His power.</span></p>",The Meaning,"<p class=""ql-direction-rtl ql-align-right""><br></p>"
1845,395,en,Al-Qadīr,summary,"<p class=""ql-direction-rtl ql-align-right""><span style=""color: rgb(0, 0, 0);"" class=""ql-font-vazirmatn""><span class=""ql-cursor"">﻿</span></span><span style=""color: rgb(0, 0, 0);"">Al-Qadīr (The Omnipotent) is the One Who possesses complete power and does not suffer any incapability or fatigue.</span></p>",The Meaning,"<p class=""ql-direction-rtl ql-align-right""><br></p>"
1847,396,en,Al-Muhīt,summary,"<p class=""ql-direction-rtl ql-align-right""><span style=""color: rgb(0, 0, 0);"" class=""ql-font-vazirmatn""><span class=""ql-cursor"">﻿</span></span><span style=""color: rgb(0, 0, 0);"">Al-Muhīt (The All-Encompassing) is a name that denotes the exaltedness of Allah above His creation and that He encompasses everything in terms of knowledge, power, and subjugation.</span></p>",The Meaning,"<p class=""ql-direction-rtl ql-align-right""><br></p>"
1848,397,en,Al-Akram,summary,"<p class=""ql-direction-rtl ql-align-right""><span style=""color: rgb(0, 0, 0);"" class=""ql-font-vazirmatn""><span class=""ql-cursor"">﻿</span></span><span style=""color: rgb(0, 0, 0);"">Al-Akram (The Most Generous) is the One Who gives generously, and all goodness lies in His hand and comes from Him.</span></p>",The Meaning,"<p class=""ql-direction-rtl ql-align-right""><br></p>"
1849,398,en,Al-Ilāh,summary,"<p class=""ql-direction-rtl ql-align-right""><span style=""color: rgb(0, 0, 0);"" class=""ql-font-vazirmatn""><span class=""ql-cursor"">﻿</span></span><span style=""color: rgb(0, 0, 0);"">Al-Ilāh (The God) is the One Who possesses all attributes of perfection and majesty and Who alone is worthy of being worshiped. </span></p>",The Meaning,"<p class=""ql-direction-rtl ql-align-right""><br></p>"
1850,399,en,An-Nasīr,summary,"<p class=""ql-direction-rtl ql-align-right""><span style=""color: rgb(0, 0, 0);"" class=""ql-font-vazirmatn""><span class=""ql-cursor"">﻿</span></span><span style=""color: rgb(0, 0, 0);"">An-Nasīr (The Helper) is the One Who helps and supports His believing servants.</span></p>",The Meaning,"<p class=""ql-direction-rtl ql-align-right""><br></p>"
1851,400,en,Al-Mawla,summary,"<p class=""ql-direction-rtl ql-align-right""><span class=""ql-font-vazirmatn""><span class=""ql-cursor"">﻿</span></span>Al-Mawla (The Protector) of all creation is their Master, Owner, Creator, and True Deity worthy of worship; and Al-Mawla of the believing servants is the One Who loves them, guides and supports them, and leads them to their religious and worldly interests.</p>",The Meaning,"<p class=""ql-direction-rtl ql-align-right""><br></p>"
1852,401,en,Al-Hayiyy,summary,"<p class=""ql-direction-rtl ql-align-right""><span style=""color: rgb(0, 0, 0);"" class=""ql-font-vazirmatn""><span class=""ql-cursor"">﻿</span></span><span style=""color: rgb(0, 0, 0);"">Al-Hayiyy (The Modest) is the One Who is very modest. This description befits Allah Almighty and it is nothing like the modesty of people. Rather, it means abandoning what does not suit His vast mercy, perfect generosity, and great forgiveness and forbearance.</span></p>",The Meaning,"<p class=""ql-direction-rtl ql-align-right""><br></p>"
1853,402,en,Al-Muhsin,summary,"<p class=""ql-direction-rtl ql-align-right""><span style=""color: rgb(0, 0, 0);"" class=""ql-font-vazirmatn""><span class=""ql-cursor"">﻿</span></span><span style=""color: rgb(0, 0, 0);"">Al-Muhsin (The Superb Benevolent) is the One Who bestows all kinds of outward and inward favors upon His servants.</span></p>",The Meaning,"<p class=""ql-direction-rtl ql-align-right""><br></p>"
1855,278,tr,Allāh (Allah),summary,"<p class=""ql-direction-rtl ql-align-right"">Allah: Kendisine sevgi, istek ve korku ile ibadet edilen hak ilahtır. Allah'ın bütün güzel isimlerini toplayıp kapsamakta ve Allah Teâlâ'nın diğer bütün sıfatlarını içermektedir.</p>",Anlam,"<p class=""ql-direction-rtl ql-align-right""><span class=""ql-font-vazirmatn""><span class=""ql-cursor"">﻿</span> </span>Bütün kulları üzerinde ulûhiyet ve ubûdiyete sahip, kendisine boyun eğilen ve teslim olunan, rükû ve secde edilen, bütün ibâdet çeşitleri yalnızca kendisine sarfedilen ilah ve ma'buddur.</p>"
1856,279,tr,Er-Rahmân,summary,"<p class=""ql-direction-rtl ql-align-right"">Er-Rahmân: Her şeyi kapsayan yüce ve geniş rahmet sahibi olan.</p>",Anlam,"<p class=""ql-direction-rtl ql-align-right""><span class=""ql-font-vazirmatn""><span class=""ql-cursor"">﻿</span></span>Rahmeti, bütün yaratılanlara yetecek kadar geniş ve kapsamlı olduğuna delâlet eden isimdir.Bu isim, yalnızca Allah Teâlâ'ya hastır ve başkasına vermek câiz değildir.</p>"
1857,280,tr,Er-Rahîm,summary,"<p class=""ql-direction-rtl ql-align-right"">Er-Rahîm: Merhamet edilene karşı yüce bir merhamete sahip olan.</p>",Anlam,"<p class=""ql-direction-rtl ql-align-right""><span class=""ql-font-vazirmatn""><span class=""ql-cursor"">﻿</span></span>Dünya ve âhirette mü'minlere acıyan ve onları bağışlayandır.Nitekim onları kendisine ibâdet etmeye iletmiştir.Âhirette de cennete girdirerek onlara lütufta bulunacaktır.</p>"
1858,281,tr,El-Melik,summary,"<p class=""ql-direction-rtl ql-align-right"">El-Melik: O; yücelik, galip gelme ve düzenlemek/idare etmek gibi sıfatlarla sıfatlanmıştır. Mübalağasız ve savunmaya gerek duymadan bütün her şeyi istediği gibi yöneten ve sahip olandır.</p>",Anlam,"<p class=""ql-direction-rtl ql-align-right""><span class=""ql-font-vazirmatn""><span class=""ql-cursor"">﻿</span></span>Emretme, yasaklama ve üstünlük O'na aittir.Emri ve fiili ile kullarında tasarruf hakkına sahip olandır. Mülkünü idâre veya muhafaza etmesinde O'nun üzerinde hiç kimsenin üstünlüğü yoktur.</p>"
1859,282,tr,El-Kuddûs,summary,"<p class=""ql-direction-rtl ql-align-right"">El-Kuddûs: Ta'zim edilen ve bütün eksik ve noksan sıfatlardan uzak, yarattıklarından hiçbir şeyin kendisine benzemediği varlıktır.</p>",Anlam,"<p class=""ql-direction-rtl ql-align-right""><span class=""ql-font-vazirmatn""><span class=""ql-cursor"">﻿</span></span>Her türlü kusur ve noksanlıktan münezzeh ve temiz olandır.Çünkü O, mutlak kemâl sıfatlarda tektir. Bu sebeple O'na benzerler icat etmeyin.</p>"
1860,283,tr,Es-Selâm,summary,"<p class=""ql-direction-rtl ql-align-right"">Es-Selâm: (Bütün Afet/Bela, Eksiklik ve Kusurlardan Selamette Olan)</p>",Anlam,"<p class=""ql-direction-rtl ql-align-right""><span class=""ql-font-vazirmatn""><span class=""ql-cursor"">﻿</span></span>Zâtı, sıfatları, isimleri ve fiillerinde her türlü kusur ve noksanlıktan selâmette olandır.Dünya ve âhiretteki her selâmet, O'ndandır.</p>"
1861,284,tr,El-Muheymin,summary,"<p class=""ql-direction-rtl ql-align-right"">El-Muheymin: Yarattıklarının işleriyle ilgilenen, onlara hakim olan. Onları idare eden ve her şeyi ilmi ile kuşatan.</p>",Anlam,"<p class=""ql-direction-rtl ql-align-right""><span class=""ql-font-vazirmatn""><span class=""ql-cursor"">﻿</span></span>Her şeyi koruyan ve gözetleyen, ona şâhitlik eden ve onu kuşatandır.</p>"
1862,285,tr,El-Azîz,summary,"<p class=""ql-direction-rtl ql-align-right"">El-Azîz: Kusursuz izzet sahibi, kendisinden başka bütün varlıkları kuvveti, galip gelmesi ve imkânsız kılmasıyla kahreden/galip gelen.</p>",Anlam,"<p class=""ql-direction-rtl ql-align-right""><span class=""ql-font-vazirmatn""><span class=""ql-cursor"">﻿</span></span>İzzet kelimesinin ifâde ettiği bütün anlamlar O'na aittir. Güç ve kuvvet O'nundur. Hiç kimse O'na gâlip gelemez. O'nun hiç kimseye ihtiyacı yoktur. O'nun izni olmadan hiç bir şey yerinden hareket edemez.</p>"
1863,286,tr,El-Cebbâr,summary,"<p class=""ql-direction-rtl ql-align-right"">El-Cebbâr: Yarattıklarının üzerinde, her şeye hükümran/egemen olan, karşısında her şeyin zayıf ve alçak düştüğü, her şeyin kendisine boyun eğdiği ve kendisine yönelenin ihtiyacını gideren.</p>",Anlam,"<p class=""ql-direction-rtl ql-align-right""><span class=""ql-font-vazirmatn""><span class=""ql-cursor"">﻿</span></span>Emri derhal yerine getirilen irâde sahibidir.Bütün mahlukat, O'nun emrine ve azametine boyun eğmiş, O'nun hükmüne teslim olmuştur.Kırık kalpleri onaran, fakiri zengin kılan, zoru kolaya çeviren, hasta ve yaralıyı iyileştirendir.</p>"
1864,288,tr,El-Hâlık,summary,"<p class=""ql-direction-rtl ql-align-right""> El-Hâlık: Varlıkları yaratan, yoktan var eden, icat eden ve daha önce geçmiş bir örneği olmadan ortaya koyandır. </p>",Anlam,"<p class=""ql-direction-rtl ql-align-right""><span class=""ql-font-vazirmatn""><span class=""ql-cursor"">﻿</span></span>Daha önce hiçbir benzeri olmaksızın bütün varlıkları yoktan yaratandır.</p>"
1865,287,tr,El-Mütekebbir,summary,"<p class=""ql-direction-rtl ql-align-right"">El-Mütekebbir: Kâmil olması ve ululuğu sebebiyle kötülük, eksiklik ve kusurdan uzak, büyük ve yüce olan.</p>",Anlam,"<p class=""ql-direction-rtl ql-align-right""><span class=""ql-font-vazirmatn""><span class=""ql-cursor"">﻿</span></span>Her türlü noksanlıklardan uzak ve kullarına zulmetmekten yüce en büyüktür.Zâlim kullarını kahredendir. Kibriyâ sıfatıyla vasfolunandır.Kim bu konuda O'nunla tartışırsa, onu mahveder ve ona azap eder.</p>"
1866,289,tr,el-Kahhâr,summary,"Yenilmeyen, yegâne galip",Anlam,&lt;p&gt;el-K&amp;acirc;hir sıfatının m&amp;uuml;balağasıdır.&lt;/p&gt;
1867,290,tr,El-Vehhâb,summary,"<p class=""ql-direction-rtl ql-align-right"">El-Vehhâb: Vermesi ve bahşetmesi bol ve geniş olan, bütün kâinatı cömertliği ve fazlı keremiyle kapsayan. </p>",Anlam,"<p class=""ql-direction-rtl ql-align-right""><span class=""ql-font-vazirmatn""><span class=""ql-cursor"">﻿</span></span>Bağışı bol olan ve karşılıksız verendir. Hiçbir karşılık olmadan hibe eden ve kendisinden istenmeden nimetlendirendir.</p>"
1868,291,tr,Er-Rezzâk,summary,"<p class=""ql-direction-rtl ql-align-right"">Er-Razzâk: Kullarının kalplerinin ve bedenlerinin yaşama ölçüsü olan rızıklarının sorumluluğunu elinde tutan.</p>",Anlam,"<p class=""ql-direction-rtl ql-align-right""><span class=""ql-font-vazirmatn""><span class=""ql-cursor"">﻿</span></span>Kullarına bol bol rızık verdiğine delâlet eden isimdir.Kendisinden istemeden kullarına rızık verir.Hatta kendisine isyan etmelerine karşı yine de onlara verir.</p>"
1869,292,tr,El-Alîm,summary,"<p class=""ql-direction-rtl ql-align-right"">El-Alîm: İlmi ile her şeyi kuşatan.</p>",Anlam,"<p class=""ql-direction-rtl ql-align-right""><span class=""ql-font-vazirmatn""><span class=""ql-cursor"">﻿</span></span>Görünen ve görünmeyeni, gizli ve açığı, geçmişi, şimdiki zamanı ve geleceği ilmiyle kuşatandır. Hiçbir şey O'na gizli-saklı kalmaz.</p>"
1870,293,tr,Es-Semi',summary,"<p class=""ql-direction-rtl ql-align-right"">Es-Semi': Bütün işitilenleri duyan, O açıktan olsun saklı olsun gizliyi de fısıltıyı da dile getirilip söyleneni ve söylenmeyeni de duyandır.</p>",Anlam,"<p class=""ql-direction-rtl ql-align-right""><span class=""ql-font-vazirmatn""><span class=""ql-cursor"">﻿</span></span>Sır ve fısıltılar ile aşikâr, hatta ne kadar kısık veya yüksek sesle olursa olsun, her şeyi işitmesiyle kuşatan ve duâ edenin duâsına icâbet edendir.</p>"
1871,294,tr,El-Latîf,summary,"<p class=""ql-direction-rtl ql-align-right"">El-Latîf : Çok küçük dahi olsa hiçbir şeyin kendisine gizli kalmadığı, kullarına çokça iyilikle muamele eden, kullarının iyiliğine olan şeylerde onları muvaffak kılan.</p>",Anlam,"<p class=""ql-direction-rtl ql-align-right""><span class=""ql-font-vazirmatn""><span class=""ql-cursor"">﻿</span></span>Her şeyi, en ince ayrıntısına kadar bilendir.Hiçbir şey O'ndan gizli-saklı kalmaz.İyilik ve faydayı, hiç hesaplamadıkları yerlerden kullarına gizlice ulaştırır.</p>"
1872,295,tr,El-Habîr,summary,"<p class=""ql-direction-rtl ql-align-right"">El-Habîr: İlmi ile eşyanın görünen yüzünü bildiği gibi eşyanın iç yüzünü ve gizli olanını da en iyi bilen.</p>",Anlam,"<p class=""ql-direction-rtl ql-align-right""><span class=""ql-font-vazirmatn""><span class=""ql-cursor"">﻿</span></span>Her şeyin görünen yönlerini ilmiyle kuşattığı gibi, görünmeyen yönlerini de ilmiyle kuşatandır.</p>"
1873,296,tr,El-Halîm,summary,"<p class=""ql-direction-rtl ql-align-right"">El-Halîm: Günahları sebebiyle kullarını cezalandırmada acele etmeyen vakar ve rıfk sahibi.</p>",Anlam,"<p class=""ql-direction-rtl ql-align-right""><span class=""ql-font-vazirmatn""><span class=""ql-cursor"">﻿</span></span>Kullarını cezalandırmaya gücü yettiği halde onları cezalandırmakta acele etmeyen, aksine istiğfarda bulundukları zaman onları affeden ve bağışlayandır.</p>"
1874,297,tr,El-Azîm,summary,"<p class=""ql-direction-rtl ql-align-right"">El-Azîm: Ruhların yücelttiği, kalplerin sevdiği, eksiksiz, mükemmel, şerefli, büyük ve yüce olan bütün sıfatları kendisinde toplayan.</p>",Anlam,"<p class=""ql-direction-rtl ql-align-right""><span class=""ql-font-vazirmatn""><span class=""ql-cursor"">﻿</span></span>Zâtı, isimleri ve sıfatlarında mutlak azamet sahibi O'dur.Bunun için bütün kulların, O'na tazim göstermeleri, O'nu, O'nun emir ve yasaklarını yüceltmeleri gerekir.</p>"
1875,298,tr,El-Gafûr,summary,"<p class=""ql-direction-rtl ql-align-right"">El-Gafûr: Kullarını, günahlarının şerrinden koruyan ve onları işledikleri günahlardan dolayı cezalandırmayan.</p>",Anlam,"<p class=""ql-direction-rtl ql-align-right""><span class=""ql-font-vazirmatn""><span class=""ql-cursor"">﻿</span></span>Günahkârın günahını örten, onu rezil etmeyen ve günahından dolayı onu cezalandırmayandır.</p>"
1876,299,tr,Eş-Şekûr,summary,"<p class=""ql-direction-rtl ql-align-right"">Eş-Şekûr: Az bir amel karşılığında çokça, bolca ve kat kat sevap veren, hatalardan çoğunu bağışlayan.</p>",Anlam,"<p class=""ql-direction-rtl ql-align-right""><span class=""ql-font-vazirmatn""><span class=""ql-cursor"">﻿</span></span>O'nun nezdinde kulların az olan amelleri artar.Kullarının amellerinin karşılığını kat kat verir. Allah'ın kuluna olan şükrü, kulunun şükrüne karşılık onu mükafalandırması ve tâatini kabul etmesidir.</p>"
1877,300,tr,El-Kebîr,summary,"<p class=""ql-direction-rtl ql-align-right"">El-Kebîr: Her şeyin kendisinden düşük olduğu en azametli, kendisinden daha azametli hiçbir varlığın olmadığı en yüce olan. </p>",Anlam,"<p class=""ql-direction-rtl ql-align-right""><span class=""ql-font-vazirmatn""><span class=""ql-cursor"">﻿</span></span>Zâtı, sıfatları ve fiillerinde büyüktür. O'ndan daha büyük hiç kimse yoktur. Aksine O'nun dışındaki her şey, O'nun celâli ve azameti önünde küçüktür.</p>"
1878,301,tr,El-Hafîz,summary,"<p class=""ql-direction-rtl ql-align-right"">El-Hafîz: Yarattıklarını koruyan, ilminin yoktan var ettiği her şeyi kuşattığı, kendisine dost olanları günahlara ve fenalıklara/helaka düşmekten koruyan, kulların amellerini ve amellerinin karşılıklarını sayıp kayıt altına alan.</p>",Anlam,"<p class=""ql-direction-rtl ql-align-right""><span class=""ql-font-vazirmatn""><span class=""ql-cursor"">﻿</span></span>Lütuf ve ihsanıyla mü'min kullarını ve onların amellerini, kudretiyle de bütün yarattıklarını koruyan ve gözetendir.</p>"
1879,302,tr,El-Mukît,summary,"<p class=""ql-direction-rtl ql-align-right"">El-Mukît: İlmi ile yarattıklarının gıdalarını/yiyeceklerini takdir eden, sonra kudreti ile o yiyecekleri onlara götüren, ulaştıran ve aralarında pay eden.</p>",Anlam,"<p class=""ql-direction-rtl ql-align-right""><span class=""ql-font-vazirmatn""><span class=""ql-cursor"">﻿</span></span>Kullarının azıkları ile rızıklarını yaratan ve bunları kullarına ulaştırmayı üstlenendir.Kullarının rızıklarını ve amellerini noksansız koruyan ve gözetendir.</p>"
1880,303,tr,El-Kerîm,summary,"<p class=""ql-direction-rtl ql-align-right"">El-Kerîm: Hayrı ve (yarattıklarına) faydası çok büyük olan.</p>",Anlam,"<p class=""ql-direction-rtl ql-align-right""><span class=""ql-font-vazirmatn""><span class=""ql-cursor"">﻿</span></span>Hayrı çok, lütuf ve ihsanı büyük olandır. Dilediği kimseye, -istesin veya istemesin- dilediği kadar ve dilediği şekilde veren, günahları affeden, kusur ve ayıpları örtendir.</p>"
1881,304,tr,Er-Rakîb,summary,"<p class=""ql-direction-rtl ql-align-right"">Er-Rakîb: Her şeye muttali olan, sırlara ve en gizli olana şahit olan, bilen ve gören, görünmeyen ve fısıltı dahi kendisine gizli kalmayan.</p>",Anlam,"<p class=""ql-direction-rtl ql-align-right""><span class=""ql-font-vazirmatn""><span class=""ql-cursor"">﻿</span></span>Kullarına muttali olan ve onların amellerini sayandır.Bakanın bakışı ile aklından geçirenin aklından geçirdiği şey, O'ndan asla kaçmaz,</p>"
1882,305,tr,El-Mucîb,summary,"<p class=""ql-direction-rtl ql-align-right"">El-Mucîb: İstekte bulunanların dileklerine ve dua edenlerin dualarına icabet edip kabul ederek karşılık veren.</p>",Anlam,"<p class=""ql-direction-rtl ql-align-right""><span class=""ql-font-vazirmatn""><span class=""ql-cursor"">﻿</span></span>İlmi ve hikmeti gereği duâ edenlerin duâlarına ve isteyenlerin isteklerine icâbet edendir.</p>"
1883,306,tr,El-Vâsi',summary,"<p class=""ql-direction-rtl ql-align-right"">El-Vâsi': Her sıfatın tam manası ve en mükemmel değerine sahip olan. </p>",Anlam,"<p class=""ql-direction-rtl ql-align-right""><span class=""ql-font-vazirmatn""><span class=""ql-cursor"">﻿</span></span>Sıfatları geniş olandır.O'na olan övgüleri hiç kimse sayamaz. Azamet ve mülkü, mağfiret ve rahmeti, lütuf ve ihsanı pek geniştir.</p>"
1884,307,tr,El-Hakîm,summary,"<p class=""ql-direction-rtl ql-align-right"">El-Hakîm: Emirlerinde ve kanun koymasında mükemmel hikmet sahibi ve kulları arasında tam eksiksiz hüküm veren.</p>",Anlam,"<p class=""ql-direction-rtl ql-align-right""><span class=""ql-font-vazirmatn""><span class=""ql-cursor"">﻿</span></span>Her şeyi yerli yerine koyandır. O'nun idâresine hiçbir aksaklık ve yanlışlık girmez.</p>"
1885,308,tr,El-Vedûd,summary,"<p class=""ql-direction-rtl ql-align-right"">El-Vedûd: Seven ve sevilen, O peygamberlerini, rasûllerini ve onlara uyanları sever ve onlar da O'nu severler.</p>",Anlam,"<p class=""ql-direction-rtl ql-align-right""><span class=""ql-font-vazirmatn""><span class=""ql-cursor"">﻿</span></span>Dostlarını seven, onlara mağfiret ve nimetleriyle kendisini sevdiren, onlardan râzı olan, onların amellerini kabul eden ve yeryüzünde onların kabul görmelerini sağlayandır.</p>"
1886,309,tr,El-Mecîd,summary,"<p class=""ql-direction-rtl ql-align-right"">El-Mecîd: Kemal sıfatlarından azametli (etkisi) geniş bir çok sıfatlara sahip olan.</p>",Anlam,"<p class=""ql-direction-rtl ql-align-right""><span class=""ql-font-vazirmatn""><span class=""ql-cursor"">﻿</span></span>Göklerde ve yerde bulunan her türlü övünç, cömertlik, izzet ve yücelik, yalnızca O'nundur.</p>"
1887,310,tr,Eş-Şehîd,summary,"<p class=""ql-direction-rtl ql-align-right"">Eş-Şehîd: Kendisine hiçbir şeyin gizli kalmayacağı, her şeye muttali olup en iyi gören, ayrıntılarını en iyi bilen.</p>",Anlam,"<p class=""ql-direction-rtl ql-align-right""><span class=""ql-font-vazirmatn""><span class=""ql-cursor"">﻿</span></span>Kulları üzerinde gözetici olandır.Nefsine vahdaniyet, kıyam ve adâlet gibi sıfatlarla şâhitlik etmiştir. Kendisini birledikleri, elçilerine ve meleklerine îmân ettikleri zaman mü'minlerin doğru olduklarına şâhitlik etmiştir.</p>"
1888,311,tr,El-Hak,summary,"<p class=""ql-direction-rtl ql-align-right"">El-Hak: Varlığı ve var oluşu gerçek olan, isimleri, sıfatları, hükümleri, cezalandırması (her şeyin karşılığını vermesi) bütün bunların hepsi tam ve hak olan, bunların içinde hiçbir şeyin batıl olmadığı varlık.</p>",Anlam,"<p class=""ql-direction-rtl ql-align-right""><span class=""ql-font-vazirmatn""><span class=""ql-cursor"">﻿</span></span>Ne kendisinde, ne isim ve sıfatlarında, ne de ulûhiyetinde şek ve şüphe olandır. O, hakkıyla ibâdete lâyık ma'buddur. O'nun dışında ibâdete lâyık hiçbir ma'bud yoktur.</p>"
1889,312,tr,El-Kaviy,summary,"<p class=""ql-direction-rtl ql-align-right""><span style=""color: rgb(57, 57, 57);"">El-Kaviy: Takdir ettiğini hiçbir şeyin çeviremeyeceği, kendisine hiçbir şeyin galip gelemeyeceği tam bir güç ve kuvvet sahibi.</span></p>",Anlam,"<p class=""ql-direction-rtl ql-align-right""><span class=""ql-font-vazirmatn""><span class=""ql-cursor"">﻿</span></span>Takdir ettiğini hiçbir şeyin çeviremeyeceği, kendisine hiçbir şeyin galip gelemeyeceği tam bir güç ve kuvvet sahibi</p>"
1890,313,tr,El-Metîn,summary,"<p class=""ql-direction-rtl ql-align-right""><span style=""color: rgb(57, 57, 57);"">El-Metîn: Kuvvet ve kudrette şiddetli ve en üst seviyesinde olan, kendisine zayıflık ve zorluğun etki edemeyeceği tek ve en yüce varlık.</span></p>",Anlam,"<p class=""ql-direction-rtl ql-align-right""><span class=""ql-font-vazirmatn""><span class=""ql-cursor"">﻿</span></span>O, kuvvet ve kudretinde çetin olandır. Fiillerinde, kendisine ne bir meşakkat, ne bir külfet, ne de bir yorgunluk ulaşır.</p>"
1891,314,tr,El-Hayy,summary,"<p class=""ql-direction-rtl ql-align-right""><span style=""color: rgb(57, 57, 57);"">El-Hayy: Öncesinde yokluğun olmadığı ve sonrasında da fani olmayan tam bir hayatın bütün manalarına sahip olan.</span></p>",Anlam,"<p class=""ql-direction-rtl ql-align-right""><span class=""ql-font-vazirmatn""><span class=""ql-cursor"">﻿</span></span>Sürekli kâmil hayat ile başı ve sonu olmayan bekâ yalnızca O'nundur.Hâli hazırda olan her hayat, yalnızca O'ndandır.</p>"
1892,315,tr,El-Kayyûm,summary,"<p class=""ql-direction-rtl ql-align-right""><span style=""color: rgb(57, 57, 57);"">El-Kayyûm: Kendi nefsine yeten, hiçbir kimseye ihtiyaç duymayan, her işi idare edip yapan ve hiç kimsenin kendisinden müstağni olmadığı varlık.</span></p>",Anlam,"<p class=""ql-direction-rtl ql-align-right""><span class=""ql-font-vazirmatn""><span class=""ql-cursor"">﻿</span></span>Her şeyi tek başına idâre eden, bütün kullarından müstağnî olan, göklerde ve yerde olan her şeyi ikâme edendir.(Göklerde ve yerde olan her şey), O'na muhtaçtır.</p>"
1893,316,tr,Es-Samed,summary,"<p class=""ql-direction-rtl ql-align-right""><span style=""color: rgb(57, 57, 57);"">Es-Samed: Mükemmel olan Rab ve yüce sahip, ihtiyaç duyulan her şeyde isteyerek ve korku ile kendisine yönelmenin kast edildiği tek ve en yüce varlık. </span></p>",Anlam,"<p class=""ql-direction-rtl ql-align-right""><span class=""ql-font-vazirmatn""><span class=""ql-cursor"">﻿</span></span>Efendiliğinde kâmil olan efendidir.O'na büyük ihtiyaç duydukları için bütün yarattıkları, ihtiyaçlarında O'na yönelirler.Yedirip doyuran, fakat kendisi yedirilip doyurulmayandır.</p>"
1894,317,tr,El-Kâdir,summary,"<p class=""ql-direction-rtl ql-align-right""><span style=""color: rgb(57, 57, 57);"">El-Kâdir: Kendisinden istenilen hiçbir şeyin elden kaçamayacağı, hiçbir şeyin aciz bırakamadığı, tam, kapsamlı ve mükemmel bir kudret sahibi. </span></p>",Anlam,"<p class=""ql-direction-rtl ql-align-right""><span class=""ql-font-vazirmatn""><span class=""ql-cursor"">﻿</span></span>el-Kadîr, el-Kâdir anlamınadır. Fakat el-Kadîr, Allah Teâlâ'yı övgüde daha beliğdir.</p>"
1895,318,tr,El-Muteâl,summary,"<p class=""ql-direction-rtl ql-align-right""><span style=""color: rgb(57, 57, 57);"">El-Muteâl: Her yönüyle Allah'ın mutlak yüceliğine delalet eden isim. Zâtıyla bütün mahlukatının üstünde olan, güç ve galip gelmesinde yüce olan.</span></p>",Anlam,"<p class=""ql-direction-rtl ql-align-right""><span class=""ql-font-vazirmatn""><span class=""ql-cursor"">﻿</span></span>Yüceliği önünde her şey zelîl olandır.O'nun üstünde hiçbir şey yoktur. Aksine her şey O'nun altındadır. O'nun gücü ve hükümranlığı altındadır.</p>"
1896,319,tr,Et-Tevvâb,summary,"<p class=""ql-direction-rtl ql-align-right""><span style=""color: rgb(57, 57, 57);"">Et-Tevvâb: Kulu tövbe etmeye muvaffak kılan ve tövbesini kabul eden.</span></p>",Anlam,"<p class=""ql-direction-rtl ql-align-right""><span class=""ql-font-vazirmatn""><span class=""ql-cursor"">﻿</span></span>Kullarından dilediklerini tevbe etmeye muvaffak kılan ve onların tevbesini kabul edendir.</p>"
1897,320,tr,El-Afuvv,summary,"<p class=""ql-direction-rtl ql-align-right""><span style=""color: rgb(57, 57, 57);"">El-Afuvv: O, kötülükleri silen ve günahları affedendir.</span></p>",Anlam,"<p class=""ql-direction-rtl ql-align-right""><span class=""ql-font-vazirmatn""><span class=""ql-cursor"">﻿</span></span>Günahı silen, bağışlayan ve cezayı hak ettiği halde kulunu cezalandırmayandır.</p>"
1898,321,tr,Er-Raûf,summary,"<p class=""ql-direction-rtl ql-align-right""><span style=""color: rgb(57, 57, 57);"">Er-Raûf: Kullarına çok şefkatli ve merhametli olan.</span></p>",Anlam,"<p class=""ql-direction-rtl ql-align-right""><span class=""ql-font-vazirmatn""><span class=""ql-cursor"">﻿</span></span>Ra'fet kelimesinden gelmektedir ve rahmetten daha belîği ve daha çoktur. Ra'fet, dünyada bütün yaratılanlar için geneldir.Âhirette ise O'nun dostları olan mü'minlerin birbirleri içindir.</p>"
1899,322,tr,El-Ganiy,summary,"<p class=""ql-direction-rtl ql-align-right""><span style=""color: rgb(57, 57, 57);"">El-Ganiy: Kendisinden başka her varlığın O'na muhtaç olduğu, kendisinin hiçbir varlığa ihtiyaç duymadığı.</span></p>",Anlam,"<p class=""ql-direction-rtl ql-align-right""><span class=""ql-font-vazirmatn""><span class=""ql-cursor"">﻿</span></span>Zâtı ve sıfatları kâmil olduğu için kullarından hiç birisine muhtaç olmayan, aksine bütün kulları kendisine, nimetlerine ve yardımına muhtaç olandır.</p>"
1900,323,tr,El-Hâdî,summary,"<p class=""ql-direction-rtl ql-align-right""><span style=""color: rgb(57, 57, 57);"">El-Hâdî: Kullarını bütün yararlı işlere ve zararlı şeylerin de def edilmesine yönlendiren, onlardan dilediğini doğru yola girmeye muvaffak kılan.</span></p>",Anlam,"<p class=""ql-direction-rtl ql-align-right""><span class=""ql-font-vazirmatn""><span class=""ql-cursor"">﻿</span> </span>Kullarını bütün yararlı işlere ve zararlı şeylerin de def edilmesine yönlendiren, onlardan dilediğini doğru yola girmeye muvaffak kılan</p>"
1901,324,tr,El-Karîb,summary,"<p class=""ql-direction-rtl ql-align-right"">El-Karib: Kendine itaat edene sevap vererek, dua edene icabet ederek, diğer kullarına da ilmi ile yakın olan. Yakın olması Allah Subhanehu ve Teâlâ'nın yüce ve zatı ile yukarıda olmasına ters değildir.</p>",Anlam,"<p class=""ql-direction-rtl ql-align-right""><span class=""ql-font-vazirmatn""><span class=""ql-cursor"">﻿</span></span>İlmi ve kudretiyle bütün kullarına, lütfu ve yardımıyla da mü'min kullarına yakındır. Bununla beraber O, arşının üzerindedir. O'nun zâtı, yarattıklarına karışmaz.</p>"
1902,325,tr,El-Mennân,summary,"<p class=""ql-direction-rtl ql-align-right""><span style=""color: rgb(57, 57, 57);"">El-Mennân: Nimet veren, çok büyük şeyler bağışlayan, istenilmeden önce cömertliğiyle bolca nimet veren.</span></p>",Anlam,"<p class=""ql-direction-rtl ql-align-right""><span class=""ql-font-vazirmatn""><span class=""ql-cursor"">﻿</span></span></p>"
1903,326,tr,Eş-Şâfî,summary,"<p class=""ql-direction-rtl ql-align-right""><span style=""color: rgb(57, 57, 57);"">Eş-Şâfî: Kulları, vücutlarında meydana gelen hastalıklardan, kalplerdeki şüphelerden ve nefislerindeki şehevî arzularından kurtarıp onlara afiyet veren.</span></p>",Anlam,"<p class=""ql-direction-rtl ql-align-right""><span class=""ql-font-vazirmatn""><span class=""ql-cursor"">﻿</span></span>Kalpleri ve bedenleri hastalıklarından şifâya kavuşturandır.Kullarının elinde, Allah'ın onlara kolay kıldığı ilaçlardan başka ilaç yoktur.Şifâ ise, yalnızca O'nun elindedir.</p>"
1904,327,tr,Er-Rab,summary,"<p class=""ql-direction-rtl ql-align-right""><span style=""color: rgb(57, 57, 57);"">Er-Rab: O, mâlik, seyyid ve başkalarını ıslah eden, kullarının hepsini idare eden ve çeşitli nimetlerle terbiye eden, yetiştirendir.</span></p>",Anlam,"<p class=""ql-direction-rtl ql-align-right""><span class=""ql-font-vazirmatn""><span class=""ql-cursor"">﻿</span></span>Nimetleriyle kullarını terbiye eden ve onları yavaş yavaş yetiştirendir. Dostlarının kalplerini ıslah edecek şeylerle terbiye edendir.O, yaratan, mâlik ve efendidir.</p>"
1905,328,tr,El-Mu'tî,summary,"<p class=""ql-direction-rtl ql-align-right""><span style=""color: rgb(57, 57, 57);"">El-Mu'tî: Gerçek manada vermede tek olan, verdiğine kimsenin engel olamayacağı, engellediğine de kimsenin veremeyeceği tek varlık.</span></p>",Anlam,"<p class=""ql-direction-rtl ql-align-right""><span class=""ql-font-vazirmatn""><span class=""ql-cursor"">﻿</span></span>Hazinelerinden dilediği kuluna verendir.Lütuf ve bağışından en büyük nasibi, kendi dostları içindir.O, her şeye, yaratılış ve şekil verendir.</p>"
1906,329,tr,El-Ehad,summary,"<p class=""ql-direction-rtl ql-align-right""><span style=""color: rgb(57, 57, 57);"">El-Ehad: Rubûbiyyetinde, ulûhiyetinde, isimlerinde ve sıfatlarında bir ve tek olarak bütün mükemmelliklerin kendinde toplandığı ve bütün bunlarda hiçbir ortağı olmayandır.</span></p>",Anlam,"<p class=""ql-direction-rtl ql-align-right""><span class=""ql-font-vazirmatn""><span class=""ql-cursor"">﻿</span></span></p>"
1907,330,tr,El-Mü'min,summary,"<p class=""ql-direction-rtl ql-align-right"">El-Mü'min: Peygamberlerine deliller ve mucizeler vererek onaylayan/destekleyen, eksiksiz ve tam olan adaletiyle yarattıklarını zulümden güvende kılan.</p>",Anlam,"<p class=""ql-direction-rtl ql-align-right""><span class=""ql-font-vazirmatn""><span class=""ql-cursor"">﻿</span></span>Elçileri (peygamberleri) tasdik eden, onlara tâbi olanları (îmânlarında) sâdık olduklarına şâhitlik eden, peygamberlerin getirdiklerini (mucizeleri) tasdik edendir.Dünya ve âhirette her emniyet ve güveni verendir.Kıyâmet gününde kendisine îmân edenlere zulüm veya azap etmekten veyahut da onları korkutmaktan emîn kılandır.</p>"
1908,331,tr,El-Bâri,summary,"<p class=""ql-direction-rtl ql-align-right"">El-Bârî: Bütün varlıkları, kâinatı yaratan, şekil veren, yoktan var eden yaratıcı.</p>",Anlam,"<p class=""ql-direction-rtl ql-align-right""><span style=""color: rgb(32, 33, 34);"" class=""ql-font-vazirmatn""><span class=""ql-cursor"">﻿</span></span><span style=""color: rgb(32, 33, 34);"">El-Bârî: Bütün varlıkları, kâinatı yaratan, şekil veren, yoktan var eden yaratıcı. </span></p>"
1909,332,tr,El-Musavvir,summary,"<p class=""ql-direction-rtl ql-align-right"">El-Musavvir: O, ilminin ve hikmetinin kemaline delalet eder şekilde yarattıklarını farklı şekillerde ve değişik görünüşlerde yaratan.</p>",Anlam,"<p class=""ql-direction-rtl ql-align-right""><span style=""color: rgb(32, 33, 34);"" class=""ql-font-vazirmatn""><span class=""ql-cursor"">﻿</span></span><span style=""color: rgb(32, 33, 34);"">El-Musavvir: O, ilminin ve hikmetinin kemaline delalet eder şekilde yarattıklarını farklı şekillerde ve değişik görünüşlerde yaratan. </span></p>"
1910,334,tr,El-Fettâh,summary,"<p class=""ql-direction-rtl ql-align-right"">El-Fettâh: Kulları arasında şer'î hükümleriyle hükmeden, kaderî hükümleri ile yargılayan ve cezaî hükümleri ile de kullarını hesaba çeken. </p>",Anlam,"<p class=""ql-direction-rtl ql-align-right""><span style=""color: rgb(32, 33, 34);"" class=""ql-font-vazirmatn""><span class=""ql-cursor"">﻿</span></span><span style=""color: rgb(32, 33, 34);"">El-Fettâh: Kulları arasında şer'î hükümleriyle hükmeden, kaderî hükümleri ile yargılayan ve cezaî hükümleri ile de kullarını hesaba çeken.</span></p>"
1911,338,tr,Er-Rafi',summary,"<p class=""ql-direction-rtl ql-align-right""> Er-Rafi': O, evliyalarını bu dünyada ve ahirette yücelttiği gibi, dilediğini dilediği gibi yücelten.</p>",Anlam,"<p class=""ql-direction-rtl ql-align-right""><span style=""color: rgb(32, 33, 34);"" class=""ql-font-vazirmatn""><span class=""ql-cursor"">﻿</span></span><span style=""color: rgb(32, 33, 34);"">Er-Rafi': O, evliyalarını bu dünyada ve ahirette yücelttiği gibi, dilediğini dilediği gibi yücelten.</span></p>"
1912,341,tr,El-Basîr,summary,"<p class=""ql-direction-rtl ql-align-right"">El-Basîr: En ince ayrıntısına kadar herşeyi gözü ile görüp kuşatan, her şeyi en iyi şekilde idrak edip bilen ve gören, her şeyin gizlisine iç yüzüne muttali olan.</p>",Anlam,"<p class=""ql-direction-rtl ql-align-right""><span style=""color: rgb(32, 33, 34);"" class=""ql-font-vazirmatn""><span class=""ql-cursor"">﻿</span></span><span style=""color: rgb(32, 33, 34);"">El-Basîr: En ince ayrıntısına kadar herşeyi gözü ile görüp kuşatan, her şeyi en iyi şekilde idrak edip bilen ve gören, her şeyin gizlisine iç yüzüne muttali olan.</span></p>"
1913,342,tr,El-Hakem,summary,"<p class=""ql-direction-rtl ql-align-right"">El-Hakem: Her şeyin hükmünü veren, istediği gibi hüküm veren, kulları arasında hak ve adalet ile hükmeden.</p>",Anlam,"<p class=""ql-direction-rtl ql-align-right""><span style=""color: rgb(32, 33, 34);"" class=""ql-font-vazirmatn""><span class=""ql-cursor"">﻿</span></span><span style=""color: rgb(32, 33, 34);"">El-Hakem: Her şeyin hükmünü veren, istediği gibi hüküm veren, kulları arasında hak ve adalet ile hükmeden. </span></p>"
1914,344,tr,El-Aliyy,summary,"<p class=""ql-direction-rtl ql-align-right"">El-Aliyy: Her yönden mutlak yücelik sahibi; gücünde, galip gelmesinde yüce olan, zâtında yüce olan/ mahlukatının üstünde olan.</p>",Anlam,"<p class=""ql-direction-rtl ql-align-right""><span style=""color: rgb(32, 33, 34);"" class=""ql-font-vazirmatn""><span class=""ql-cursor"">﻿</span></span><span style=""color: rgb(32, 33, 34);"">El-Aliyy: Her yönden mutlak yücelik sahibi; gücünde, galip gelmesinde yüce olan, zâtında yüce olan/ mahlukatının üstünde olan.</span></p>"
1915,345,tr,El-Hasîb,summary,"<p class=""ql-direction-rtl ql-align-right"">El-Hasîb: Kendisine tevekkül eden Mü'min kullarının fiillerini en iyi bilen ve yaptıklarına karşı onları hesaba çekecek olan.</p>",Anlam,"<p class=""ql-direction-rtl ql-align-right""><span style=""color: rgb(32, 33, 34);"" class=""ql-font-vazirmatn""><span class=""ql-cursor"">﻿</span></span><span style=""color: rgb(32, 33, 34);"">El-Hasîb: Kendisine tevekkül eden Mü'min kullarının fiillerini en iyi bilen ve yaptıklarına karşı onları hesaba çekecek olan. </span></p>"
1916,348,tr,El-Vekîl,summary,"<p class=""ql-direction-rtl ql-align-right""><span style=""color: rgb(57, 57, 57);"">El-Vekîl: Yarattıklarının rızkına kefil olan, onların yararlandığı şeyleri yapan, dostlarını seven ve onların işlerini kolaylaştıran, onlardan zor olanı uzaklaştıran, onlar adına işleri yüklenen ve sorumluluğu üstlenen.</span></p>",Anlam,"<p class=""ql-direction-rtl ql-align-right""><span style=""color: rgb(32, 33, 34);"" class=""ql-font-vazirmatn""><span class=""ql-cursor"">﻿</span></span><span style=""color: rgb(32, 33, 34);"">El-Vekîl: Yarattıklarının rızkına kefil olan, onların yararlandığı şeyleri yapan, dostlarını seven ve onların işlerini kolaylaştıran, onlardan zor olanı uzaklaştıran, onlar adına işleri yüklenen ve sorumluluğu üstlenen.</span></p>"
1917,350,tr,El-Hamîd,summary,"<p class=""ql-direction-rtl ql-align-right""><span style=""color: rgb(57, 57, 57);"">El-Hamîd: Allah Teâlâ için bütün övgülere ve mükemmelliklere delalet eden bir isimdir. Zatında, isimlerinde, sıfatlarında ve fiillerinde kâmil olması sebebiyle hamd edilmeyi hak eden.</span></p>",Anlam,"<p class=""ql-direction-rtl ql-align-right""><span style=""color: rgb(32, 33, 34);"" class=""ql-font-vazirmatn""><span class=""ql-cursor"">﻿</span></span><span style=""color: rgb(32, 33, 34);"">El-Hamîd: Allah Teâlâ için bütün övgülere ve mükemmelliklere delalet eden bir isimdir. Zatında, isimlerinde, sıfatlarında ve fiillerinde kâmil olması sebebiyle hamd edilmeyi hak eden.</span></p>"
1918,358,tr,El-Vâhid,summary,"<p class=""ql-direction-rtl ql-align-right""><span style=""color: rgb(57, 57, 57);"">El-Vâhid: Zâtında, sıfatlarında ve fiillerinde bütün mükemmelliklerin tek sahibi, bunların içinden hiç birinde ortağı olmayan.</span></p>",Anlam,"<p class=""ql-direction-rtl ql-align-right""><span class=""ql-font-vazirmatn""><span class=""ql-cursor"">﻿</span></span>Bütün mükemmeliklerle mutlak bir ve tek olan, kendisine hiçbir ortak olmayandır.O'nun benzeri hiçbir şey yoktur.İşte bu, O'nu ibâdette birlemeyi gerektirir. O'nun hiçbir ortağı yoktur.</p>"
1919,359,tr,El-Muktedir,summary,"<p class=""ql-direction-rtl ql-align-right""><span style=""color: rgb(57, 57, 57);"">El-Muktedir: Hiç bir şeyin imtina edemeyeceği/kaçınamayacağı tam bir kudret sahibi.</span></p>",Anlam,"<p class=""ql-direction-rtl ql-align-right""><span style=""color: rgb(32, 33, 34);"" class=""ql-font-vazirmatn""><span class=""ql-cursor"">﻿</span></span><span style=""color: rgb(32, 33, 34);"">El-Muktedir: Hiç bir şeyin imtina edemeyeceği/kaçınamayacağı tam bir kudret sahibi. </span></p>"
1920,360,tr,El-Mukaddim,summary,"<p class=""ql-direction-rtl ql-align-right""><span style=""color: rgb(57, 57, 57);"">El-Mukaddim: Eşyaları hak ettikleri yere koyan, onlardan istediğini öne alan ve istediğini de geciktiren.</span></p>",Anlam,"<p class=""ql-direction-rtl ql-align-right""><span style=""color: rgb(32, 33, 34);"" class=""ql-font-vazirmatn""><span class=""ql-cursor"">﻿</span></span><span style=""color: rgb(32, 33, 34);"">El-Mukaddim: Eşyaları hak ettikleri yere koyan, onlardan istediğini öne alan ve istediğini de geciktiren.</span></p>"
1921,361,tr,El-Muahhir,summary,"<p class=""ql-direction-rtl ql-align-right""><span style=""color: rgb(57, 57, 57);"">El-Muahhir: O gecikmesi gereken şeyleri geciktiren ve yerli yerine koyan.</span></p>",Anlam,"<p class=""ql-direction-rtl ql-align-right""><span style=""color: rgb(32, 33, 34);"" class=""ql-font-vazirmatn""><span class=""ql-cursor"">﻿</span></span><span style=""color: rgb(32, 33, 34);"">El-Muahhir: O gecikmesi gereken şeyleri geciktiren ve yerli yerine koyan.</span></p>"
1922,362,tr,El-Evvel,summary,"<p class=""ql-direction-rtl ql-align-right""><span style=""color: rgb(57, 57, 57);"">El-Evvel: Kendisinden önce hiçbir şey olmayan.</span></p>",Anlam,"<p class=""ql-direction-rtl ql-align-right""><span class=""ql-font-vazirmatn""><span class=""ql-cursor"">﻿</span></span>Kendisinden önce hiçbir şey olmayandır.Aksine bütün mahlukat, O'nun yaratmasıyla meydana gelmiştir. O'na gelince, O'nun varlığının başlangıcı yoktur.</p>"
1923,363,tr,El-Âhir,summary,"<p class=""ql-direction-rtl ql-align-right""><span style=""color: rgb(57, 57, 57);"">El-Âhir: Kendisinden sonra hiçbir şey olmayan.</span></p>",Anlam,"<p class=""ql-direction-rtl ql-align-right""><span class=""ql-font-vazirmatn""><span class=""ql-cursor"">﻿</span></span>Kendisinden sonra hiçbir şey olmayandır.O, Bâkî'dir.Yeryüzünde bulunan her şey ise, fânîdir (yok olacaktır). Sonra onların dönüşü, O'nadır.O'nun varlığının sonu yoktur.</p>"
1924,364,tr,Ez-Zâhir,summary,"<p class=""ql-direction-rtl ql-align-right""><span style=""color: rgb(57, 57, 57);"">Ez-Zâhir: Üstünde hiçbir şeyin olmadığı tek varlık.</span></p>",Anlam,"<p class=""ql-direction-rtl ql-align-right""><span class=""ql-font-vazirmatn""><span class=""ql-cursor"">﻿</span></span>Her şeyin üzerinde olandır. Kendisinden daha yüksek hiçbir şey yoktur.O, her şeye hükümrandır ve O, her şeyi kuşatmıştır.</p>"
1925,365,tr,El-Bâtın,summary,"<p class=""ql-direction-rtl ql-align-right""><span style=""color: rgb(57, 57, 57);"">El-Bâtın: Kendisinden başka (öte) hiçbir şeyin olmadığı.</span></p>",Anlam,"<p class=""ql-direction-rtl ql-align-right""><span class=""ql-font-vazirmatn""><span class=""ql-cursor"">﻿</span></span>O'ndan öte hiçbir şey yoktur.O yakındır, kuşatandır ve dünyada kullarının gözlerinden gizlenendir.</p>"
1926,367,tr,El-Berr,summary,"<p class=""ql-direction-rtl ql-align-right""><span style=""color: rgb(57, 57, 57);"">El-Berr: Kulları, çeşitli nimetlerle nimetlendirip ihsanda bulunan.</span></p>",Anlam,"<p class=""ql-direction-rtl ql-align-right""><span class=""ql-font-vazirmatn""><span class=""ql-cursor"">﻿</span> </span>Kullarına bol bol lütuf ve ihsanda bulunandır.Bahşettiği nimetleri hiç kimse sayamaz.O, sözünde sâdıktır. Kulunun günahını bağışlar, ona yardım eder, onu korur ve kulu az verse bile onu kabul eder ve onu bereketlendirir.</p>"
1927,370,tr,Zü'l-Celâli ve'l-İkrâm,summary,"<p class=""ql-direction-rtl ql-align-right""><span style=""color: rgb(57, 57, 57);"">Zü'l-Celâli ve'l-İkrâm: Azamet, büyüklük, rahmet ve cömertlik sahibi, yüceltilmeyi ve övgüyü hak eden tek varlık.</span></p>",Anlam,"<p class=""ql-direction-rtl ql-align-right""><span style=""color: rgb(32, 33, 34);"" class=""ql-font-vazirmatn""><span class=""ql-cursor"">﻿</span> </span><span style=""color: rgb(32, 33, 34);"">Zü'l-Celâli ve'l-İkrâm: Azamet, büyüklük, rahmet ve cömertlik sahibi, yüceltilmeyi ve övgüyü hak eden tek varlık. </span></p>"
1928,380,tr,El-Vâris,summary,"<p class=""ql-direction-rtl ql-align-right""><span style=""color: rgb(57, 57, 57);"">El-Vâris: Yaratılmışların ölüp son bulmalarından sonra baki olan, yeryüzü ve üzerindekilerin kendisine kalacağı tek varlık.</span></p>",Anlam,"<p class=""ql-direction-rtl ql-align-right""><span style=""color: rgb(32, 33, 34);"" class=""ql-font-vazirmatn""><span class=""ql-cursor"">﻿</span></span><span style=""color: rgb(32, 33, 34);"">El-Vâris: Yaratılmışların ölüp son bulmalarından sonra baki olan, yeryüzü ve üzerindekilerin kendisine kalacağı tek varlık.</span></p><p> </p><p> </p>"
1929,383,tr,El-Cemîl,summary,"<p class=""ql-direction-rtl ql-align-right""><span style=""color: rgb(57, 57, 57);"">El-Cemîl: Kendisi için zatında, isimlerinde, fiillerinde ve sıfatlarında mutlak bir güzelliğin sahibi.</span></p>",Anlam,"<p class=""ql-direction-rtl ql-align-right""><span class=""ql-font-vazirmatn""><span class=""ql-cursor"">﻿</span></span>Zâtı, isimleri, sıfatları ve fiillerinde mutlak güzel olandır.Kullarındaki bütün güzellikler, O'ndandır.</p>"
1930,384,tr,El-Kâhir,summary,"<p class=""ql-direction-rtl ql-align-right"">El-Kâhir: Bütün kâinatın kendisine boyun eğdiği, yaratılmışların kendisi karşısında alçaldığı, kudreti ve iradesine itaat ettiği tek ve en yüce olan.</p>",Anlam,"<p class=""ql-direction-rtl ql-align-right""><span class=""ql-font-vazirmatn""><span class=""ql-cursor"">﻿</span></span>Kullarına boyun eğdiren, yarattıklarını kendisine ibâdet etmelerini sağlayan, onların üzerinde hâkim olan, bütün boyunları ve yüzleri kendisine bağ eğdirendir.</p>"
1931,385,tr,El-Mübîn,summary,"<p class=""ql-direction-rtl ql-align-right""><span style=""color: rgb(57, 57, 57);"">El-Mübîn: Bir ve tek olmada durumu belli olan, ortağı olmayan, kullarına hakkı açıklayan.</span></p>",Anlam,"<p class=""ql-direction-rtl ql-align-right""><span class=""ql-font-vazirmatn""><span class=""ql-cursor"">﻿</span></span>Vahdâniyyeti, hikmeti ve rahmetindeki emri açık olandır.Uysunlar diye dosdoğru yolu ve sakınsınlar diye de sapıklık yollarını kullarına açıklayandır.</p>"
1932,386,tr,El-Kâfî,summary,"<p class=""ql-direction-rtl ql-align-right""><span style=""color: rgb(57, 57, 57);"">El-Kâfî: Kullarının ihtiyaç duyduğu her şeyi karşılayan, Onun yardımının yeterli gelmesiyle diğerlerinin yardımına ihtiyaç duyulmayan, kendisi ile yetinilen, kendisinden başkasına ihtiyaç duyulmayan tek ve yüce varlık.</span></p>",Anlam,"<p class=""ql-direction-rtl ql-align-right""><span style=""color: rgb(32, 33, 34);"" class=""ql-font-vazirmatn""><span class=""ql-cursor"">﻿</span></span><span style=""color: rgb(32, 33, 34);"">El-Kâfî: Kullarının ihtiyaç duyduğu her şeyi karşılayan, Onun yardımının yeterli gelmesiyle diğerlerinin yardımına ihtiyaç duyulmayan, kendisi ile yetinilen, kendisinden başkasına ihtiyaç duyulmayan tek ve yüce varlık. </span></p>"
1933,387,tr,El-Vitr,summary,"<p class=""ql-direction-rtl ql-align-right""><span style=""color: rgb(57, 57, 57);"">El-Vitr: Bir olan, eşi, benzeri ve ortağı olmayan.</span></p>",Anlam,"<p class=""ql-direction-rtl ql-align-right""><span style=""color: rgb(32, 33, 34);"" class=""ql-font-vazirmatn""><span class=""ql-cursor"">﻿</span></span><span style=""color: rgb(32, 33, 34);"">El-Vitr: Bir olan, eşi, benzeri ve ortağı olmayan.</span></p>"
1934,388,tr,El-Cevâd,summary,"<p class=""ql-direction-rtl ql-align-right""><span style=""color: rgb(57, 57, 57);"">El-Cevâd: Çokça, bolca veren ve vermesiyle bütün kâinatı/mahlûkatı kapsayan.</span></p>",Anlam,"<p class=""ql-direction-rtl ql-align-right""><span class=""ql-font-vazirmatn""><span class=""ql-cursor"">﻿</span></span>Kullarına bol veren ve onlara lütufta bulunandır.Cömertliğinden, lütuf ve ihsanından en büyük nasibi ise, kendisine îmân edenleredir.</p>"
1935,389,tr,Er-Rafîk,summary,"<p class=""ql-direction-rtl ql-align-right""><span style=""color: rgb(57, 57, 57);"">Er-Rafîk: İşlerde acele etmeyen, yavaş yavaş kademeli bir şekilde yapan. Günahkârların cezalandırılmasında acele etmeyen.</span></p>",Anlam,"<p class=""ql-direction-rtl ql-align-right""><span class=""ql-font-vazirmatn""><span class=""ql-cursor"">﻿</span></span>Fiillerinde çok yumuşak olandır.Yaratma ve emrinde ağır ve temkinli davranır.Kullarına yumuşak davranır, güç yetiremeyecekleri şeyleri onlara yüklemez.O, yumuşak davranan kulunu sever.</p>"
1936,390,tr,Es-Seyyid,summary,"<p class=""ql-direction-rtl ql-align-right""><span style=""color: rgb(57, 57, 57);"">Es-Seyyid: Rab, Mâlik, hakiki manada üstünlük sahibi, bütün yaratılanların dünya ve âhiret işlerinde kendisine döndüğü tek ve yüce varlık.</span></p>",Anlam,"<p class=""ql-direction-rtl ql-align-right""><span style=""color: rgb(32, 33, 34);"" class=""ql-font-vazirmatn""><span class=""ql-cursor"">﻿</span></span><span style=""color: rgb(32, 33, 34);""> Es-Seyyid: Rab, Mâlik, hakiki manada üstünlük sahibi, bütün yaratılanların dünya ve âhiret işlerinde kendisine döndüğü tek ve yüce varlık.</span></p>"
1937,391,tr,Es-Subbûh,summary,"<p class=""ql-direction-rtl ql-align-right""><span style=""color: rgb(57, 57, 57);"">Es-Subbûh: Bütün noksanlık ve kusurlardan münezzeh olan, yeryüzünde ve gökyüzündeki her varlığın kendisini takdis ve tenzih ettiği. </span></p>",Anlam,"<p class=""ql-direction-rtl ql-align-right""><span style=""color: rgb(32, 33, 34);"" class=""ql-font-vazirmatn""><span class=""ql-cursor"">﻿</span></span><span style=""color: rgb(32, 33, 34);"">Es-Subbûh: Bütün noksanlık ve kusurlardan münezzeh olan, yeryüzünde ve gökyüzündeki her varlığın kendisini takdis ve tenzih ettiği. </span></p>"
1938,392,tr,Eş-Şâkir,summary,"<p class=""ql-direction-rtl ql-align-right""><span style=""color: rgb(57, 57, 57);"">Eş-Şâkir: Kendine itaat edeni öven, sena eden, taati sebebiyle kula hak ettiğinden fazla sevap veren.</span></p>",Anlam,"<p class=""ql-direction-rtl ql-align-right""><span class=""ql-font-vazirmatn""><span class=""ql-cursor"">﻿</span></span>Kendisine itaat edeni metheder ve ona övgüde bulunur.Yapılan amel az bile olsa karşılığını verir. Şükrüne karşılık nimetlerini dünyada onlara arttıran ve âhirette ecrini verendir.</p>"
1939,393,tr,Et-Tayyib,summary,"<p class=""ql-direction-rtl ql-align-right""><span style=""color: rgb(57, 57, 57);"">Et-Tayyib: Allah Teâlâ bütün kusurlardan ve eksikliklerden tenzih edilmiş ve temizlenmiş olandır.</span></p>",Anlam,"<p class=""ql-direction-rtl ql-align-right""><span class=""ql-font-vazirmatn""><span class=""ql-cursor"">﻿</span></span>Her türlü ayıp ve noksanlıklardan uzak ve temiz olandır.Güzellik ve mutlak kemâliyet yalnızca O'nundur.Kullarına iyiliği pek çoktur.Amellerden ve sadakalardan ancak temiz ve helal olanları ile yalnızca kendisi için yapılanları kabul eder.</p>"
1940,394,tr,El-A'lâ,summary,"<p class=""ql-direction-rtl ql-align-right""><span style=""color: rgb(57, 57, 57);"">El-A'lâ: Her yönden bütün yüce manaların Allah için sabit olduğuna delalet eden isimdir. Zâtın yukarıda oluşu, hükümranlıkta/muktedir olmakta yücelik ve galibiyette yücelik.</span></p>",Anlam,"<p class=""ql-direction-rtl ql-align-right""><span style=""color: rgb(32, 33, 34);"" class=""ql-font-vazirmatn""><span class=""ql-cursor"">﻿</span></span><span style=""color: rgb(32, 33, 34);"">El-A'lâ: Her yönden bütün yüce manaların Allah için sabit olduğuna delalet eden isimdir. Zâtın yukarıda oluşu, hükümranlıkta/muktedir olmakta yücelik ve galibiyette yücelik.</span></p>"
1941,395,tr,El-Kadîr,summary,"<p class=""ql-direction-rtl ql-align-right""><span style=""color: rgb(57, 57, 57);"">El-Kadîr: Acziyetten, bezginlik ve yorgunluktan soyutlanmış tam bir kudret sahibi.</span></p>",Anlam,"<p class=""ql-direction-rtl ql-align-right""><span style=""color: rgb(32, 33, 34);"" class=""ql-font-vazirmatn""><span class=""ql-cursor"">﻿</span></span><span style=""color: rgb(32, 33, 34);"">El-Kadîr: Acziyetten, bezginlik ve yorgunluktan soyutlanmış tam bir kudret sahibi. </span></p>"
1942,396,tr,El-Muhît,summary,"<p class=""ql-direction-rtl ql-align-right""><span style=""color: rgb(57, 57, 57);"">El-Muhît: Allah'ın yarattıklarının zatı ile üstünde, ulu ve yüce olduğuna, ilim, kudret ve galip gelmede her şeyi kuşattığına delalet eden isimdir.</span></p>",Anlam,"<p class=""ql-direction-rtl ql-align-right""><span style=""color: rgb(32, 33, 34);"" class=""ql-font-vazirmatn""><span class=""ql-cursor"">﻿</span></span><span style=""color: rgb(32, 33, 34);"">El-Muhît: Allah'ın yarattıklarının zatı ile üstünde, ulu ve yüce olduğuna, ilim, kudret ve galip gelmede her şeyi kuşattığına delalet eden isimdir.</span></p>"
1943,397,tr,El-Ekrem,summary,"<p class=""ql-direction-rtl ql-align-right""><span style=""color: rgb(57, 57, 57);"">El-Ekrem: Vermesi ve hayrı çok olan, bütün hayırları elinde tutan. Bütün hayırlar Allah -Subhânehû ve Teâlâ-'dandır.</span></p>",Anlam,"<p class=""ql-direction-rtl ql-align-right""><span class=""ql-font-vazirmatn""><span class=""ql-cursor"">﻿</span></span>Son derece cömert olan ve bu konuda hiçbir benzeri olmayandır.Her türlü iyilik O'ndandır. Lütuf ve ihsanıyla mü'minleri mükafatlandırır, kendisinden yüz çevirenlere süre verir ve adâletiyle onları hesaba çeker.</p>"
1944,398,tr,El-İlâh,summary,"<p class=""ql-direction-rtl ql-align-right""><span style=""color: rgb(57, 57, 57);"">El-İlâh: O, bütün eksiksiz kemal sıfatlarını ve ululuk/azamet özelliklerini kendisinde toplayan, kendisinden başka hiçbir varlığın ibadeti hak etmediği tek mabut (ibadet edilen).</span></p>",Anlam,"<p class=""ql-direction-rtl ql-align-right""><span style=""color: rgb(32, 33, 34);"" class=""ql-font-vazirmatn""><span class=""ql-cursor"">﻿</span></span><span style=""color: rgb(32, 33, 34);""> El-İlâh: O, bütün eksiksiz kemal sıfatlarını ve ululuk/azamet özelliklerini kendisinde toplayan, kendisinden başka hiçbir varlığın ibadeti hak etmediği tek mabut (ibadet edilen).</span></p>"
1945,399,tr,En-Nasîr,summary,"<p class=""ql-direction-rtl ql-align-right""><span style=""color: rgb(57, 57, 57);"">En-Nasîr: Mü'min kullarını destekleyen ve onlara yardım eden.</span></p>",Anlam,"<p class=""ql-direction-rtl ql-align-right""><span class=""ql-font-vazirmatn""><span class=""ql-cursor"">﻿</span></span>Dilediği kimseyi yardımıyla teyid edendir.O'nun yardım ettiğine hiç kimse üstün gelemez, yardımsız ve yüzüstü bıraktığı kimseye de hiç kimse yardım edemez.</p>"
1946,400,tr,El-Mevlâ,summary,"<p class=""ql-direction-rtl ql-align-right""><span style=""color: rgb(57, 57, 57);"">El-Mevlâ: O, bütün yaratılmışların hepsinin mevlası, onların efendisi, mâliki, yaratıcısı, onların hak mabudu/ilahı, Mü'min kullarının mevlası, onları seven, muvaffak kılan, yardım eden, onlara faydalı şeyleri ulaştıran, onlara dinî ve dünyevî faydaları kolaylaştırandır.</span></p>",Anlam,"<p class=""ql-direction-rtl ql-align-right""><span style=""color: rgb(32, 33, 34);"" class=""ql-font-vazirmatn""><span class=""ql-cursor"">﻿</span></span><span style=""color: rgb(32, 33, 34);"">El-Mevlâ: O, bütün yaratılmışların hepsinin mevlası, onların efendisi, mâliki, yaratıcısı, onların hak mabudu/ilahı, Mü'min kullarının mevlası, onları seven, muvaffak kılan, yardım eden, onlara faydalı şeyleri ulaştıran, onlara dinî ve dünyevî faydaları kolaylaştırandır.</span></p>"
1947,401,tr,El-Hayiy,summary,"<p class=""ql-direction-rtl ql-align-right""><span style=""color: rgb(57, 57, 57);"">El-Hayiy: Çokça haya eden. O kendisine yakışan bir özellik olup yarattıklarının hayası gibi değildir. Bilakis o rahmetinin genişliğiyle, cömertliğinin ve bol vermesinin mükemmelliğine, affının büyüklüğü ve halim oluşuna uygun olmayan şeyi terk etmektir.</span></p>",Anlam,"<p class=""ql-direction-rtl ql-align-right""><span style=""color: rgb(32, 33, 34);"" class=""ql-font-vazirmatn""><span class=""ql-cursor"">﻿</span></span><span style=""color: rgb(32, 33, 34);"">El-Hayiy: Çokça haya eden. O kendisine yakışan bir özellik olup yarattıklarının hayası gibi değildir. Bilakis o rahmetinin genişliğiyle, cömertliğinin ve bol vermesinin mükemmelliğine, affının büyüklüğü ve halim oluşuna uygun olmayan şeyi terk etmektir.</span></p>"
1948,402,tr,El-Muhsin,summary,"<p class=""ql-direction-rtl ql-align-right""><span style=""color: rgb(57, 57, 57);"">El-Muhsin: Kullarına görünen ve görünmeyen çeşitli nimetler bahşederek cömert olan.</span></p>",Anlam,"<p class=""ql-direction-rtl ql-align-right""><span style=""color: rgb(32, 33, 34);"" class=""ql-font-vazirmatn""><span class=""ql-cursor"">﻿</span></span><span style=""color: rgb(32, 33, 34);"">El-Muhsin: Kullarına görünen ve görünmeyen çeşitli nimetler bahşederek cömert olan.</span></p>"
1949,349,tr,Velî,summary,"<p class=""ql-direction-rtl ql-align-right""><span style=""color: rgb(57, 57, 57);"">Velî: Mü'min kullarına yardım eden, yarattıklarının hepsinin işlerini idare eden.</span></p>",Anlam,"<p class=""ql-direction-rtl ql-align-right""><span class=""ql-font-vazirmatn""><span class=""ql-cursor"">﻿</span></span>Velî: Mü'min kullarına yardım eden, yarattıklarının hepsinin işlerini idare eden.</p>"
1955,333,tr,,,,,
1956,335,tr,,,,,
1957,336,tr,,,,,
1958,337,tr,,,,,
1973,369,tr,,,,,
1991,278,tgl,Allāh,المعنى المختصر,"<p class=""ql-direction-rtl ql-align-right"">Si Allāh ay ang Diyos na sinasamba ayon sa karapatan, pag-ibig, paghahangad, at pangamba, na tagatipon ng lahat ng mga kahulugan ng mga pinakamagagandang pangalan ni Allāh, ang naglalaman ng nalalabi sa mga katangian ni Allāh (pagkataas-taas Siya).</p>",المعنى,"<p class=""ql-direction-rtl ql-align-right""><span class=""ql-font-vazirmatn""><span class=""ql-cursor"">﻿</span> </span></p>"
1992,279,tgl,Ang Napakamaawain,المعنى المختصر,"<p class=""ql-direction-rtl ql-align-right"">Ang Napakamaawain ay ang may malawak na dakilang awa na sumakop sa bawat bagay.</p>",المعنى,"<p class=""ql-direction-rtl ql-align-right""><span class=""ql-font-vazirmatn""><span class=""ql-cursor"">﻿</span></span></p>"
1993,280,tgl,Ang Maawain,المعنى المختصر,"<p class=""ql-direction-rtl ql-align-right"">Ang Maawain: ay ang may awang sukdulang nakaugnay sa kinaawaan.</p>",المعنى,"<p class=""ql-direction-rtl ql-align-right""><span class=""ql-font-vazirmatn""><span class=""ql-cursor"">﻿</span></span></p>"
1994,281,tgl,Ang Hari,المعنى المختصر,"<p class=""ql-direction-rtl ql-align-right"">Ang Hari ay ang nailalarawan sa mga katangian ng kadakilaan, panlulupig, at pangangasiwa, ang tagapagmay-ari ng lahat ng mga bagay, ang nakapangyayari sa mga ito nang walang pagmamalabis at walang pagtutol.</p>",المعنى,"<p class=""ql-direction-rtl ql-align-right""><span class=""ql-font-vazirmatn""><span class=""ql-cursor"">﻿</span></span></p>"
1995,282,tgl,Ang Kabanal-banalan,المعنى المختصر,"<p class=""ql-direction-rtl ql-align-right"">Ang Kabanal-banalan ay ang dinakilang pinawalang-kinalaman sa mga katangian ng kakulangan sa kabuuan ng mga ito at pakikitulad sa Kanya ng isa man sa mga nilikha. </p>",المعنى,"<p class=""ql-direction-rtl ql-align-right""><span class=""ql-font-vazirmatn""><span class=""ql-cursor"">﻿</span></span></p>"
1996,283,tgl,Ang Sakdal,المعنى المختصر,"<p class=""ql-direction-rtl ql-align-right"">Ang Sakdal ay ang malaya sa bawat kakulangan, salot, at kapintasan. </p>",المعنى,"<p class=""ql-direction-rtl ql-align-right""><span class=""ql-font-vazirmatn""><span class=""ql-cursor"">﻿</span></span></p>"
1997,284,tgl,Ang Tagapagsubaybay,المعنى المختصر,"<p class=""ql-direction-rtl ql-align-right"">Ang Tagapagsubaybay ay ang tagapag-aruga sa nilikha, ang tagapamahala sa kanila, ang nakapangyayari sa kanila, na pumaligid sa bawat bagay sa kaalaman. </p>",المعنى,"<p class=""ql-direction-rtl ql-align-right""><span class=""ql-font-vazirmatn""><span class=""ql-cursor"">﻿</span></span></p>"
1998,285,tgl,Ang Makapangyarihan,المعنى المختصر,"<p class=""ql-direction-rtl ql-align-right"">Ang Makapangyarihan na taglay Niya ang kapangyarihang lubos, na lumupig sa bawat anumang iba sa Kanya sa pamamagitan ng lakas Niya, pananaig Niya, at pagpigil Niya. </p>",المعنى,"<p class=""ql-direction-rtl ql-align-right""><span class=""ql-font-vazirmatn""><span class=""ql-cursor"">﻿</span></span></p>"
1999,286,tgl,Ang Palasupil,المعنى المختصر,"<p class=""ql-direction-rtl ql-align-right"">Ang Palasupil ay ang nakatataas sa nilikha Niya, ang tagapanaig sa bawat bagay, na nagpasaklaw sa Kanya ang bawat bagay at nagpasailalim sa Kanya ang bawat bagay at na sumusupil sa sinumang nagpakalinga sa Kanya. </p>",المعنى,"<p class=""ql-direction-rtl ql-align-right""><span class=""ql-font-vazirmatn""><span class=""ql-cursor"">﻿</span></span></p>"
2000,287,tgl,Ang Nakapagmamalaki,المعنى المختصر,"<p class=""ql-direction-rtl ql-align-right"">Ang Nakapagmamalaki ay ang Pagkataas-taas na pagkasukdol-sukdol sa layo sa kasagwaan, kakulangan, at kapintasan dahil sa kalubusan Niya at kapitaganan sa Kanya. </p>",المعنى,"<p class=""ql-direction-rtl ql-align-right""><span class=""ql-font-vazirmatn""><span class=""ql-cursor"">﻿</span></span></p>"
2001,288,tgl,Ang Tagalikha,المعنى المختصر,"<p class=""ql-direction-rtl ql-align-right"">Ang Tagalikha ay ang tagapagpairal ng mga bagay at ang tagapagpasimula ng mga ito nang walang naunang pagkatulad.</p>",المعنى,"<p class=""ql-direction-rtl ql-align-right""><span class=""ql-font-vazirmatn""><span class=""ql-cursor"">﻿</span></span></p>"
2002,289,tgl,,,,,
2003,290,tgl,Ang Palakaloob,المعنى المختصر,"<p class=""ql-direction-rtl ql-align-right"">Ang Palakaloob ay ang malawak ang mga bigay at ang mga kaloob, na sumaklaw sa mga nilalang sa kabuuan ng mga ito sa pagkamapagbigay Niya.</p>",المعنى,"<p class=""ql-direction-rtl ql-align-right""><span class=""ql-font-vazirmatn""><span class=""ql-cursor"">﻿</span></span></p>"
2004,291,tgl,Ang Palatustos,المعنى المختصر,"<p class=""ql-direction-rtl ql-align-right"">Ang Palatustos ay ang tagapaggarantiya ng mga panustos ng mga lingkod, na sa mga ito ang sinasalalayan ng mga puso nila at mga katawan nila. </p>",المعنى,"<p class=""ql-direction-rtl ql-align-right""><span class=""ql-font-vazirmatn""><span class=""ql-cursor"">﻿</span></span></p>"
2005,292,tgl,Ang Maalam,المعنى المختصر,"<p class=""ql-direction-rtl ql-align-right"">Ang Maalam ay ang nakapaligid ang kaalaman Niya sa bawat bagay. </p>",المعنى,"<p class=""ql-direction-rtl ql-align-right""><span class=""ql-font-vazirmatn""><span class=""ql-cursor"">﻿</span></span></p>"
2006,293,tgl,Ang Madinigin,المعنى المختصر,"<p class=""ql-direction-rtl ql-align-right"">Ang Madinigin ay ang nakatatalos ng lahat ng mga naririnig sapagkat Siya ay nakaririnig ng lihim at bulungan; magkapantay sa ganang Kanya ang matunog at ang mahina at ang pagbigkas at ang pananahimik. </p>",المعنى,"<p class=""ql-direction-rtl ql-align-right""><span class=""ql-font-vazirmatn""><span class=""ql-cursor"">﻿</span></span></p>"
2007,294,tgl,Ang Mapagtalos,المعنى المختصر,"<p class=""ql-direction-rtl ql-align-right"">Ang Mapagtalos ay ang hindi naikukubli sa Kanya ang mga bagay kahit pa man numipis ang mga ito, ang Mabuting-loob na naglulumanay sa kanila at nagtutuon sa kanila sa anumang naroon ang kaayusan nila.</p>",المعنى,"<p class=""ql-direction-rtl ql-align-right""><span class=""ql-font-vazirmatn""><span class=""ql-cursor"">﻿</span></span></p>"
2008,295,tgl,Ang Mapagbatid,المعنى المختصر,"<p class=""ql-direction-rtl ql-align-right"">Ang Mapagbatid ay ang nakapaligid ang kaalaman niya sa mga nakapaloob ng mga bagay at mga kubli ng mga ito kung paanong nakapaligid iyon sa mga nakalantad ng mga ito. </p>",المعنى,"<p class=""ql-direction-rtl ql-align-right""><span class=""ql-font-vazirmatn""><span class=""ql-cursor"">﻿</span></span></p>"
2009,296,tgl,Ang Matimpiin,المعنى المختصر,"<p class=""ql-direction-rtl ql-align-right"">Ang Matimpiin ay ang may kahinahunan na hindi nagmamadali sa mga lingkod Niya sa pagparusa sa kanila sa mga pagkakasala nila.</p>",المعنى,"<p class=""ql-direction-rtl ql-align-right""><span class=""ql-font-vazirmatn""><span class=""ql-cursor"">﻿</span></span></p>"
2010,297,tgl,Ang Sukdulan,المعنى المختصر,"<p class=""ql-direction-rtl ql-align-right"">Ang Sukdulan ay ang tagapagtipon ng lahat ng mga katangian ng kalubusan, karingalan, pagkamalaki, at kadakilaan na iniibig ng mga puso at dinadakila ng mga kaluluwa. </p>",المعنى,"<p class=""ql-direction-rtl ql-align-right""><span class=""ql-font-vazirmatn""><span class=""ql-cursor"">﻿</span></span></p>"
2011,298,tgl,Ang Mapagpatawad,المعنى المختصر,"<p class=""ql-direction-rtl ql-align-right"">Ang Mapagpatawad ay ang nagsasanggalang sa mga lingkod Niya sa kasamaan ng mga pagkakasala nila at hindi nagpaparusa sa kanila sa mga ito. </p>",المعنى,"<p class=""ql-direction-rtl ql-align-right""><span class=""ql-font-vazirmatn""><span class=""ql-cursor"">﻿</span></span></p>"
2012,299,tgl,Ang Mapagpasalamat,المعنى المختصر,"<p class=""ql-direction-rtl ql-align-right"">Ang Mapagpasalamat ay ang nagpapasalamat sa kaunti mula sa gawa sa pamamagitan ng masaganang pinag-ibayong paggagantimpala at nagpapaumanhin sa marami sa mga pagkatisod. </p>",المعنى,"<p class=""ql-direction-rtl ql-align-right""><span class=""ql-font-vazirmatn""><span class=""ql-cursor"">﻿</span></span></p>"
2013,300,tgl,Ang Malaki,المعنى المختصر,"<p class=""ql-direction-rtl ql-align-right"">Ang Malaki ay ang sukdulan, na ang bawat bagay ay mababa sa Kanya at walang bagay na higit na sukdulan kaysa sa Kanya.</p>",المعنى,"<p class=""ql-direction-rtl ql-align-right""><span class=""ql-font-vazirmatn""><span class=""ql-cursor"">﻿</span></span></p>"
2014,301,tgl,Ang Mapag-ingat,المعنى المختصر,"<p class=""ql-direction-rtl ql-align-right"">Ang Mapag-ingat ay ang nag-ingat ng nilikha Niya, pumaligid ang kaalaman Niya sa anumang pinairal Niya, nag-ingat ng mga katangkilik Niya laban sa pagbagsak nila sa mga pagkakasala at mga kasawian, at nag-isa-isa sa mga lingkod ng mga gawa nila at ganti sa mga ito. </p>",المعنى,"<p class=""ql-direction-rtl ql-align-right""><span class=""ql-font-vazirmatn""><span class=""ql-cursor"">﻿</span></span></p>"
2015,302,tgl,Ang Tagapagpakain,المعنى المختصر,"<p class=""ql-direction-rtl ql-align-right"">Ang Tagapagpakain ay ang nagtatakda ng mga pakain sa mga nilikha sa pamamagitan ng kaalaman Niya, pagkatapos nag-aakay ng mga ito patungo sa kanila sa pamamagitan ng kapangyarihan Niya at naghahati-hati ng mga ito sa pagitan nila. </p>",المعنى,"<p class=""ql-direction-rtl ql-align-right""><span class=""ql-font-vazirmatn""><span class=""ql-cursor"">﻿</span></span></p>"
2016,303,tgl,Ang Mapagbigay,المعنى المختصر,"<p class=""ql-direction-rtl ql-align-right"">Ang Mapagbigay ay ang marami ang kabutihan, ang sukdulan ang pakinabang.</p>",المعنى,"<p class=""ql-direction-rtl ql-align-right""><span class=""ql-font-vazirmatn""><span class=""ql-cursor"">﻿</span></span></p>"
2017,304,tgl,Ang Mapagmasid,المعنى المختصر,"<p class=""ql-direction-rtl ql-align-right"">Ang Mapagmasid ay ang tagaarok sa bawat bagay, ang tagasaksi sa mga lihim at mga budhi, na nakaalam, nakakikita, at hindi nakakukubli sa kanya ang lihim at ang bulungan. </p>",المعنى,"<p class=""ql-direction-rtl ql-align-right""><span class=""ql-font-vazirmatn""><span class=""ql-cursor"">﻿</span></span></p>"
2018,305,tgl,Ang Tagasagot,المعنى المختصر,"<p class=""ql-direction-rtl ql-align-right"">Ang Tagasagot ay ang nagtatapat sa paghiling ng mga tagahiling at panalangin ng mga tagadalangin ng pagsagot at pagtanggap. </p>",المعنى,"<p class=""ql-direction-rtl ql-align-right""><span class=""ql-font-vazirmatn""><span class=""ql-cursor"">﻿</span></span></p>"
2019,306,tgl,Ang Malawak,المعنى المختصر,"<p class=""ql-direction-rtl ql-align-right"">Ang Malawak ay ang taglay Niya mula sa bawat paglalarawan ng kahulugan ang pinakaganap at ang antas na pinakalubos. </p>",المعنى,"<p class=""ql-direction-rtl ql-align-right""><span class=""ql-font-vazirmatn""><span class=""ql-cursor"">﻿</span></span></p>"
2020,307,tgl,Ang Marunong,المعنى المختصر,"<p class=""ql-direction-rtl ql-align-right"">Ang Marunong ay ang inilalarawan sa kalubusan ng karunungan sa mga utos Niya at mga pagbabatas Niya at sa kalubusan ng paghahatol sa pagitan ng mga nilikha Niya. </p>",المعنى,"<p class=""ql-direction-rtl ql-align-right""><span class=""ql-font-vazirmatn""><span class=""ql-cursor"">﻿</span></span></p>"
2021,308,tgl,Ang Mapagmahal,المعنى المختصر,"<p class=""ql-direction-rtl ql-align-right"">Ang Mapagmahal ay ang tagaibig ng iniibig sapagkat Siya ay ang umiibig sa mga propeta Niya at mga sugo Niya at ang mga tagasunod nila ay umiibig sa Kanya. </p>",المعنى,"<p class=""ql-direction-rtl ql-align-right""><span class=""ql-font-vazirmatn""><span class=""ql-cursor"">﻿</span></span></p>"
2022,309,tgl,Ang Maringal,المعنى المختصر,"<p class=""ql-direction-rtl ql-align-right"">Ang Maringal ay ang nagkakatangian ng maraming dakilang malawak na katangian ng kalubusan. </p>",المعنى,"<p class=""ql-direction-rtl ql-align-right""><span class=""ql-font-vazirmatn""><span class=""ql-cursor"">﻿</span></span></p>"
2023,310,tgl,Ang Saksi,المعنى المختصر,"<p class=""ql-direction-rtl ql-align-right"">Ang Saksi ay ang walang nalilingid sa Kanya na anuman, bagkus Siya ay nakatatalos sa bawat bagay, na nakasasaksi rito, na maalam sa mga detalye nito. </p>",المعنى,"<p class=""ql-direction-rtl ql-align-right""><span class=""ql-font-vazirmatn""><span class=""ql-cursor"">﻿</span></span></p>"
2024,311,tgl,Ang Totoo,المعنى المختصر,"<p class=""ql-direction-rtl ql-align-right"">Ang Totoo ay ang nagkatotoo ang pagiging Niya at ang kairalan Niya at na ang mga pangalan Niya, ang mga katangian Niya, ang mga gawa Niya, ang mga hatol Niya, at ang ganti Niya ay kalubusan at totoo sapagkat walang anuman sa mga ito na bulaan. </p>",المعنى,"<p class=""ql-direction-rtl ql-align-right""><span class=""ql-font-vazirmatn""><span class=""ql-cursor"">﻿</span></span></p>"
2025,312,tgl,Ang Malakas,المعنى المختصر,"<p class=""ql-direction-rtl ql-align-right"">Ang Malakas ay ang ganap ang lakas na hindi nadadaig ng isang tagadaig at hindi natututulan ang paghuhusga Niya ng isang tagatutol. </p>",المعنى,"<p class=""ql-direction-rtl ql-align-right""><span class=""ql-font-vazirmatn""><span class=""ql-cursor"">﻿</span></span></p>"
2026,313,tgl,Ang Matibay,المعنى المختصر,"<p class=""ql-direction-rtl ql-align-right"">Ang Matibay ay ang matinding kadulu-duluhan sa lakas at kakayahan kaya hindi Siya nasusundan ng isang kahinaan at isang hirap. </p>",المعنى,"<p class=""ql-direction-rtl ql-align-right""><span class=""ql-font-vazirmatn""><span class=""ql-cursor"">﻿</span></span></p>"
2027,314,tgl,Ang Buháy,المعنى المختصر,"<p class=""ql-direction-rtl ql-align-right"">Ang Buháy ay ang taglay Niya ang lahat ng mga kahulugan ng buhay na lubos na hindi nauunahan ng kawalan at hindi nasusundan ng pagkalipol.</p>",المعنى,"<p class=""ql-direction-rtl ql-align-right""><span class=""ql-font-vazirmatn""><span class=""ql-cursor"">﻿</span></span></p>"
2028,315,tgl,Ang Mapagpanatili,المعنى المختصر,"<p class=""ql-direction-rtl ql-align-right"">Ang Mapagpanatili ay ang nanatili sa sarili Niya sapagkat hindi Siya nangailangan sa isa man at nanatili ang bawat bagay dahil sa Kanya sapagkat walang isang walang-pangangailangan sa Kanya.</p>",المعنى,"<p class=""ql-direction-rtl ql-align-right""><span class=""ql-font-vazirmatn""><span class=""ql-cursor"">﻿</span></span></p>"
2029,316,tgl,Ang Dulugan,المعنى المختصر,"<p class=""ql-direction-rtl ql-align-right"">Ang Dulugan ay ang lubos na panginoon at ang dakilang soberano, ang pinapakay sa bawat pangangailangan sa pagkaibig at pagkasindak. </p>",المعنى,"<p class=""ql-direction-rtl ql-align-right""><span class=""ql-font-vazirmatn""><span class=""ql-cursor"">﻿</span></span></p>"
2030,317,tgl,Ang Nakakakaya,المعنى المختصر,"<p class=""ql-direction-rtl ql-align-right"">Ang Nakakakaya ay ang taglay Niya ang ganap na sumasaklaw na lubos na kakayahan na walang nakapagpapawalang-kakayahan sa Kanya na anuman at walang nakaaalpas sa Kanya na isang hiniling.</p>",المعنى,"<p class=""ql-direction-rtl ql-align-right""><span class=""ql-font-vazirmatn""><span class=""ql-cursor"">﻿</span></span></p>"
2031,318,tgl,Ang Pagkataas-taas,المعنى المختصر,"<p class=""ql-direction-rtl ql-align-right"">Ang Pagkataas-taas ay pangngalang tagapagpahiwatig ng walang-takdang kataasan ni Allāh sa lahat ng mga paraan: kataasan ng sarili, kataasan ng antas, at kataasan ng panlulupig. </p>",المعنى,"<p class=""ql-direction-rtl ql-align-right""><span class=""ql-font-vazirmatn""><span class=""ql-cursor"">﻿</span></span></p>"
2032,319,tgl,Ang Palatanggap ng Pagbabalik-loob,المعنى المختصر,"<p class=""ql-direction-rtl ql-align-right"">Ang Palatanggap ng Pagbabalik-loob ay ang nagtutuon sa tao sa pagbabalik-loob at tumatanggap nito mula sa kanya. </p>",المعنى,"<p class=""ql-direction-rtl ql-align-right""><span class=""ql-font-vazirmatn""><span class=""ql-cursor"">﻿</span></span></p>"
2033,320,tgl,Ang Mapagpaumanhin,المعنى المختصر,"<p class=""ql-direction-rtl ql-align-right"">Ang Mapagpaumanhin ay ang pumapawi sa mga masagwang gawa at nagpapalampas sa mga pagsuway. </p>",المعنى,"<p class=""ql-direction-rtl ql-align-right""><span class=""ql-font-vazirmatn""><span class=""ql-cursor"">﻿</span></span></p>"
2034,321,tgl,Ang Mahabagin,المعنى المختصر,"<p class=""ql-direction-rtl ql-align-right"">Ang Mahabagin ay ang matindi ang pagkahabag sa mga lingkod Niya at ang pagkaawa sa kanila. </p>",المعنى,"<p class=""ql-direction-rtl ql-align-right""><span class=""ql-font-vazirmatn""><span class=""ql-cursor"">﻿</span></span></p>"
2035,322,tgl,Ang Walang-pangangailangan,المعنى المختصر,"<p class=""ql-direction-rtl ql-align-right"">Ang Walang-pangangailangan ay ang bawat iba sa Kanya ay nangangailangan sa Kanya at wala sa Kanyang pangangailangan sa isa man. </p>",المعنى,"<p class=""ql-direction-rtl ql-align-right""><span class=""ql-font-vazirmatn""><span class=""ql-cursor"">﻿</span></span></p>"
2036,323,tgl,Ang Tagapatnubay,المعنى المختصر,"<p class=""ql-direction-rtl ql-align-right"">Ang Tagapatnubay ay ang gumagabay sa lingkod Niya tungo sa lahat ng mga pakinabang at tungo sa pagtulak ng mga pinsala at nagtutuon sa sinumang niloob Niya mula sa kanila tungo sa patnubay. </p>",المعنى,"<p class=""ql-direction-rtl ql-align-right""><span class=""ql-font-vazirmatn""><span class=""ql-cursor"">﻿</span></span></p>"
2037,324,tgl,Ang Malapit,المعنى المختصر,"<p class=""ql-direction-rtl ql-align-right"">Ang Malapit ay ang malapit mula sa tagatalima sa Kanya sa pamamagitan ng paggagantimpala, mula sa tagapanalangin sa Kanya sa pamamagitan ng pagsagot, at mula sa lahat ng mga lingkod Niya sa pamamagitan ng kaalaman. Ito ay hindi nagkakaila sa kataasan Niya (kaluwalhatian sa Kanya). </p>",المعنى,"<p class=""ql-direction-rtl ql-align-right""><span class=""ql-font-vazirmatn""><span class=""ql-cursor"">﻿</span></span></p>"
2038,325,tgl,Ang Palamagandang-loob,المعنى المختصر,"<p class=""ql-direction-rtl ql-align-right"">Ang Palamagandang-loob ay ang tagapagbiyaya, ang tagapagbigay, ang sukdulan ang mga kaloob, na nagbibigay-loob ng biyaya bago ng paghingi nito.</p>",المعنى,"<p class=""ql-direction-rtl ql-align-right""><span class=""ql-font-vazirmatn""><span class=""ql-cursor"">﻿</span></span></p>"
2039,326,tgl,Ang Tagapagpagaling,المعنى المختصر,"<p class=""ql-direction-rtl ql-align-right"">Ang Tagapagpagaling ay ang naglulunas sa mga lingkod mula sa mga sakit ng mga katawan, mga paghihinala ng mga puso, at mga pagnanasa ng mga kaluluwa.</p>",المعنى,"<p class=""ql-direction-rtl ql-align-right""><span class=""ql-font-vazirmatn""><span class=""ql-cursor"">﻿</span></span></p>"
2040,327,tgl,Ang Panginoon,المعنى المختصر,"<p class=""ql-direction-rtl ql-align-right"">Ang Panginoon ay ang soberano, ang tagapagmay-ari, ang tagapagpaayos ng iba pa sa Kanya, ang tagapag-alaga ng lahat ng mga lingkod Niya sa pamamagitan ng pangangasiwa at ng mga uri ng mga biyaya. </p>",المعنى,"<p class=""ql-direction-rtl ql-align-right""><span class=""ql-font-vazirmatn""><span class=""ql-cursor"">﻿</span></span></p>"
2041,328,tgl,Ang Tagapagbigay,المعنى المختصر,"<p class=""ql-direction-rtl ql-align-right"">Ang Tagapagbigay ay ang namumukod-tangi sa pagbibigay ayon sa katotohanan, na walang tagapigil sa anumang ibinigay Niya at walang tagapagbigay sa anuman pinigil Niya. </p>",المعنى,"<p class=""ql-direction-rtl ql-align-right""><span class=""ql-font-vazirmatn""><span class=""ql-cursor"">﻿</span></span></p>"
2042,329,tgl,Ang Kaisa-isa,المعنى المختصر,"<p class=""ql-direction-rtl ql-align-right"">Ang Kaisa-isa ay ang nagpakaisa sa lahat ng mga kalubusan sa pagkapanginoon Niya, pagkadiyos Niya, at mga pangalan Niya at mga katangian Niya; at nagpakabukod-tangi sa mga ito yayamang walang nakikitambal sa Kanya sa mga ito na isang nakikitambal. </p>",المعنى,"<p class=""ql-direction-rtl ql-align-right""><span class=""ql-font-vazirmatn""><span class=""ql-cursor"">﻿</span></span></p>"
2043,330,tgl,Ang Tagapagpasampalataya,المعنى المختصر,"<p class=""ql-direction-rtl ql-align-right"">Ang Tagapagpasampalataya ay ang tagapagpatotoo na nagpapatotoo sa mga propeta Niya sa pamamagitan ng paglalatag ng mga katunayan at mga himala sa kanila at ang nagpapatiwasay sa nilikha laban sa kawalang-katarungan dahil sa kalubusan ng katarungan Niya.</p>",المعنى,"<p class=""ql-direction-rtl ql-align-right""><span class=""ql-font-vazirmatn""><span class=""ql-cursor"">﻿</span></span></p>"
2044,331,tgl,Ang Tagapaglalang,المعنى المختصر,"<p class=""ql-direction-rtl ql-align-right"">Ang Tagapaglalang ay ang Tagalikha na lumikha ng lahat ng mga umiiral, nagbigay-anyo sa mga ito, at nagpairal sa mga ito matapos ng kawalan ng mga ito. </p>",المعنى,"<p class=""ql-direction-rtl ql-align-right""><span class=""ql-font-vazirmatn""><span class=""ql-cursor"">﻿</span></span></p>"
2045,332,tgl,Ang Tagapag-anyo,المعنى المختصر,"<p class=""ql-direction-rtl ql-align-right"">Ang Tagapag-anyo na nagpasimula sa paglikha Niya sa mga anyong nagkakaiba-iba at mga hugis na nagkakaibahan bilang tagapagpatunay sa kalubusan ng kaalaman Niya at karunungan Niya. </p>",المعنى,"<p class=""ql-direction-rtl ql-align-right""><span class=""ql-font-vazirmatn""><span class=""ql-cursor"">﻿</span></span></p>"
2046,333,tgl,,,,,
2047,334,tgl,Ang Palahatol,المعنى المختصر,"<p class=""ql-direction-rtl ql-align-right"">Ang Palahatol ay ang humahatol sa mga lingkod Niya ng mga hatol Niyang pambatas, humuhusga sa kanila ng mga hatol niyang pang-itinakda, at nagtutuos sa kanila ng mga hatol Niyang pangganti. </p>",المعنى,"<p class=""ql-direction-rtl ql-align-right""><span class=""ql-font-vazirmatn""><span class=""ql-cursor"">﻿</span></span></p>"
2048,335,tgl,,,,,
2049,336,tgl,,,,,
2050,337,tgl,,,,,
2051,338,tgl,Ang Tagapag-angat,المعنى المختصر,"<p class=""ql-direction-rtl ql-align-right"">Ang Tagapag-angat ay ang nag-aangat ng sinumang niloloob Niya, gaya ng pag-angat sa mga katangkilik Niya sa Mundo at Kabilang-buhay.</p>",المعنى,"<p class=""ql-direction-rtl ql-align-right""><span class=""ql-font-vazirmatn""><span class=""ql-cursor"">﻿</span></span></p>"
2054,341,tgl,Ang Nakakikita,المعنى المختصر,"<p class=""ql-direction-rtl ql-align-right"">Ang Nakakikita na pumaligid ang pagkakita Niya sa bawat bagay kahit pa man numipis o lumiit, ang may pagkakita sa mga bagay, ang Mapagbatid sa mga ito, ang tagaarok sa mga nakapaloob ng mga ito. </p>",المعنى,"<p class=""ql-direction-rtl ql-align-right""><span class=""ql-font-vazirmatn""><span class=""ql-cursor"">﻿</span></span></p>"
2055,342,tgl,Ang Hukom,المعنى المختصر,"<p class=""ql-direction-rtl ql-align-right"">Ang Hukom ay ang nasa Kanya ang hatol sa bawat bagay. Siya ay humahatol ng ninanais Niya at humahatol sa mga lingkod Niya ayon sa totoo at katarungan. </p>",المعنى,"<p class=""ql-direction-rtl ql-align-right""><span class=""ql-font-vazirmatn""><span class=""ql-cursor"">﻿</span></span></p>"
2057,344,tgl,Ang Mataas,المعنى المختصر,"<p class=""ql-direction-rtl ql-align-right"">Ang Mataas ay ang taglay Niya ang kataasang walang-takda sa lahat ng mga paraan: kataasan ng antas, kataasan ng paggapi, at kataasan ng sarili. </p>",المعنى,"<p class=""ql-direction-rtl ql-align-right""><span class=""ql-font-vazirmatn""><span class=""ql-cursor"">﻿</span></span></p>"
2058,345,tgl,Ang Mapagtuos,المعنى المختصر,"<p class=""ql-direction-rtl ql-align-right"">Ang Mapagtuos ay ang tagapagpasapat sa mga lingkod Niya, na mga mananampalatayang nananalig sa Kanya, ang maalam sa mga gawain ng mga lingkod Niya, ang tagapagtuos sa kanila sa mga ito. </p>",المعنى,"<p class=""ql-direction-rtl ql-align-right""><span class=""ql-font-vazirmatn""><span class=""ql-cursor"">﻿</span></span></p>"
2061,348,tgl,Ang Pinananaligan,المعنى المختصر,"<p class=""ql-direction-rtl ql-align-right"">Ang Pinananaligan ay ang mapagpanagot sa mga panustos ng nilikha Niya, ang tagapag-aruga sa kanila sa mga kapakanan nila, at ang tumangkilik sa mga katangkilik Niya saka nagpadali sa kanila para sa pinakamadali, nagpaiwas sa kanila ng pinakamahirap, at nagpasapat sa kanila ng mga nauukol. </p>",المعنى,"<p class=""ql-direction-rtl ql-align-right""><span class=""ql-font-vazirmatn""><span class=""ql-cursor"">﻿</span></span></p>"
2062,349,tgl,Ang Katangkilik,المعنى المختصر,"<p class=""ql-direction-rtl ql-align-right"">Ang Katangkilik ay tagapag-adya ng mga mananampalatayang lingkod Niya at ang tagapag-aruga sa mga nauukol sa nilikha Niya nang magkakasama.</p>",المعنى,"<p class=""ql-direction-rtl ql-align-right""><span class=""ql-font-vazirmatn""><span class=""ql-cursor"">﻿</span></span></p>"
2063,350,tgl,Ang Kapuri-puri,المعنى المختصر,"<p class=""ql-direction-rtl ql-align-right"">Ang Kapuri-puri ay isang pangngalang nagpahiwatig ng lahat ng mga pagpupuri at mga kalubusan ukol kay Allāh (pagkataas-taas Siya), ang karapat-dapat sa papuri dahil sa kalubusan Niya sa sarili Niya, mga pangalan Niya, mga katangian Niya, at mga gawa Niya. </p>",المعنى,"<p class=""ql-direction-rtl ql-align-right""><span class=""ql-font-vazirmatn""><span class=""ql-cursor"">﻿</span></span></p>"
2071,358,tgl,Ang Nag-iisa,المعنى المختصر,"<p class=""ql-direction-rtl ql-align-right"">Ang Nag-iisa ay nagpakabukod-tangi sa lahat ng mga kalubusan sa sarili Niya, sa mga katangian Niya, at mga gawa Niya sapagkat walang katambal sa Kanya sa anuman mula roon. </p>",المعنى,"<p class=""ql-direction-rtl ql-align-right""><span class=""ql-font-vazirmatn""><span class=""ql-cursor"">﻿</span></span></p>"
2072,359,tgl,Ang Tagakaya,المعنى المختصر,"<p class=""ql-direction-rtl ql-align-right"">Ang Tagakaya ay ang taglay Niya ang ganap na kakayahan na walang nakapipigil dito na anuman.</p>",المعنى,"<p class=""ql-direction-rtl ql-align-right""><span class=""ql-font-vazirmatn""><span class=""ql-cursor"">﻿</span></span></p>"
2073,360,tgl,Ang Tagapagpauna,المعنى المختصر,"<p class=""ql-direction-rtl ql-align-right"">Ang Tagapagpauna ay ang tagapababa ng mga antas ng nagiging karapat-dapat sa mga ito. Nagpapauna Siya ng anumang niloob Niya mula sa mga ito at nagpapahuli Siya ng anumang niloob Niya. </p>",المعنى,"<p class=""ql-direction-rtl ql-align-right""><span class=""ql-font-vazirmatn""><span class=""ql-cursor"">﻿</span></span></p>"
2074,361,tgl,Ang Tagapagpahuli,المعنى المختصر,"<p class=""ql-direction-rtl ql-align-right"">Ang Tagapagpahuli ay ang nagpapahuli ng mga bagay na nagiging karapat-dapat sa pagpapahuli para maglagay Siya ng mga ito sa kalalagyan ng mga ito. </p>",المعنى,"<p class=""ql-direction-rtl ql-align-right""><span class=""ql-font-vazirmatn""><span class=""ql-cursor"">﻿</span></span></p>"
2075,362,tgl,Ang Una,المعنى المختصر,"<p class=""ql-direction-rtl ql-align-right"">Ang Una ay ang wala pang anuman bago Niya.</p>",المعنى,"<p class=""ql-direction-rtl ql-align-right""><span class=""ql-font-vazirmatn""><span class=""ql-cursor"">﻿</span></span></p>"
2076,363,tgl,Ang Huli,المعنى المختصر,"<p class=""ql-direction-rtl ql-align-right"">Ang Huli ay ang wala nang anuman matapos Niya. </p>",المعنى,"<p class=""ql-direction-rtl ql-align-right""><span class=""ql-font-vazirmatn""><span class=""ql-cursor"">﻿</span></span></p>"
2077,364,tgl,Ang Nakaiibabaw,المعنى المختصر,"<p class=""ql-direction-rtl ql-align-right"">Ang Nakaiibabaw ay ang walang anumang nasa itaas Niya. </p>",المعنى,"<p class=""ql-direction-rtl ql-align-right""><span class=""ql-font-vazirmatn""><span class=""ql-cursor"">﻿</span></span></p>"
2078,365,tgl,Ang Nakaiilalim,المعنى المختصر,"<p class=""ql-direction-rtl ql-align-right"">Ang Nakaiilalim ay ang walang anumang nasa ibaba Niya. </p>",المعنى,"<p class=""ql-direction-rtl ql-align-right""><span class=""ql-font-vazirmatn""><span class=""ql-cursor"">﻿</span></span></p>"
2080,367,tgl,Ang Mabuting-loob,المعنى المختصر,"<p class=""ql-direction-rtl ql-align-right"">Ang Mabuting-loob ay ang tagagawa ng maganda na nagbiyaya sa mga tao ng mga uri ng mga biyaya. </p>",المعنى,"<p class=""ql-direction-rtl ql-align-right""><span class=""ql-font-vazirmatn""><span class=""ql-cursor"">﻿</span></span></p>"
2082,369,tgl,,,,,
2083,370,tgl,Ang May Pagpipitagan at Pagpaparangal,المعنى المختصر,"<p class=""ql-direction-rtl ql-align-right"">Ang May Pagpipitagan at Pagpaparangal ay ang may kadakilaan, pagkamalaki, pagkaawa, pagkamapagbigay-loob, ang karapat-dapat sa pagdakila at papuri.</p>",المعنى,"<p class=""ql-direction-rtl ql-align-right""><span class=""ql-font-vazirmatn""><span class=""ql-cursor"">﻿</span> </span></p>"
2093,380,tgl,Ang Tagapagmana,المعنى المختصر,"<p class=""ql-direction-rtl ql-align-right"">Ang Tagapagmana ay ang matitira matapos ng pagkalipol ng nilikha, na magmamana sa lupa at sinumang nasa ibabaw nito. </p>",المعنى,"<p class=""ql-direction-rtl ql-align-right""><span class=""ql-font-vazirmatn""><span class=""ql-cursor"">﻿</span></span></p>"
2096,383,tgl,Ang Marikit,المعنى المختصر,"<p class=""ql-direction-rtl ql-align-right"">Ang Marikit ay ang taglay Niya ang karikitang walang-takda sa sarili Niya, mga pangalan Niya, mga katangian Niya, at mga gawa Niya.</p>",المعنى,"<p class=""ql-direction-rtl ql-align-right""><span class=""ql-font-vazirmatn""><span class=""ql-cursor"">﻿</span> </span></p>"
2097,384,tgl,Ang Tagagapi,المعنى المختصر,"<p class=""ql-direction-rtl ql-align-right"">Ang Tagagapi ay ang nagpasailalim sa Kanya ang lahat ng mga nilalang, nagpakaaba sa Kanya ang lahat ng mga nilikha, at nagpasaklaw ang mga ito sa kapangyarihan Niya at kalooban Niya. </p>",المعنى,"<p class=""ql-direction-rtl ql-align-right""><span class=""ql-font-vazirmatn""><span class=""ql-cursor"">﻿</span></span></p>"
2098,385,tgl,Ang Tagalinaw,المعنى المختصر,"<p class=""ql-direction-rtl ql-align-right"">Ang Tagalinaw ay ang malinaw ang nauukol sa Kanya sa kaisahan at na Siya ay walang katambal, at ang naglilinaw sa mga lingkod Niya ng totoo. </p>",المعنى,"<p class=""ql-direction-rtl ql-align-right""><span class=""ql-font-vazirmatn""><span class=""ql-cursor"">﻿</span></span></p>"
2099,386,tgl,Ang Tagapagpasapat,المعنى المختصر,"<p class=""ql-direction-rtl ql-align-right"">Ang Tagapagpasapat ay ang nagpapasapat sa mga lingkod Niya ng lahat ng kinakailangan nila at ang nakasasapat ang pantulong Niya higit sa iba pa sa Kanya at maipangkakasya higit sa iba sa Kanya. </p>",المعنى,"<p class=""ql-direction-rtl ql-align-right""><span class=""ql-font-vazirmatn""><span class=""ql-cursor"">﻿</span></span></p>"
2100,387,tgl,Ang Gansal,المعنى المختصر,"<p class=""ql-direction-rtl ql-align-right"">Ang Gansal ay ang nag-iisa na walang katambal sa Kanya at walang kapuwa.</p>",المعنى,"<p class=""ql-direction-rtl ql-align-right""><span class=""ql-font-vazirmatn""><span class=""ql-cursor"">﻿</span></span></p>"
2101,388,tgl,Ang Mapagbigay-loob,المعنى المختصر,"<p class=""ql-direction-rtl ql-align-right"">Ang Mapagbigay-loob ay ang marami ang pagbibigay na lumahat sa pagbibigay Niya sa lahat ng mga nilalang. </p>",المعنى,"<p class=""ql-direction-rtl ql-align-right""><span class=""ql-font-vazirmatn""><span class=""ql-cursor"">﻿</span></span></p>"
2102,389,tgl,Ang Malumanay,المعنى المختصر,"<p class=""ql-direction-rtl ql-align-right"">Ang Malumanay ay ang tagapaghinay-hinay sa mga nauukol, ang tagapagdahan-dahan sa mga ito, na hindi nagmamadali sa kaparusahan ng mga tagasuway. </p>",المعنى,"<p class=""ql-direction-rtl ql-align-right""><span class=""ql-font-vazirmatn""><span class=""ql-cursor"">﻿</span></span></p>"
2103,390,tgl,Ang Soberano,المعنى المختصر,"<p class=""ql-direction-rtl ql-align-right"">Ang Soberano ay ang Panginoon at ang Tagapagmay-ari, ang May-ari ng soberenya sa reyalidad, na bumabalik ang paglikha sa Kanya sa mga nauukol sa Mundo at Kabilang-buhay. </p>",المعنى,"<p class=""ql-direction-rtl ql-align-right""><span class=""ql-font-vazirmatn""><span class=""ql-cursor"">﻿</span></span></p>"
2104,391,tgl,Ang Kaluwa-luwalhati,المعنى المختصر,"<p class=""ql-direction-rtl ql-align-right"">Ang Kaluwa-luwalhati ay pinawalang-kinalaman sa mga kakulangan at mga kapintasan, na binabanal at pinawawalang-kinalaman ng bawat sinumang nasa mga langit at lupa. </p>",المعنى,"<p class=""ql-direction-rtl ql-align-right""><span class=""ql-font-vazirmatn""><span class=""ql-cursor"">﻿</span></span></p>"
2105,392,tgl,Ang Tagapagpasalamat,المعنى المختصر,"<p class=""ql-direction-rtl ql-align-right"">Ang Tagapagpasalamat ay ang tagapuri sa sinumang tumatalima sa Kanya, ang tagapagbunyi niyon, at ang tagagantimpala niyon sa pagtalima sa Kanya higit sa nagiging karapat-dapat dahil doon. </p>",المعنى,"<p class=""ql-direction-rtl ql-align-right""><span class=""ql-font-vazirmatn""><span class=""ql-cursor"">﻿</span></span></p>"
2106,393,tgl,Ang Kaaya-aya,المعنى المختصر,"<p class=""ql-direction-rtl ql-align-right"">Ang Kaaya-aya ay nangangahulugan na Siya (pagkataas-taas Siya) ay binabanal at pinawawalang-kinalaman sa mga kakulangan at mga kapintasan sa kabuuan ng mga ito.</p>",المعنى,"<p class=""ql-direction-rtl ql-align-right""><span class=""ql-font-vazirmatn""><span class=""ql-cursor"">﻿</span></span></p>"
2107,394,tgl,Ang Pinakamataas,المعنى المختصر,"<p class=""ql-direction-rtl ql-align-right"">Ang Pinakamataas ay isang pangngalang tagapagpahiwatig ng pananatili ng lahat ng mga kahulugan ng kataasan kay Allāh sa bawat paraan ayon sa kataasan ng sarili, kataasan ng antas, at kataasan ng paggapi. </p>",المعنى,"<p class=""ql-direction-rtl ql-align-right""><span class=""ql-font-vazirmatn""><span class=""ql-cursor"">﻿</span></span></p>"
2108,395,tgl,Ang May-kakayahan,المعنى المختصر,"<p class=""ql-direction-rtl ql-align-right"">Ang May-kakayahan ay ang may lubos na kakayahan na hindi dinadapuan ng isang kawalang-kakayahan ni isang pananamlay. </p>",المعنى,"<p class=""ql-direction-rtl ql-align-right""><span class=""ql-font-vazirmatn""><span class=""ql-cursor"">﻿</span></span></p>"
2109,396,tgl,Ang Tagapaligid,المعنى المختصر,"<p class=""ql-direction-rtl ql-align-right"">Ang Tagapaligid ay isang pangngalang nagpapahiwatig ng kataasan ni Allāh sa nilikha Niya at pagpaligid Niya sa bawat bagay sa kaalaman, sa kakayahan, at sa paggapi.</p>",المعنى,"<p class=""ql-direction-rtl ql-align-right""><span class=""ql-font-vazirmatn""><span class=""ql-cursor"">﻿</span></span></p>"
2110,397,tgl,Ang Pinakamapagbigay,المعنى المختصر,"<p class=""ql-direction-rtl ql-align-right"">Ang Pinakamapagbigay ay ang marami ang kabutihan at ang pagbibigay, na nasa kamay Niya ang kabutihan sa kabuuan nito at ang bawat kabutihan ay mula sa Kanya (kaluwalhatian sa Kanya). </p>",المعنى,"<p class=""ql-direction-rtl ql-align-right""><span class=""ql-font-vazirmatn""><span class=""ql-cursor"">﻿</span></span></p>"
2111,398,tgl,Ang Diyos,المعنى المختصر,"<p class=""ql-direction-rtl ql-align-right"">Ang Diyos ay ang tagapagtipon ng lahat ng mga katangian ng kalubusan at mga pang-uri ng kapitaganan, ang sinasamba na walang nagiging karapat-dapat sa pagsamba na isa man maliban sa Kanya. </p>",المعنى,"<p class=""ql-direction-rtl ql-align-right""><span class=""ql-font-vazirmatn""><span class=""ql-cursor"">﻿</span></span></p>"
2112,399,tgl,Ang Mapag-adya,المعنى المختصر,"<p class=""ql-direction-rtl ql-align-right"">Ang Mapag-adya ay ang nag-aadya sa mga mananampalatayang lingkod Niya at tumutulong sa kanila.</p>",المعنى,"<p class=""ql-direction-rtl ql-align-right""><span class=""ql-font-vazirmatn""><span class=""ql-cursor"">﻿</span></span></p>"
2113,400,tgl,Ang Pinagpapatangkilikan,المعنى المختصر,"<p class=""ql-direction-rtl ql-align-right"">Ang Pinagpapatangkilikan ay ang pinagpapatangkilikan ng mga nilikha nang sama-sama sa kahulugang Siya ay ang soberano nila, ang tagapagmay-ari nila, ang sinasamba nilang totoo, at ang pinagpapatangkilikan ng mga mananampalatayang tagasamba Niya. Umiibig Siya sa kanila, nagtutuon Siya sa kanila, nag-aadya Siya sa kanila, nagpaparating Siya sa kanila sa mga kapakanan nila, nagpapadali Siya para sa kanila ng mga kapakinabangan nilang panrelihiyon at pangkabilang-buhay. </p>",المعنى,"<p class=""ql-direction-rtl ql-align-right""><span class=""ql-font-vazirmatn""><span class=""ql-cursor"">﻿</span></span></p>"
2114,401,tgl,Ang Mahiyain,المعنى المختصر,"<p class=""ql-direction-rtl ql-align-right"">Ang Mahiyain ay ang marami ang hiya. Ito ay paglalarawang nababagay sa Kanya, na hindi gaya ng hiya ng mga nilikha; bagkus Siya ay nag-iwan ng anumang hindi naaangkop sa lawak ng pagkaawa Niya at kalubusan ng pagkamapagbigay-loob Niya, karangalan Niya, at kadakilaan ng pagpapaumanhin Niya at pagtitimpi Niya. </p>",المعنى,"<p class=""ql-direction-rtl ql-align-right""><span class=""ql-font-vazirmatn""><span class=""ql-cursor"">﻿</span></span></p>"
2115,402,tgl,Ang Tagagawa ng Maganda,المعنى المختصر,"<p class=""ql-direction-rtl ql-align-right"">Ang Tagagawa ng Maganda ay ang tagapagmagandang-loob sa mga lingkod Niya ng mga uri ng mga biyayang nakalantad at nakapaloob. </p>",المعنى,"<p class=""ql-direction-rtl ql-align-right""><span class=""ql-font-vazirmatn""><span class=""ql-cursor"">﻿</span></span></p>"
2117,278,mal,അല്ലാഹു (യഥാർഥ ആരാധ്യൻ),المعنى المختصر,"<p class=""ql-direction-rtl ql-align-right""><span class=""ql-font-vazirmatn""><span class=""ql-cursor"">﻿</span>അല്ലാഹു: (അങ്ങേയറ്റത്തെ) സ്നേഹത്തോടെയും ഭയത്തോടെയും പ്രതീക്ഷയോടെയും ആരാധിക്കപ്പെടാൻ അർഹതയുള്ള യഥാർത്ഥ ആരാധ്യൻ. അല്ലാഹുവിൻ്റെ അത്യുൽകൃഷ്ടമായ എല്ലാ നാമങ്ങളുടെയും ആശയം ഈ നാമം ഒരുമിപ്പിക്കുന്നു. അവൻ്റെ എല്ലാ വിശേഷണങ്ങളും ഈ നാമം ഉൾക്കൊള്ളുകയും ചെയ്യുന്നു. </span></p>",المعنى,"<p class=""ql-direction-rtl ql-align-right""><span class=""ql-font-vazirmatn""><span class=""ql-cursor"">﻿</span> </span></p>"
2118,279,mal,അർ-റഹ്മാൻ (പരമകാരുണ്യമുള്ളവൻ),المعنى المختصر,"<p class=""ql-direction-rtl ql-align-right"">അൽ-റഹ്മാൻ: സർവ്വതിനെയും വിശാലമായി ചൂഴ്ന്നിരിക്കുന്ന, മഹത്തരമായ കാരുണ്യത്തിൻ്റെ ഉടമ.</p>",المعنى,"<p class=""ql-direction-rtl ql-align-right""><span class=""ql-font-vazirmatn""><span class=""ql-cursor"">﻿</span></span></p>"
2119,280,mal,അൽ-റഹീം (ധാരാളമായി കരുണ ചൊരിയുന്നവൻ),المعنى المختصر,"<p class=""ql-direction-rtl ql-align-right"">അൽ-റഹീം: സൃഷ്ടികളിലേക്ക് എത്തുന്ന മഹത്തരമായ കാരുണ്യത്തിൻ്റെ ഉടമ.</p>",المعنى,"<p class=""ql-direction-rtl ql-align-right""><span class=""ql-font-vazirmatn""><span class=""ql-cursor"">﻿</span></span></p>"
2120,281,mal,അൽ-മലിക് (സർവ്വാധികാരി).,المعنى المختصر,"<p class=""ql-direction-rtl ql-align-right""> അൽ-മലിക്: മഹത്വത്തിൻ്റെയും അധീശത്വത്തിൻ്റെയും നിയന്ത്രണത്തിൻ്റെയും വിശേഷണങ്ങളുള്ളവൻ. സർവ്വതിനെയും ഉടമപ്പെടുത്തുന്നവനും, അവയെ അതിരുകവിയാതെയും കുറഞ്ഞു പോകാതെയും മാറ്റിമറിക്കുന്നവനും അവനത്രെ. </p>",المعنى,"<p class=""ql-direction-rtl ql-align-right""><span class=""ql-font-vazirmatn""><span class=""ql-cursor"">﻿</span></span></p>"
2121,282,mal,അൽ-ഖുദ്ദൂസ് (പരമപരിശുദ്ധൻ),المعنى المختصر,"<p class=""ql-direction-rtl ql-align-right"">അൽ-ഖുദ്ദൂസ്: അങ്ങേയറ്റം ആദരണീയനും, ന്യൂനതയുടെ എല്ലാ വിശേഷണങ്ങളിൽ നിന്നും പരിശുദ്ധനുമായവൻ. സൃഷ്ടികളിൽ ആരെങ്കിലും അവനോട് സമമാവുക എന്നതിൽ നിന്നും അവൻ പരിശുദ്ധനായിരിക്കുന്നു. </p>",المعنى,"<p class=""ql-direction-rtl ql-align-right""><span class=""ql-font-vazirmatn""><span class=""ql-cursor"">﻿</span></span></p>"
2122,283,mal,അസ്സലാം: സർവ്വന്യൂനതകളിൽ നിന്നും പരിശുദ്ധനായവൻ.,المعنى المختصر,"<p class=""ql-direction-rtl ql-align-right"">അസ്സലാം: എല്ലാ ന്യൂനതകളിൽ നിന്നും കുറവുകളിൽ നിന്നും കുഴപ്പങ്ങളിൽ നിന്നും പരിശുദ്ധനായവൻ. </p>",المعنى,"<p class=""ql-direction-rtl ql-align-right""><span class=""ql-font-vazirmatn""><span class=""ql-cursor"">﻿</span></span></p>"
2123,284,mal,അൽ-മുഹൈമിൻ (മേൽനോട്ടം വഹിക്കുന്നവൻ),المعنى المختصر,"<p class=""ql-direction-rtl ql-align-right"">അൽ-മുഹൈമിൻ: സൃഷ്ടികളെ നിലനിർത്തുന്നവനും, അവരുടെ മേൽ വിധി പ്രഖ്യാപിക്കുന്നവനും അവരെ നിയന്ത്രിക്കുന്നവനും. സർവ്വതിനെയും അവൻ തൻ്റെ അറിവ് കൊണ്ട് വലയം ചെയ്തിരിക്കുന്നു. </p>",المعنى,"<p class=""ql-direction-rtl ql-align-right""><span class=""ql-font-vazirmatn""><span class=""ql-cursor"">﻿</span></span></p>"
2124,285,mal,അൽ-അസീസ് (മഹാപ്രതാപവാൻ),المعنى المختصر,"<p class=""ql-direction-rtl ql-align-right"">അൽ-അസീസ്: സമ്പൂർണ്ണ പ്രതാപമുള്ളവൻ. എല്ലാ സൃഷ്ടികളെയും തൻ്റെ ശക്തിയാലും, അവരെ വിജയിച്ചടക്കി കൊണ്ടും, അവൻ്റെ സംരക്ഷണം കൊണ്ടും അവൻ കീഴൊതുക്കിയിരിക്കുന്നു. </p>",المعنى,"<p class=""ql-direction-rtl ql-align-right""><span class=""ql-font-vazirmatn""><span class=""ql-cursor"">﻿</span></span></p>"
2125,286,mal,അൽ-ജബ്ബാർ,المعنى المختصر,"<p class=""ql-direction-rtl ql-align-right"">അൽ-ജബ്ബാർ: സർവ്വതിൻ്റെയും മേൽ ഔന്നത്യവും അധീശത്വവുമുള്ളവൻ. എല്ലാ വസ്തുക്കളും കീഴൊതുങ്ങുകയും, താഴ്മയോടെ വണങ്ങുകയും ചെയ്തവൻ. തന്നിലേക്ക് അഭയം തേടിവന്നവരുടെ കുറവുകൾ നികത്തിനൽകുന്നവൻ.</p>",المعنى,"<p class=""ql-direction-rtl ql-align-right""><span class=""ql-font-vazirmatn""><span class=""ql-cursor"">﻿</span></span></p>"
2126,287,mal,അൽ-മുതകബ്ബിർ (അഹങ്കാരമുള്ളവൻ),المعنى المختصر,"<p class=""ql-direction-rtl ql-align-right"">അൽ-മുതകബ്ബിർ: പ്രൗഢി പ്രകടിപ്പിക്കുന്നവനും സർവ്വന്യൂനതകളിൽ നിന്നും കുറവുകളിൽ നിന്നും മോശങ്ങളിൽ നിന്നും മഹത്വം സ്വീകരിച്ചവനും. കാരണം അവൻ എല്ലാ സമ്പൂർണ്ണതയും മഹത്വവും ഉള്ളവനാകുന്നു. </p>",المعنى,"<p class=""ql-direction-rtl ql-align-right""><span class=""ql-font-vazirmatn""><span class=""ql-cursor"">﻿</span></span></p>"
2127,288,mal,അൽ-ഖാലിഖ് (സർവ്വതിൻ്റെയും സ്രഷ്ടാവ്),المعنى المختصر,"<p class=""ql-direction-rtl ql-align-right"">അൽ-ഖാലിഖ്: എല്ലാ വസ്തുക്കളെയും ഒരു മുൻ മാതൃകയുമില്ലാതെ സൃഷ്ടിക്കുകയും നിർമ്മിക്കുകയും ചെയ്തവൻ. </p>",المعنى,"<p class=""ql-direction-rtl ql-align-right""><span class=""ql-font-vazirmatn""><span class=""ql-cursor"">﻿</span></span></p>"
2128,289,mal,,,,,
2129,290,mal,അൽ-വഹ്ഹാബ്: (ധാരാളമായി ഔദാര്യങ്ങൾ ചൊരിയുന്നവൻ),المعنى المختصر,"<p class=""ql-direction-rtl ql-align-right"">അൽ-വഹ്ഹാബ്: വിശാലമായി ദാനം നൽകുന്നവനും ഔദാര്യങ്ങൾ ചൊരിയുന്നവനും. സർവ്വലോകങ്ങളും അവൻ തൻ്റെ ദാനങ്ങളാലും ഔദാര്യങ്ങളാലും പൊതിഞ്ഞിരിക്കുന്നു.</p>",المعنى,"<p class=""ql-direction-rtl ql-align-right""><span class=""ql-font-vazirmatn""><span class=""ql-cursor"">﻿</span></span></p>"
2130,291,mal,അർ-റസാഖ് (സർവ്വർക്കും ഉപജീവനം നൽകുന്നവൻ),المعنى المختصر,"<p class=""ql-direction-rtl ql-align-right"">അർ-റസാഖ്: തൻ്റെ ദാസന്മാരുടെ ഹൃദയങ്ങൾക്കും ശരീരങ്ങൾക്കും നിലനിൽക്കാൻ വേണ്ട വിഭവങ്ങൾ (നൽകാനുള്ള ബാധ്യത സ്വയം) ഏറ്റെടുത്തവൻ. </p>",المعنى,"<p class=""ql-direction-rtl ql-align-right""><span class=""ql-font-vazirmatn""><span class=""ql-cursor"">﻿</span></span></p>"
2131,292,mal,അൽ-അലീം (സർവ്വതും അറിയുന്നവൻ),المعنى المختصر,"<p class=""ql-direction-rtl ql-align-right"">അൽ-അലീം: എല്ലാത്തിനെയും തൻ്റെ അറിവ് കൊണ്ട് ചൂഴ്ന്നിരിക്കുന്നവൻ. </p>",المعنى,"<p class=""ql-direction-rtl ql-align-right""><span class=""ql-font-vazirmatn""><span class=""ql-cursor"">﻿</span></span></p>"
2132,293,mal,അസ്സമീഅ് (എല്ലാം കേൾക്കുന്നവൻ),المعنى المختصر,"<p class=""ql-direction-rtl ql-align-right"">അസ്സമീഅ്: എല്ലാ ശബ്ദശകലങ്ങളും കേൾക്കുന്നവൻ. അവൻ രഹസ്യവും പരസ്യവും കേൾക്കുന്നു. ശബ്ദം ഉയർത്തുന്നതും താഴ്ത്തുന്നതും അവൻ്റെ അടുക്കൽ സമമത്രെ. സംസാരിക്കുന്നതും നിശബ്ദത പാലിക്കുന്നതും അവന് ഒരു പോലെ തന്നെ. </p>",المعنى,"<p class=""ql-direction-rtl ql-align-right""><span class=""ql-font-vazirmatn""><span class=""ql-cursor"">﻿</span></span></p>"
2133,294,mal,അല്ലത്വീഫ് (അതീവ സൂക്ഷ്മജ്ഞാനി),المعنى المختصر,"<p class=""ql-direction-rtl ql-align-right"">അല്ലത്വീഫ്: എത്ര ചെറുതോ സൂക്ഷ്മമോ ആയാലും അവയൊന്നും അവ്യക്തമായി തീരാത്തവൻ. തൻ്റെ അടിമകളോട് അനുകമ്പ പുലർത്തിയും, അവർക്ക് പ്രയോജനകരമായതിലേക്ക് അവർക്ക് സൗകര്യം ചെയ്തു നൽകിക്കൊണ്ടും അവരോട് നന്മ കാണിക്കുന്നവനും.</p>",المعنى,"<p class=""ql-direction-rtl ql-align-right""><span class=""ql-font-vazirmatn""><span class=""ql-cursor"">﻿</span></span></p>"
2134,295,mal,അൽ-ഖബീർ (സൂക്ഷ്മജ്ഞാനി),المعنى المختصر,"<p class=""ql-direction-rtl ql-align-right"">അൽ-ഖബീർ: എല്ലാ വസ്തുക്കളെയും കുറിച്ചുള്ള പ്രത്യക്ഷവിവരങ്ങൾ അറിഞ്ഞതു പോലെ തന്നെ, അവയുടെ ഉള്ളറകളും അതീവസൂക്ഷ്മ വിവരങ്ങളും ചൂഴ്ന്നറിഞ്ഞവൻ.</p>",المعنى,"<p class=""ql-direction-rtl ql-align-right""><span class=""ql-font-vazirmatn""><span class=""ql-cursor"">﻿</span></span></p>"
2135,296,mal,അൽ-ഹലീം (അങ്ങേയറ്റം സഹനശീലമുള്ളവൻ),المعنى المختصر,"<p class=""ql-direction-rtl ql-align-right"">അൽ-ഹലീം: തൻ്റെ അടിമകളുടെ തെറ്റുകൾക്ക് ഉടനടി ശിക്ഷ നൽകാതെ, അവധാനത പുലർത്തുന്നവൻ. </p>",المعنى,"<p class=""ql-direction-rtl ql-align-right""><span class=""ql-font-vazirmatn""><span class=""ql-cursor"">﻿</span></span></p>"
2136,297,mal,അൽ-അദ്വീം (സർവ്വ മഹത്വവുമുള്ളവൻ),المعنى المختصر,"<p class=""ql-direction-rtl ql-align-right"">അൽ-അദ്വീം: പൂർണ്ണതയുടെയും മഹത്വത്തിൻ്റെയും പ്രൗഢിയുടെയും ആദരവിൻ്റെയും സർവ്വവിശേഷണങ്ങളും ഒരുമിച്ചവൻ. ഹൃദയങ്ങൾ അവനെ സ്നേഹിക്കുകയും, മനസ്സുകൾ അവനെ മഹത്വപ്പെടുത്തുകയും ചെയ്യുന്നു. </p>",المعنى,"<p class=""ql-direction-rtl ql-align-right""><span class=""ql-font-vazirmatn""><span class=""ql-cursor"">﻿</span> </span></p>"
2137,298,mal,അൽ-ഗഫൂർ (അങ്ങേയറ്റം പൊറുത്തു കൊടുക്കുന്നവൻ),المعنى المختصر,"<p class=""ql-direction-rtl ql-align-right"">അൽ-ഗഫൂർ: തൻ്റെ അടിമകളെ അവർ ചെയ്ത തിന്മകളുടെ ദുഷ്ഫലങ്ങളിൽ നിന്ന് കാത്തുരക്ഷിക്കുന്നവനും, അവരെ അതിൻ്റെ പേരിൽ ശിക്ഷിക്കാതെ (പൊറുത്തു കൊടുക്കുന്നവനും). </p>",المعنى,"<p class=""ql-direction-rtl ql-align-right""><span class=""ql-font-vazirmatn""><span class=""ql-cursor"">﻿</span></span></p>"
2138,299,mal,അശ്ശകൂർ (നന്ദിയുള്ളവൻ),المعنى المختصر,"<p class=""ql-direction-rtl ql-align-right"">അശ്ശകൂർ: കുറഞ്ഞ പ്രവർത്തനങ്ങൾക്ക് ഇരട്ടിയിരട്ടിയായി ധാരാളം പ്രതിഫലം നൽകി നന്ദികാണിക്കുന്നവനും, ധാരാളം വരുന്ന തെറ്റുകൾ വിട്ടുപൊറുത്തു കൊടുക്കുന്നവനും. </p>",المعنى,"<p class=""ql-direction-rtl ql-align-right""><span class=""ql-font-vazirmatn""><span class=""ql-cursor"">﻿</span></span></p>"
2139,300,mal,അൽ-കബീർ (ഏറ്റവും വലിയവൻ),المعنى المختصر,"<p class=""ql-direction-rtl ql-align-right"">അൽ-കബീർ: ഏറ്റവും വലിയവൻ. മറ്റെല്ലാം അവൻ്റെ താഴെയാണ്. അവനെക്കാൾ വലിയ ഒന്നും തന്നെയില്ല.</p>",المعنى,"<p class=""ql-direction-rtl ql-align-right""><span class=""ql-font-vazirmatn""><span class=""ql-cursor"">﻿</span></span></p>"
2140,301,mal,അൽ-ഹഫീദ്വ് (സർവ്വതിൻ്റെയും സംരക്ഷകൻ),المعنى المختصر,"<p class=""ql-direction-rtl ql-align-right"">അൽ-ഹഫീദ്വ്: താൻ സൃഷ്ടിച്ച സർവ്വതിനെയും സംരക്ഷിക്കുന്നവൻ. അവയെ എല്ലാം തൻ്റെ അറിവ് കൊണ്ട് ചൂഴ്ന്നവൻ. തൻ്റെ ഇഷ്ടദാസന്മാരെ തിന്മകളിലും നാശങ്ങളിലും വീണുപോകുന്നതിൽ നിന്ന് സംരക്ഷിക്കുന്നവൻ. തൻ്റെ ദാസന്മാരുടെ പ്രവർത്തനങ്ങളും അവരുടെ പ്രതിഫലവും തിട്ടപ്പെടുത്തിയവൻ.</p>",المعنى,"<p class=""ql-direction-rtl ql-align-right""><span class=""ql-font-vazirmatn""><span class=""ql-cursor"">﻿</span></span></p>"
2141,302,mal,അൽ-മുഖീത് (ഉപജീവനം നിയന്ത്രിക്കുന്നവൻ),المعنى المختصر,"<p class=""ql-direction-rtl ql-align-right"">അൽ-മുഖീത്: സൃഷ്ടികളുടെ ഉപജീവനം തൻ്റെ അറിവിൻ്റെ അടിസ്ഥാനത്തിൽ നിശ്ചയിക്കുകയും, ശേഷം ആ ഉപജീവനം തൻ്റെ ശക്തി കൊണ്ട് അവർക്ക് എത്തിച്ചു കൊടുക്കുകയും, അവർക്കിടയിൽ വീതംവെക്കുകയും ചെയ്യുന്നവൻ. </p>",المعنى,"<p class=""ql-direction-rtl ql-align-right""><span class=""ql-font-vazirmatn""><span class=""ql-cursor"">﻿</span></span></p>"
2142,303,mal,അൽ-കരീം (മഹാഔദാര്യവാൻ),المعنى المختصر,"<p class=""ql-direction-rtl ql-align-right"">അൽ-കരീം: ധാരാളം നന്മകൾ ചൊരിയുന്ന, മഹത്തരമായ ഉപകാരങ്ങൾ നൽകുന്നവൻ. </p>",المعنى,"<p class=""ql-direction-rtl ql-align-right""><span class=""ql-font-vazirmatn""><span class=""ql-cursor"">﻿</span></span></p>"
2143,304,mal,അർ-റഖീബ് (സൂക്ഷ്മമായി നിരീക്ഷിക്കുന്നവൻ),المعنى المختصر,"<p class=""ql-direction-rtl ql-align-right"">അർ-റഖീബ്: സർവ്വതും അറിയുകയും, രഹസ്യങ്ങൾക്കും മനസ്സിൻ്റെ ഉള്ളറകൾക്കും സാക്ഷിയാവുകയും, സ്വകാര്യങ്ങളും രഹസ്യസംസാരങ്ങളും അറിയുകയും കാണുകയും ചെയ്യുന്നവൻ. </p>",المعنى,"<p class=""ql-direction-rtl ql-align-right""><span class=""ql-font-vazirmatn""><span class=""ql-cursor"">﻿</span></span></p>"
2144,305,mal,അൽ-മുജീബ് (ഉത്തരം നൽകുന്നവൻ),المعنى المختصر,"<p class=""ql-direction-rtl ql-align-right"">അൽ-മുജീബ്: ചോദിക്കുന്നവരുടെ തേട്ടങ്ങളും പ്രാർത്ഥിക്കുന്നവരുടെ പ്രാർത്ഥനകളും സ്വീകരിക്കുകയും അവക്ക് ഉത്തരം നൽകുകയും ചെയ്യുന്നവൻ. </p>",المعنى,"<p class=""ql-direction-rtl ql-align-right""><span class=""ql-font-vazirmatn""><span class=""ql-cursor"">﻿</span></span></p>"
2145,306,mal,അൽ-വാസിഅ്: (സമ്പൂർണ്ണ വിശാലതയുള്ളവൻ),المعنى المختصر,"<p class=""ql-direction-rtl ql-align-right"">അൽ-വാസിഅ്: എല്ലാ വിശേഷണങ്ങളിലും അങ്ങേയറ്റത്തെ പരിപൂർണ്ണതയും ഏറ്റവും ഉന്നതമായ സ്ഥാനവും ഉള്ളവൻ. </p>",المعنى,"<p class=""ql-direction-rtl ql-align-right""><span class=""ql-font-vazirmatn""><span class=""ql-cursor"">﻿</span></span></p>"
2146,307,mal,അൽ-ഹകീം (മഹായുക്തിമാൻ),المعنى المختصر,"<p class=""ql-direction-rtl ql-align-right"">അൽ-ഹകീം: സർവ്വതും ഏറ്റവും യുക്തമായി പ്രവർത്തിക്കുന്നവൻ. അവൻ്റെ കൽപ്പനകളും, മതനിയമങ്ങളും പരിപൂർണ്ണമായും യുക്തമാണ്. അവൻ്റെ സൃഷ്ടികൾക്കിടയിൽ പൂർണ്ണ വിധിനിർണ്ണയവും അവൻ്റേത് തന്നെയാണ്.</p>",المعنى,"<p class=""ql-direction-rtl ql-align-right""><span class=""ql-font-vazirmatn""><span class=""ql-cursor"">﻿</span></span></p>"
2147,308,mal,അൽ-വദൂദ് (അങ്ങേയറ്റം സ്നേഹിക്കുന്നവൻ),المعنى المختصر,"<p class=""ql-direction-rtl ql-align-right"">അൽ-വദൂദ്: സ്നേഹിക്കുന്നവനും സ്നേഹിക്കപ്പെടുന്നവനും എന്നർത്ഥം. തൻ്റെ ദൂതന്മാരെയും നബിമാരെയും അവരെ പിൻപറ്റിയവരെയും അല്ലാഹു ധാരാളമായി സ്നേഹിക്കുന്നു. അവർ അവനെയും സ്നേഹിക്കുന്നു.</p>",المعنى,"<p class=""ql-direction-rtl ql-align-right""><span class=""ql-font-vazirmatn""><span class=""ql-cursor"">﻿</span></span></p>"
2148,309,mal,അൽ-മജീദ് (മഹാപ്രതാപശാലി),المعنى المختصر,"<p class=""ql-direction-rtl ql-align-right"">അൽ-മജീദ്: സമ്പൂർണ്ണത അറിയിക്കുന്ന, മഹത്വത്തിൻ്റെ അനേകം വിശേഷണങ്ങളുള്ളവൻ. </p>",المعنى,"<p class=""ql-direction-rtl ql-align-right""><span class=""ql-font-vazirmatn""><span class=""ql-cursor"">﻿</span></span></p>"
2149,310,mal,അശ്ശഹീദ് (സർവ്വതിനും സാക്ഷിയാകുന്നവൻ),المعنى المختصر,"<p class=""ql-direction-rtl ql-align-right"">അശ്ശഹീദ്: ഒരു കാര്യവും മറഞ്ഞു പോകാതെ, എല്ലാം കാണുന്നവനും, എല്ലാത്തിനും സാക്ഷ്യം വഹിക്കുന്നവനും, സർവ്വതിൻ്റെയും വിശദാംശങ്ങൾ നന്നായി അറിയുന്നവനും. </p>",المعنى,"<p class=""ql-direction-rtl ql-align-right""><span class=""ql-font-vazirmatn""><span class=""ql-cursor"">﻿</span></span></p>"
2150,311,mal,അൽ-ഹഖ് (സത്യമായുള്ളവൻ),المعنى المختصر,"<p class=""ql-direction-rtl ql-align-right"">അൽ-ഹഖ്: സംശയമില്ലാത്ത വിധം അസ്തിത്വം സ്ഥിരപ്പെട്ടവൻ. അവനുണ്ട് എന്നതിൽ യാതൊരു സംശയവുമില്ല. അവൻ്റെ നാമങ്ങളും വിശേഷണങ്ങളും പ്രവർത്തനങ്ങളും വിധികളും പ്രതിഫലവുമെല്ലാം പരിപൂർണ്ണവും സത്യവുമാണ്. അതിലൊന്നും യാതൊരു അസത്യവുമില്ല.</p>",المعنى,"<p class=""ql-direction-rtl ql-align-right""><span class=""ql-font-vazirmatn""><span class=""ql-cursor"">﻿</span></span></p>"
2151,312,mal,അൽ-ഖവിയ്യ് (അതിശക്തൻ),المعنى المختصر,"<p class=""ql-direction-rtl ql-align-right"">അൽ-ഖവിയ്യ്: ഒരാൾക്കും പരാജയപ്പെടുത്തുക സാധ്യമല്ലാത്ത പരിപൂർണ്ണ ശക്തിയുള്ളവൻ. അവൻ്റെ തീരുമാനത്തെ തടുക്കാൻ ആർക്കും സാധ്യമല്ല. </p>",المعنى,"<p class=""ql-direction-rtl ql-align-right""><span class=""ql-font-vazirmatn""><span class=""ql-cursor"">﻿</span></span></p>"
2152,313,mal,അൽ-മതീൻ (സർവ്വശക്തൻ),المعنى المختصر,"<p class=""ql-direction-rtl ql-align-right"">അൽ-മതീൻ: അങ്ങേയറ്റം ശക്തിയും കഴിവുമുള്ളവൻ. അവന് ഒരിക്കലും ദുർബലതയോ പ്രയാസമോ ബാധിക്കുകയില്ല. </p>",المعنى,"<p class=""ql-direction-rtl ql-align-right""><span class=""ql-font-vazirmatn""><span class=""ql-cursor"">﻿</span></span></p>"
2153,314,mal,അൽ-ഹയ്യ് (എന്നെന്നും ജീവിച്ചിരിക്കുന്നവൻ),المعنى المختصر,"<p class=""ql-direction-rtl ql-align-right"">അൽ-ഹയ്യ്: പരിപൂർണ്ണ ജീവിതത്തിൻ്റെ എല്ലാ അർത്ഥതലങ്ങളും ഉള്ളവൻ. അവൻ മുൻപ് ജീവൻ ഇല്ലാതിരുന്നവനോ, ഇനിയെന്നെങ്കിലും ജീവൻ നഷ്ടപ്പെടുന്നവനോ അല്ല. </p>",المعنى,"<p class=""ql-direction-rtl ql-align-right""><span class=""ql-font-vazirmatn""><span class=""ql-cursor"">﻿</span></span></p>"
2154,315,mal,അൽ-ഖയ്യൂം (സർവ്വനിയന്താവ്),المعنى المختصر,"<p class=""ql-direction-rtl ql-align-right"">അൽ-ഖയ്യൂം: സ്വയം നിലനിൽക്കുന്നവൻ; അവന് നിലനിൽക്കുവാൻ ആരുടെയും ആവശ്യമില്ല. എല്ലാ വസ്തുക്കളും അവനെ കൊണ്ടാണ് നിലനിൽക്കുന്നത്; ഒരാൾക്കും അവൻ്റെ സഹായം കൂടാതെ കഴിയില്ല.</p>",المعنى,"<p class=""ql-direction-rtl ql-align-right""><span class=""ql-font-vazirmatn""><span class=""ql-cursor"">﻿</span></span></p>"
2155,316,mal,അസ്സ്വമദ് (സർവ്വരുടെയും ആശ്രയമായ പരാശ്രയമുക്തൻ),المعنى المختصر,"<p class=""ql-direction-rtl ql-align-right"">അസ്സ്വമദ്: പരിപൂർണ്ണനായ രക്ഷാധികാരിയും, അത്യാദരണീയനായ ആശ്രയവും. പ്രതീക്ഷയോടും ഭയത്തോടും കൂടെ എല്ലാ ആവശ്യങ്ങളും അവങ്കലേക്കത്രെ ഉയർത്തപ്പെടുന്നത്.</p>",المعنى,"<p class=""ql-direction-rtl ql-align-right""><span class=""ql-font-vazirmatn""><span class=""ql-cursor"">﻿</span></span></p>"
2156,317,mal,അൽ-ഖാദിർ (അങ്ങേയറ്റം ശക്തിയുള്ളവൻ),المعنى المختصر,"<p class=""ql-direction-rtl ql-align-right"">അൽ-ഖാദിർ: പരിപൂർണ്ണവും വിശാലവുമായ ശക്തിയുള്ളവൻ. യാതൊരു കാര്യവും അവന് അസാധ്യമല്ല. അവൻ്റെ ഒരു ലക്ഷ്യവും നടപ്പാകാതെ പോവുകയുമില്ല.</p>",المعنى,"<p class=""ql-direction-rtl ql-align-right""><span class=""ql-font-vazirmatn""><span class=""ql-cursor"">﻿</span></span></p>"
2157,318,mal,അൽ-മുതആൽ (ഏറ്റവും മുകളിലുള്ളവൻ),المعنى المختصر,"<p class=""ql-direction-rtl ql-align-right"">അൽ-മുതആൽ: എല്ലാ നിലക്കും നിരുപാധികമായ സർവ്വോന്നതിയുള്ളവനാണ് അല്ലാഹു എന്നറിയിക്കുന്ന നാമം. (അല്ലാഹു എല്ലാത്തിനും മുകളിലാണ് എന്ന) അസ്തിത്വപരമായ ഔന്നത്യവും, (എല്ലാ വിശേഷണങ്ങളിലും അവൻ ഏറ്റവും മുകളിലാണ് എന്നറിയിക്കുന്ന) മഹത്വങ്ങളിലുള്ള ഔന്നത്യവും, (എല്ലാവരും അല്ലാഹുവിൻ്റെ അധീശത്വത്തിന് കീഴിലാണെന്ന് അറിയിക്കുന്ന) അധികാരത്തിൻ്റെ ഔന്നത്യവും ഉള്ളവനാണവൻ. </p>",المعنى,"<p class=""ql-direction-rtl ql-align-right""><span class=""ql-font-vazirmatn""><span class=""ql-cursor"">﻿</span></span></p>"
2158,319,mal,അത്തവ്വാബ് (അങ്ങേയറ്റം പശ്ചാത്താപം സ്വീകരിക്കുന്നവൻ),المعنى المختصر,"<p class=""ql-direction-rtl ql-align-right"">അത്തവ്വാബ്: തൻ്റെ അടിമക്ക് പശ്ചാത്താപത്തിന് വഴിയൊരുക്കുകയും, അവനിൽ നിന്ന് അവൻ്റെ പശ്ചാത്താപം സ്വീകരിക്കുകയും ചെയ്യുന്നവൻ. </p>",المعنى,"<p class=""ql-direction-rtl ql-align-right""><span class=""ql-font-vazirmatn""><span class=""ql-cursor"">﻿</span></span></p>"
2159,320,mal,അൽ-അഫുവ്വ് (അങ്ങേയറ്റം പൊറുത്തു കൊടുക്കുന്നവൻ),المعنى المختصر,"<p class=""ql-direction-rtl ql-align-right"">അൽ-അഫുവ്വ്: തിന്മകൾ മായ്ച്ചു കളയുകയും, തെറ്റുകൾ വിട്ടുപൊറുത്തു കൊടുക്കുകയും ചെയ്യുന്നവൻ. </p>",المعنى,"<p class=""ql-direction-rtl ql-align-right""><span class=""ql-font-vazirmatn""><span class=""ql-cursor"">﻿</span></span></p>"
2160,321,mal,അർ-റഊഫ് (മഹാദയയുള്ളവൻ),المعنى المختصر,"<p class=""ql-direction-rtl ql-align-right"">അർ-റഊഫ്: തൻ്റെ അടിമകളോട് അങ്ങേയറ്റം ദയയുള്ളവനും, അവരോട് കാരുണ്യമുള്ളവനും. </p>",المعنى,"<p class=""ql-direction-rtl ql-align-right""><span class=""ql-font-vazirmatn""><span class=""ql-cursor"">﻿</span></span></p>"
2161,322,mal,അൽ-ഗനിയ്യ് (സമ്പൂർണ്ണ ധന്യതയുള്ളവൻ),المعنى المختصر,"<p class=""ql-direction-rtl ql-align-right"">അൽ-ഗനിയ്യ്: എല്ലാവർക്കും ആശ്രയമായ, ഒരാളുടെയും സഹായം ആവശ്യമില്ലാത്തവൻ. </p>",المعنى,"<p class=""ql-direction-rtl ql-align-right""><span class=""ql-font-vazirmatn""><span class=""ql-cursor"">﻿</span></span></p>"
2162,323,mal,അൽ-ഹാദീ (സന്മാർഗത്തിലേക്ക് നയിക്കുന്നവൻ),المعنى المختصر,"<p class=""ql-direction-rtl ql-align-right"">അൽ-ഹാദീ: തൻ്റെ അടിമകളെ എല്ലാ നന്മകളിലേക്കും വഴിനയിക്കുകയും, ഉപദ്രവങ്ങളിൽ അവരിൽ നിന്ന് തടുത്തു വെക്കുകയും, അവരിൽ അല്ലാഹു ഉദ്ദേശിക്കുന്നവർക്ക് സന്മാർഗം സ്വീകരിക്കാൻ സൗകര്യപ്പെടുത്തുകയും ചെയ്യുന്നവൻ.</p>",المعنى,"<p class=""ql-direction-rtl ql-align-right""><span class=""ql-font-vazirmatn""><span class=""ql-cursor"">﻿</span></span></p>"
2163,324,mal,അൽ-ഖരീബ് (സമീപസ്ഥൻ),المعنى المختصر,"<p class=""ql-direction-rtl ql-align-right"">അൽ-ഖരീബ്: അല്ലാഹുവിനെ അനുസരിക്കുന്നവർക്ക് പ്രതിഫലം നൽകിക്കൊണ്ടും, അവനോട് പ്രാർത്ഥിക്കുന്നവർക്ക് ഉത്തരം നൽകിക്കൊണ്ടും അവരുടെ അടുത്തുള്ളവൻ. ഇതൊന്നും അവൻ്റെ പരിപൂർണ്ണമായ ഔന്നത്യത്തിന് വിരുദ്ധമല്ല.</p>",المعنى,"<p class=""ql-direction-rtl ql-align-right""><span class=""ql-font-vazirmatn""><span class=""ql-cursor"">﻿</span></span></p>"
2164,325,mal,അൽ-മന്നാൻ (അനുഗ്രഹ വാരിധി),المعنى المختصر,"<p class=""ql-direction-rtl ql-align-right"">അൽ-മന്നാൻ: അനുഗ്രഹം ചൊരിയുകയും, ദാനം നൽകുകയും, മഹത്തരമായ ഔദാര്യങ്ങൾ ചൊരിയുകയും ചെയ്യുന്നവൻ. അനുഗ്രഹങ്ങൾ ചോദിക്കുന്നതിന് മുൻപ് തന്നെ അവൻ ധാരാളമായി (അടിമകൾക്ക് മേൽ) കോരിച്ചൊരിയുന്നു.</p>",المعنى,"<p class=""ql-direction-rtl ql-align-right""><span class=""ql-font-vazirmatn""><span class=""ql-cursor"">﻿</span></span></p>"
2165,326,mal,അശ്ശാഫീ (ശമനം നൽകുന്നവൻ),المعنى المختصر,"<p class=""ql-direction-rtl ql-align-right""> അശ്ശാഫീ: ശരീരത്തിൻ്റെ രോഗങ്ങളും, ഹൃദയത്തിലെ സംശയങ്ങളും, മനസ്സുകളിലെ മോശമായ ദേഹേഛകളും സുഖപ്പെടുത്തുന്നവൻ. </p>",المعنى,"<p class=""ql-direction-rtl ql-align-right""><span class=""ql-font-vazirmatn""><span class=""ql-cursor"">﻿</span></span></p>"
2166,327,mal,അർ-റബ്ബ് (സർവ്വതിൻ്റെയും രക്ഷിതാവ്),المعنى المختصر,"<p class=""ql-direction-rtl ql-align-right"">അർ-റബ്ബ്: എല്ലാവരുടെയും യജമാനനും ഉടമസ്ഥനും അവരെ നന്നാക്കുന്നവനും. തൻ്റെ അടിമകളെ നിയന്ത്രിച്ചു കൊണ്ടും, അവർക്ക് വ്യത്യസ്തങ്ങളായ അനുഗ്രഹങ്ങൾ നൽകിക്കൊണ്ടും പടിപടിയായി വളർത്തിക്കൊണ്ടു വരുന്നവനും അവൻ തന്നെ.</p>",المعنى,"<p class=""ql-direction-rtl ql-align-right""><span class=""ql-font-vazirmatn""><span class=""ql-cursor"">﻿</span></span></p>"
2167,328,mal,അൽ-മുഅ്ത്വി: (ധാരാളമായി നൽകുന്നവൻ),المعنى المختصر,"<p class=""ql-direction-rtl ql-align-right"">അൽ-മുഅ്ത്വി: യഥാർത്ഥത്തിൽ ഉപകാരങ്ങൾ നൽകാൻ കഴിയുന്ന ഒരേയൊരുവൻ. അവൻ നൽകിയത് തടയാനോ, അവൻ തടഞ്ഞത് നൽകാനോ ആരും തന്നെയില്ല. </p>",المعنى,"<p class=""ql-direction-rtl ql-align-right""><span class=""ql-font-vazirmatn""><span class=""ql-cursor"">﻿</span></span></p>"
2168,329,mal,അൽ-അഹദ് (ഏകൻ),المعنى المختصر,"<p class=""ql-direction-rtl ql-align-right"">അൽ-അഹദ്: സൃഷ്ടികർതൃത്വത്തിലും ആരാധ്യതയിലും നാമങ്ങളിലും വിശേഷണങ്ങളിലുമുള്ള എല്ലാ പൂർണ്ണതകളിലും ഏകനായവൻ. അവയിലൊന്നും യാതൊരു നിലക്കുമുള്ള പങ്കാളിയും അവനില്ല. </p>",المعنى,"<p class=""ql-direction-rtl ql-align-right""><span class=""ql-font-vazirmatn""><span class=""ql-cursor"">﻿</span></span></p>"
2169,330,mal,അൽ-മുഅ്മിൻ (നിർഭയത്വമേകുന്നവൻ),المعنى المختصر,"<p class=""ql-direction-rtl ql-align-right"">അൽ-മുഅ്മിൻ: തൻ്റെ ദൂതന്മാർക്ക് വേണ്ടി തെളിവുകൾ സ്ഥാപിച്ചും (ഒരു സൃഷ്ടിക്കും സാധ്യമല്ലാത്ത) അത്ഭുതപ്രവൃത്തികൾ നൽകിയും അവരെ സത്യപ്പെടുത്തുന്നവനും, സർവ്വസൃഷ്ടികൾക്കും അവൻ്റെ പരിപൂർണ്ണ നീതിയാൽ അനീതിയിൽ നിന്ന് നിർഭയത്വം നൽകുന്നവനും. </p>",المعنى,"<p class=""ql-direction-rtl ql-align-right""><span class=""ql-font-vazirmatn""><span class=""ql-cursor"">﻿</span></span></p>"
2170,331,mal,അൽ-ബാരിഅ്: (സർവ്വതിനെയും നിർമ്മിച്ചവൻ),المعنى المختصر,"<p class=""ql-direction-rtl ql-align-right"">അൽ-ബാരിഅ്: സർവ്വ വസ്തുക്കളെയും സൃഷ്ടിക്കുകയും, അവക്ക് രൂപം നൽകുകയും, അവയെ ശൂന്യതയിൽ നിന്ന് ഉണ്ടാക്കുകയും ചെയ്തവൻ. </p>",المعنى,"<p class=""ql-direction-rtl ql-align-right""><span class=""ql-font-vazirmatn""><span class=""ql-cursor"">﻿</span></span></p>"
2171,332,mal,അൽ-മുസ്വവ്വിർ: (രൂപം നൽകുന്നവൻ),المعنى المختصر,"<p class=""ql-direction-rtl ql-align-right"">അൽ-മുസ്വവ്വിർ: തൻ്റെ സൃഷ്ടികളെ വ്യത്യസ്ത രൂപങ്ങളിൽ നിർമ്മിക്കുകയും, അവൻ്റെ പരിപൂർണ്ണ അറിവിനെയും യുക്തിയെയും അറിയിക്കുന്ന തരത്തിൽ അവരെ വിഭിന്നമായ കോലങ്ങളിൽ സൃഷ്ടിക്കുകയും ചെയ്തവൻ. </p>",المعنى,"<p class=""ql-direction-rtl ql-align-right""><span class=""ql-font-vazirmatn""><span class=""ql-cursor"">﻿</span></span></p>"
2172,333,mal,,,,,
2173,334,mal,അൽ-ഫത്താഹ് (വിധികർത്താവ്),المعنى المختصر,"<p class=""ql-direction-rtl ql-align-right"">അൽ-ഫത്താഹ്: തൻ്റെ അടിമകൾക്കിടയിൽ മതപരമായ നിയമങ്ങൾ കൊണ്ട് വിധിക്കുകയും, അവർക്കിടയിൽ അവൻ്റെ പ്രാപഞ്ചിക വിധികൾ നടപ്പിലാക്കുകയും, അവൻ നിശ്ചയിച്ച പ്രതിഫലത്തിൻ്റെ അടിസ്ഥാനത്തിൽ അവർക്കിടയിൽ വിചാരണ നടത്തുകയും ചെയ്യുന്നവൻ. </p>",المعنى,"<p class=""ql-direction-rtl ql-align-right""><span class=""ql-font-vazirmatn""><span class=""ql-cursor"">﻿</span></span></p>"
2174,335,mal,,,,,
2175,336,mal,,,,,
2176,337,mal,,,,,
2177,338,mal,അർ-റാഫിഅ് (ഉയർത്തുന്നവൻ),المعنى المختصر,"<p class=""ql-direction-rtl ql-align-right"">അർ-റാഫിഅ്: ഉദ്ദേശിക്കുന്നവർക്ക് ആഗ്രഹിക്കുന്ന രൂപത്തിൽ ഉയർച്ച നൽകുന്നവൻ. ഇഹലോകത്തും പരലോകത്തും അവൻ്റെ ഇഷ്ടദാസന്മാർക്ക് ഉയർച്ച നൽകുന്നത് ഉദാഹരണം. </p>",المعنى,"<p class=""ql-direction-rtl ql-align-right""><span class=""ql-font-vazirmatn""><span class=""ql-cursor"">﻿</span></span></p>"
2180,341,mal,അൽ-ബസ്വീർ (എല്ലാം കാണുന്നവൻ),المعنى المختصر,"<p class=""ql-direction-rtl ql-align-right"">അൽ-ബസ്വീർ: എല്ലാ വസ്തുക്കളെയും - അവ എത്ര സൂക്ഷ്മമോ ചെറുതോ ആകട്ടെ; അവയെ എല്ലാം - തൻ്റെ കാഴ്ച കൊണ്ട് വലയം ചെയ്തവൻ. കാര്യങ്ങളെ കുറിച്ച് ഉൾക്കാഴ്ചയും, സൂക്ഷ്മമായ ജ്ഞാനവും, അവയുടെ ഉള്ളകങ്ങളെ കുറിച്ചുള്ള അറിവും ഉള്ളവൻ. </p>",المعنى,"<p class=""ql-direction-rtl ql-align-right""><span class=""ql-font-vazirmatn""><span class=""ql-cursor"">﻿</span></span></p>"
2181,342,mal,അൽ-ഹകം (വിധികർത്താവ്),المعنى المختصر,"<p class=""ql-direction-rtl ql-align-right"">അൽ-ഹകം: സർവ്വ വിഷയങ്ങളിലും വിധികർതൃത്വത്തിന് അവകാശമുള്ളവൻ. അവൻ ഉദ്ദേശിക്കുന്നത് വിധിക്കുകയും, തൻ്റെ അടിമകൾക്കിടയിൽ നീതിയോടെയും സത്യപ്രകാരവും വിധി നടപ്പിലാക്കുകയും ചെയ്യുന്നു.</p>",المعنى,"<p class=""ql-direction-rtl ql-align-right""><span class=""ql-font-vazirmatn""><span class=""ql-cursor"">﻿</span></span></p>"
2183,344,mal,അൽ-അലിയ്യ് (സർവ്വോന്നതൻ),المعنى المختصر,"<p class=""ql-direction-rtl ql-align-right"">അൽ-അലിയ്യ്: എല്ലാ നിലക്കും സർവ്വ ഔന്നത്യവുമുള്ളവൻ. (അല്ലാഹു എല്ലാത്തിനും മുകളിലാണ് എന്ന) അസ്തിത്വപരമായ ഔന്നത്യവും, (എല്ലാ വിശേഷണങ്ങളിലും അവൻ ഏറ്റവും മുകളിലാണ് എന്നറിയിക്കുന്ന) മഹത്വങ്ങളിലുള്ള ഔന്നത്യവും, (എല്ലാവരും അല്ലാഹുവിൻ്റെ അധീശത്വത്തിന് കീഴിലാണെന്ന് അറിയിക്കുന്ന) അധികാരത്തിൻ്റെ ഔന്നത്യവും ഉള്ളവനാണവൻ. </p>",المعنى,"<p class=""ql-direction-rtl ql-align-right""><span class=""ql-font-vazirmatn""><span class=""ql-cursor"">﻿</span></span></p>"
2184,345,mal,അൽ-ഹസീബ് (വിചാരണ നടത്തുന്നവൻ),المعنى المختصر,"<p class=""ql-direction-rtl ql-align-right"">അൽ-ഹസീബ്: തന്നിൽ ഭരമേൽപ്പിച്ച വിശ്വാസികളായ ദാസന്മാർക്ക് വേണ്ടതെല്ലാം നൽകുന്നവൻ. തൻ്റെ ദാസന്മാരുടെ പ്രവർത്തനങ്ങളെ നന്നായി അറിയുകയും, അവയെല്ലാം വിചാരണ നടത്തുകയും ചെയ്യുന്നവൻ. </p>",المعنى,"<p class=""ql-direction-rtl ql-align-right""><span class=""ql-font-vazirmatn""><span class=""ql-cursor"">﻿</span></span></p>"
2187,348,mal,അൽ-വകീൽ (സർവ്വരെയും ഏറ്റെടുത്തവൻ),المعنى المختصر,"<p class=""ql-direction-rtl ql-align-right"">അൽ-വകീൽ: തൻ്റെ സൃഷ്ടികളുടെ ഉപജീവനം ഏറ്റെടുക്കുകയും, അവർക്ക് പ്രയോജനകരമായത് നിലനിർത്തുകയും ചെയ്യുന്നവൻ. തൻ്റെ ഇഷ്ടദാസന്മാരെ ഏറ്റെടുക്കുകയും, അവർക്ക് എളുപ്പമുള്ളതിലേക്ക് സൗകര്യം ചെയ്യുകയും, പ്രയാസങ്ങളിൽ നിന്ന് അവരെ അകറ്റുകയും ചെയ്യുന്നവൻ. എല്ലാ കാര്യങ്ങളിലും അവൻ അവർക്ക് മതിയാകുന്നതാണ്.</p>",المعنى,"<p class=""ql-direction-rtl ql-align-right""><span class=""ql-font-vazirmatn""><span class=""ql-cursor"">﻿</span></span></p>"
2188,349,mal,അൽ-വലിയ്യ് (സഹായിക്കുന്ന ഏകഒരുവൻ),المعنى المختصر,"<p class=""ql-direction-rtl ql-align-right"">അൽ-വലിയ്യ്: തൻ്റെ വിശ്വാസികളായ ദാസന്മാരെ സഹായിക്കുകയും, സർവ്വ സൃഷ്ടികളുടെയും കാര്യങ്ങൾ നിർവ്വഹിച്ചു നൽകുകയും ചെയ്യുന്നവൻ.</p>",المعنى,"<p class=""ql-direction-rtl ql-align-right""><span class=""ql-font-vazirmatn""><span class=""ql-cursor"">﻿</span></span></p>"
2189,350,mal,അൽ-ഹമീദ് (സ്തുത്യർഹൻ),المعنى المختصر,"<p class=""ql-direction-rtl ql-align-right"">അൽ-ഹമീദ്: സർവ്വ സ്തുതികളും പൂർണ്ണതകളും അല്ലാഹുവിനാണെന്ന് അറിയിക്കുന്ന നാമമാണ് ഹമീദ്. അവൻ്റെ അസ്തിത്വത്തിലും നാമങ്ങളിലും വിശേഷണങ്ങളിലും പ്രവർത്തനങ്ങളിലുമെല്ലാം പരിപൂർണ്ണനായതിനാൽ സർവ്വ സ്തുതികൾക്കും അർഹതയുള്ളവനാകുന്നു അവൻ. </p>",المعنى,"<p class=""ql-direction-rtl ql-align-right""><span class=""ql-font-vazirmatn""><span class=""ql-cursor"">﻿</span></span></p>"
2197,358,mal,അൽ-വാഹിദ് (ഏകൻ),المعنى المختصر,"<p class=""ql-direction-rtl ql-align-right"">അൽ-വാഹിദ്: അസ്തിത്വത്തിലും വിശേഷണങ്ങളിലും പ്രവർത്തനങ്ങളിലുമെല്ലാം ഏകനായുള്ളവൻ. അവയിലൊന്നും ഒരു പങ്കാളിയും അവനില്ല. </p>",المعنى,"<p class=""ql-direction-rtl ql-align-right""><span class=""ql-font-vazirmatn""><span class=""ql-cursor"">﻿</span></span></p>"
2198,359,mal,അൽ-മുഖ്തദിർ (എല്ലാത്തിനും കഴിയുന്നവൻ),المعنى المختصر,"<p class=""ql-direction-rtl ql-align-right"">അൽ-മുഖ്തദിർ: ഒരു കാര്യവും അസാധ്യമാകാത്ത തരത്തിലുള്ള പരിപൂർണ്ണ ശക്തിയുള്ളവൻ. </p>",المعنى,"<p class=""ql-direction-rtl ql-align-right""><span class=""ql-font-vazirmatn""><span class=""ql-cursor"">﻿</span></span></p>"
2199,360,mal,അൽ-മുഖദ്ദിം (മുന്തിക്കേണ്ടതിനെ മുന്തിക്കുന്നവൻ),المعنى المختصر,"<p class=""ql-direction-rtl ql-align-right"">അൽ-മുഖദ്ദിം: ഓരോന്നിനെയും അർഹമായ സ്ഥാനത്ത് നിശ്ചയിക്കുകയും, അവയിൽ മുന്തിക്കേണ്ടതിനെ മുന്തിക്കുകയും, പിന്തിക്കേണ്ടതിനെ പിന്തിക്കുകയും ചെയ്യുന്നവൻ. </p>",المعنى,"<p class=""ql-direction-rtl ql-align-right""><span class=""ql-font-vazirmatn""><span class=""ql-cursor"">﻿</span></span></p>"
2200,361,mal,അൽ-മുഅഖ്ഖിർ (പിന്തിക്കേണ്ടതിനെ പിന്തിക്കുന്നവൻ),المعنى المختصر,"<p class=""ql-direction-rtl ql-align-right"">അൽ-മുഅഖ്ഖിർ: പിന്തിക്കാൻ അർഹതപ്പെട്ടതിനെ പിന്തിക്കുകയും, അവയുടെ സ്ഥാനത്ത് നിശ്ചയിക്കുകയും ചെയ്യുന്നവൻ. </p>",المعنى,"<p class=""ql-direction-rtl ql-align-right""><span class=""ql-font-vazirmatn""><span class=""ql-cursor"">﻿</span></span></p>"
2201,362,mal,അൽ-അവ്വൽ (ഒന്നാമതുള്ളവൻ),المعنى المختصر,"<p class=""ql-direction-rtl ql-align-right"">അല്ലാഹുവിന് മുൻപ് എന്തെങ്കിലും ഉണ്ടാവുക എന്നത് ഇല്ലാത്ത നിലയിൽ (ആരംഭമില്ലാതെ) എന്നേ ഉള്ളവനാണ് അല്ലാഹു. </p>",المعنى,"<p class=""ql-direction-rtl ql-align-right""><span class=""ql-font-vazirmatn""><span class=""ql-cursor"">﻿</span></span></p>"
2202,363,mal,അൽ-ആഖിർ (എന്നെന്നും ഉള്ളവൻ),المعنى المختصر,"<p class=""ql-direction-rtl ql-align-right"">അല്ലാഹുവിന് ശേഷം ഒരാളുണ്ടാവുക എന്നതുണ്ടാകാത്ത നിലയിൽ, (അവസാനമില്ലാത്ത) എന്നെന്നും ഉണ്ടായിരിക്കുന്നവനാണ് അല്ലാഹു. </p>",المعنى,"<p class=""ql-direction-rtl ql-align-right""><span class=""ql-font-vazirmatn""><span class=""ql-cursor"">﻿</span></span></p>"
2203,364,mal,അദ്ദ്വാഹിർ (ഏറ്റവും മുകളിലുള്ളവൻ),المعنى المختصر,"<p class=""ql-direction-rtl ql-align-right"">അദ്ദ്വാഹിർ: ഏറ്റവും മുകളിലുള്ളവൻ; അവൻ്റെ മുകളിൽ മറ്റാരും തന്നെയില്ല. </p>",المعنى,"<p class=""ql-direction-rtl ql-align-right""><span class=""ql-font-vazirmatn""><span class=""ql-cursor"">﻿</span></span></p>"
2204,365,mal,അൽ-ബാത്വിൻ: (ഏറ്റവും അടുത്തുള്ളവൻ),المعنى المختصر,"<p class=""ql-direction-rtl ql-align-right"">അൽ-ബാത്വിൻ: അവനേക്കാൾ അടുത്തായി ഒരാളുമില്ലാത്തവൻ. </p>",المعنى,"<p class=""ql-direction-rtl ql-align-right""><span class=""ql-font-vazirmatn""><span class=""ql-cursor"">﻿</span></span></p>"
2206,367,mal,അൽ-ബർറ്: (മഹാഔദാര്യവാൻ),المعنى المختصر,"<p class=""ql-direction-rtl ql-align-right"">അൽ-ബർറ്: അടിമകൾക്ക് മേൽ വ്യത്യസ്ത തരം അനുഗ്രഹങ്ങൾ ചൊരിഞ്ഞു കൊണ്ട് അവരോട് നന്മ ചെയ്യുന്നവൻ. </p>",المعنى,"<p class=""ql-direction-rtl ql-align-right""><span class=""ql-font-vazirmatn""><span class=""ql-cursor"">﻿</span></span></p>"
2208,369,mal,,,,,
2209,370,mal,ദുൽ ജലാലി വൽ ഇക്റാം (മഹത്വവും ആദരവും ഉടയവൻ),المعنى المختصر,"<p class=""ql-direction-rtl ql-align-right"">ദുൽ ജലാലി വൽ ഇക്റാം: മഹത്വത്തിൻ്റെയും പ്രൗഢിയുടെയും കാരുണ്യത്തിൻ്റെയും ഉദാരതയുടെയും വിശേഷണങ്ങളുള്ളവൻ. ആദരിക്കപ്പെടാനും സ്തുതിക്കപ്പെടാനും അർഹതയുള്ളവൻ. </p>",المعنى,"<p class=""ql-direction-rtl ql-align-right""><span class=""ql-font-vazirmatn""><span class=""ql-cursor"">﻿</span> </span></p>"
2219,380,mal,അൽ-വാരിഥ് (അനന്തരമെടുക്കുന്നവൻ),المعنى المختصر,"<p class=""ql-direction-rtl ql-align-right"">അൽ-വാരിഥ്: സൃഷ്ടികളെല്ലാം നശിച്ചതിന് ശേഷവും എന്നെന്നും നിലനിൽക്കുന്ന, ഭൂമിയെയും അതിലുള്ളതിനെയുമെല്ലാം അനന്തരമെടുക്കുന്നവൻ. </p>",المعنى,"<p class=""ql-direction-rtl ql-align-right""><span class=""ql-font-vazirmatn""><span class=""ql-cursor"">﻿</span></span></p>"
2222,383,mal,അൽ-ജമീൽ (അങ്ങേയറ്റം ഭംഗിയുള്ളവൻ),المعنى المختصر,"<p class=""ql-direction-rtl ql-align-right"">അൽ-ജമീൽ: തൻ്റെ അസ്തിത്വത്തിലും നാമങ്ങളിലും വിശേഷണങ്ങളിലും പ്രവർത്തനങ്ങളിലുമെല്ലാം സർവ്വ മനോഹാരിതയും ഉള്ളവൻ. </p>",المعنى,"<p class=""ql-direction-rtl ql-align-right""><span class=""ql-font-vazirmatn""><span class=""ql-cursor"">﻿</span></span></p>"
2223,384,mal,അൽ-ഖാഹിർ (സർവ്വതിനെയും വിജയിച്ചടക്കിയവൻ),المعنى المختصر,"<p class=""ql-direction-rtl ql-align-right"">അൽ-ഖാഹിർ: സർവ്വവസ്തുക്കളും കീഴൊതുങ്ങുകയും, എല്ലാ സൃഷ്ടികളും വണങ്ങുകയും ചെയ്തിട്ടുള്ളവൻ. അവയെല്ലാം അവൻ്റെ ശക്തിയെയും ഉദ്ദേശത്തെയും അനുസരിച്ചിരിക്കുന്നു. </p>",المعنى,"<p class=""ql-direction-rtl ql-align-right""><span class=""ql-font-vazirmatn""><span class=""ql-cursor"">﻿</span></span></p>"
2224,385,mal,അൽ-മുബീൻ (സുവ്യക്തതയുള്ളവൻ),المعنى المختصر,"<p class=""ql-direction-rtl ql-align-right"">അൽ-മുബീൻ: എല്ലാ നിലക്കും ഏകനാണെന്നും, യാതൊരു പങ്കുകാരനും ഇല്ലെന്നുമുള്ള അല്ലാഹുവിൻ്റെ വിശേഷണത്തിൻ്റെ വ്യക്തതയെ അറിയിക്കുന്നു ഈ നാമം. തൻ്റെ അടിമകൾക്ക് സത്യം വ്യക്തമാക്കി നൽകുന്നവൻ എന്ന അർത്ഥവുമുണ്ട്. </p>",المعنى,"<p class=""ql-direction-rtl ql-align-right""><span class=""ql-font-vazirmatn""><span class=""ql-cursor"">﻿</span></span></p>"
2225,386,mal,അൽ-കാഫീ (മതിവരുവോളം നൽകുന്നവൻ),المعنى المختصر,"<p class=""ql-direction-rtl ql-align-right"">അൽ-കാഫീ: തൻ്റെ അടിമകൾക്ക് ആവശ്യമായതെല്ലാം മതിവരുവോളം നൽകുന്നവൻ. മറ്റാരുടെയും സഹായമില്ലെങ്കിലും അവൻ്റെ സഹായം മാത്രം മതി. അവനുണ്ടെങ്കിൽ മറ്റെല്ലാവരിൽ നിന്നും (അടിമകൾ) ധന്യരാകുന്നു. </p>",المعنى,"<p class=""ql-direction-rtl ql-align-right""><span class=""ql-font-vazirmatn""><span class=""ql-cursor"">﻿</span></span></p>"
2226,387,mal,അൽ-വിത്ർ (ഒറ്റയായുള്ളവൻ),المعنى المختصر,"<p class=""ql-direction-rtl ql-align-right"">അൽ-വിത്ർ: ഒരു പങ്കാളിയോ തുല്ല്യനോ ഇല്ലാത്ത ഏകനും ഒറ്റയുമായവൻ. </p>",المعنى,"<p class=""ql-direction-rtl ql-align-right""><span class=""ql-font-vazirmatn""><span class=""ql-cursor"">﻿</span></span></p>"
2227,388,mal,അൽ-ജവാദ് (അങ്ങേയറ്റം ദാനം നൽകുന്നവൻ),المعنى المختصر,"<p class=""ql-direction-rtl ql-align-right"">അൽ-ജവാദ്: ധാരാളമായി അനുഗ്രഹങ്ങൾ നൽകുന്നവൻ; അവൻ്റെ അനുഗ്രഹങ്ങൾ സർവ്വ ലോകങ്ങളെയും പൊതിഞ്ഞിരിക്കുന്നു. </p>",المعنى,"<p class=""ql-direction-rtl ql-align-right""><span class=""ql-font-vazirmatn""><span class=""ql-cursor"">﻿</span></span></p>"
2228,389,mal,അർ-റഫീഖ് (അങ്ങേയറ്റം അവധാനതയുള്ളവൻ),المعنى المختصر,"<p class=""ql-direction-rtl ql-align-right"">അർ-റഫീഖ്: കാര്യങ്ങളിൽ അവധാനത പുലർത്തുകയും, ധിക്കാരികളെ ഉടനടി ശിക്ഷിക്കാതെ കാര്യങ്ങൾ ക്രമേണയായി നിർവ്വഹിക്കുകയും ചെയ്യുന്നവൻ.</p>",المعنى,"<p class=""ql-direction-rtl ql-align-right""><span class=""ql-font-vazirmatn""><span class=""ql-cursor"">﻿</span></span></p>"
2229,390,mal,അസ്സയ്യിദ് (ഏവരുടെയും ആശ്രയം),المعنى المختصر,"<p class=""ql-direction-rtl ql-align-right""> അസ്സയ്യിദ്: രക്ഷിതാവും ഉടമസ്ഥനുമായവൻ. ഏവരുടെയും യഥാർഥ ആശ്രയം അവനാണ്. ഐഹികമോ പാരത്രികമോ ആയ ഏതൊരു കാര്യത്തിലും സർവ്വരും അവൻ്റെ അടുക്കലേക്കാണ് മടങ്ങിച്ചെല്ലുന്നത്. </p>",المعنى,"<p class=""ql-direction-rtl ql-align-right""><span class=""ql-font-vazirmatn""><span class=""ql-cursor"">﻿</span></span></p>"
2230,391,mal,അസ്സുബ്ബൂഹ് (മഹാപരിശുദ്ധൻ),المعنى المختصر,"<p class=""ql-direction-rtl ql-align-right"">അസ്സുബ്ബൂഹ്: സർവ്വ കുറവുകളിൽ നിന്നും ന്യൂനതകളിൽ നിന്നും (സൃഷ്ടികളുടെ സ്തുതികീർത്തനങ്ങളിൽ) പരിശുദ്ധപ്പെടുത്തപ്പെടുന്ന, ആകാശങ്ങളിലും ഭൂമിയിലുമുള്ള സർവ്വരും സ്തുതിക്കുന്നവൻ.</p>",المعنى,"<p class=""ql-direction-rtl ql-align-right""><span class=""ql-font-vazirmatn""><span class=""ql-cursor"">﻿</span></span></p>"
2231,392,mal,അശ്ശാകിർ (അങ്ങേയറ്റം നന്ദി ചെയ്യുന്നവൻ),المعنى المختصر,"<p class=""ql-direction-rtl ql-align-right"">അശ്ശാകിർ: തന്നെ അനുസരിക്കുന്നവരെ പ്രശംസിക്കുകയും, അവരെ പുകഴ്ത്തുകയും, അവരുടെ നന്മകൾക്ക് അതിന് അർഹമായതിനെക്കാൾ എത്രയോ വലിയ പ്രതിഫലം നൽകുകയും ചെയ്യുന്നവൻ.</p>",المعنى,"<p class=""ql-direction-rtl ql-align-right""><span class=""ql-font-vazirmatn""><span class=""ql-cursor"">﻿</span></span></p>"
2232,393,mal,അത്ത്വയ്യിബ്,المعنى المختصر,"<p class=""ql-direction-rtl ql-align-right"">അത്ത്വയ്യിബ്: സർവ്വ ന്യൂനതകളിൽ നിന്നും കുറവുകളിൽ നിന്നും പരിശുദ്ധനും മഹത്വമേറിയവനുമായ അല്ലാഹുവെന്ന് ഉദ്ദേശം. </p>",المعنى,"<p class=""ql-direction-rtl ql-align-right""><span class=""ql-font-vazirmatn""><span class=""ql-cursor"">﻿</span></span></p>"
2233,394,mal,അൽ-അഅ്'ലാ (സർവ്വോന്നതൻ),المعنى المختصر,"<p class=""ql-direction-rtl ql-align-right"">അൽ-അഅ്'ലാ: ഔന്നത്യത്തിൻ്റെ എല്ലാ നിലക്കുമുള്ള അർത്ഥങ്ങൾ അല്ലാഹുവിന് സ്ഥിരപ്പെടുത്തുന്ന നാമം. (അല്ലാഹു എല്ലാത്തിനും മുകളിലാണ് എന്ന) അസ്തിത്വപരമായ ഔന്നത്യവും, (എല്ലാ വിശേഷണങ്ങളിലും അവൻ ഏറ്റവും മുകളിലാണ് എന്നറിയിക്കുന്ന) മഹത്വങ്ങളിലുള്ള ഔന്നത്യവും, (എല്ലാവരും അല്ലാഹുവിൻ്റെ അധീശത്വത്തിന് കീഴിലാണെന്ന് അറിയിക്കുന്ന) അധികാരത്തിൻ്റെ ഔന്നത്യവും അല്ലാഹുവിനാണ് ഉള്ളത്.</p>",المعنى,"<p class=""ql-direction-rtl ql-align-right""><span class=""ql-font-vazirmatn""><span class=""ql-cursor"">﻿</span></span></p>"
2234,395,mal,അൽ-ഖദീർ (സർവ്വശക്തൻ),المعنى المختصر,"<p class=""ql-direction-rtl ql-align-right"">അൽ-ഖദീർ: പരിപൂർണ്ണ ശക്തിയുള്ളവൻ. അവന് ഒരിക്കലും അശക്തിയോ തളർച്ചയോ ബാധിക്കുകയില്ല. </p>",المعنى,"<p class=""ql-direction-rtl ql-align-right""><span class=""ql-font-vazirmatn""><span class=""ql-cursor"">﻿</span></span></p>"
2235,396,mal,അൽ-മുഹീത്വ്: (സർവ്വതിനെയും വലയം ചെയ്തവൻ),المعنى المختصر,"<p class=""ql-direction-rtl ql-align-right"">അൽ-മുഹീത്വ്: അല്ലാഹു സർവ്വതിൻ്റെയും മുകളിൽ ഔന്നത്യമുള്ളവനും, അവൻ്റെ അറിവിനാലും ശക്തിയാലും അധീശത്വത്താലും സർവ്വതിനെയും അവൻ വലയം ചെയ്തിരിക്കുന്നു എന്നുമറിയിക്കുന്ന നാമം. </p>",المعنى,"<p class=""ql-direction-rtl ql-align-right""><span class=""ql-font-vazirmatn""><span class=""ql-cursor"">﻿</span></span></p>"
2236,397,mal,അൽ-അക്റം (അങ്ങേയറ്റം ഔദാര്യം ചെയ്യുന്നവൻ),المعنى المختصر,"<p class=""ql-direction-rtl ql-align-right"">അൽ-അക്റം: ധാരാളമായി നന്മ ചൊരിയുന്നവനും ഔദാര്യം വർഷിക്കുന്നവനും. അവൻ്റെ കയ്യിലാകുന്നു സർവ്വ നന്മകളുമുള്ളത്. അവനിൽ നിന്നാകുന്നു എല്ലാ നന്മകളും വരുന്നതും. </p>",المعنى,"<p class=""ql-direction-rtl ql-align-right""><span class=""ql-font-vazirmatn""><span class=""ql-cursor"">﻿</span></span></p>"
2237,398,mal,അൽ-ഇലാഹ് (യഥാർഥ ആരാധ്യൻ),المعنى المختصر,"<p class=""ql-direction-rtl ql-align-right"">അൽ-ഇലാഹ്: പൂർണ്ണതയുടെയും പ്രതാപത്തിൻ്റെയും വിശേഷണങ്ങൾ ഉള്ളവൻ. ആരാധനക്ക് അർഹതയുള്ള ഏക ആരാധ്യൻ; അവന് പുറമെ മറ്റൊരാൾക്കും ആരാധിക്കപ്പെടാനുള്ള അർഹതയില്ല. </p>",المعنى,"<p class=""ql-direction-rtl ql-align-right""><span class=""ql-font-vazirmatn""><span class=""ql-cursor"">﻿</span></span></p>"
2238,399,mal,അന്നസ്വീർ (അങ്ങേയറ്റം സഹായിക്കുന്നവൻ),المعنى المختصر,"<p class=""ql-direction-rtl ql-align-right"">അന്നസ്വീർ: അല്ലാഹുവിൽ വിശ്വസിച്ച തൻ്റെ ദാസന്മാരെ പിന്തുണക്കുകയും സഹായിക്കുകയും ചെയ്യുന്നവൻ. </p>",المعنى,"<p class=""ql-direction-rtl ql-align-right""><span class=""ql-font-vazirmatn""><span class=""ql-cursor"">﻿</span></span></p>"
2239,400,mal,അൽ-മൗലാ (വിശ്വാസികളെ ഏറ്റെടുത്തവൻ),المعنى المختصر,"<p class=""ql-direction-rtl ql-align-right"">അൽ-മൗലാ: സൃഷ്ടികളുടെ ആശ്രയവും ഉടമസ്ഥനും യഥാർത്ഥ ആരാധ്യനുമാണ് അല്ലാഹു എന്നാണ് സൃഷ്ടികളുടെയെല്ലാം മൗലാ ആണ് അവൻ എന്ന് പറയുന്നതിൻ്റെ അർത്ഥം. മുഅ്മിനീങ്ങളുടെ മൗലാ എന്നത് കൊണ്ട് ഉദ്ദേശിക്കുന്നത്, അല്ലാഹുവിൽ വിശ്വസിച്ച ദാസന്മാരെ സ്നേഹിക്കുകയും, അവർക്ക് നന്മയിലേക്ക് വഴിയൊരുക്കുകയും, അവരെ സഹായിക്കുകയും, അവർക്ക് പ്രയോജനകരമായത് എത്തിച്ചു നൽകുകയും, ഐഹികവും പാരത്രികവുമായ നന്മകളിലേക്ക് അവർക്ക് എളുപ്പം നൽകുകയും ചെയ്യുന്നവനാണ് അവൻ എന്നാണ്. </p>",المعنى,"<p class=""ql-direction-rtl ql-align-right""><span class=""ql-font-vazirmatn""><span class=""ql-cursor"">﻿</span></span></p>"
2240,401,mal,അൽ-ഹയിയ്യ് (അതീവ ലജ്ജയുള്ളവൻ),المعنى المختصر,"<p class=""ql-direction-rtl ql-align-right"">അൽ-ഹയിയ്യ്: അങ്ങേയറ്റം ലജ്ജയുള്ളവൻ. സൃഷ്ടികളുടെ ലജ്ജ പോലെയല്ല അല്ലാഹുവിൻ്റെ ലജ്ജ; അത് അല്ലാഹുവിന് യോജിച്ച രൂപത്തിലാണ് മനസ്സിലാക്കേണ്ടത്. അവൻ്റെ വിശാലമായ കാരുണ്യത്തിനും, പൂർണ്ണമായ ഔദാര്യത്തിനും ഉദാരതക്കും, മഹത്തരമായ ക്ഷമക്കും പൊറുക്കലിനും യോജിക്കാത്തവ ഉപേക്ഷിക്കുക എന്നതാണ് അല്ലാഹുവിൻ്റെ ലജ്ജ കൊണ്ടുള്ള വിവക്ഷ. </p>",المعنى,"<p class=""ql-direction-rtl ql-align-right""><span class=""ql-font-vazirmatn""><span class=""ql-cursor"">﻿</span></span></p>"
2241,402,mal,അൽ-മുഹ്സിൻ (നന്മകൾ വാരിച്ചൊരിയുന്നവൻ),المعنى المختصر,"<p class=""ql-direction-rtl ql-align-right"">അൽ-മുഹ്സിൻ: തൻ്റെ അടിമകൾക്ക് മേൽ പ്രകടവും പരോക്ഷവുമായ അനേകതരം അനുഗ്രഹങ്ങൾ ഔദാര്യമായി ചൊരിയുന്നവൻ. </p>",المعنى,"<p class=""ql-direction-rtl ql-align-right""><span class=""ql-font-vazirmatn""><span class=""ql-cursor"">﻿</span></span></p>"
2243,278,tel,అల్లాహ్.,المعنى المختصر,"<p class=""ql-direction-rtl ql-align-right""><span class=""ql-font-vazirmatn"">అల్లాహ్ :- ప్రేమ,నమ్మకం,భక్తితో న్యాయంగా ఆరాధించే ఆరాధ్య దైవం,సమస్త అల్లాహ్ నామాలఅర్థాన్ని ఇది తనలో ఇముడ్చుకున్నది,మరియు ఇది సర్వశక్తిమంతుడైన అల్లాహ్'దేవుని' ఇతర అన్నీ లక్షణాలను కలిగి ఉంది. </span></p>",المعنى,"<p class=""ql-direction-rtl ql-align-right""><span class=""ql-font-vazirmatn""><span class=""ql-cursor"">﻿</span></span></p>"
2244,279,tel,అర్రహ్’మాను:- అనంత కరుణామయుడు.,المعنى المختصر,"<p class=""ql-direction-rtl ql-align-right"">అర్రహ్మాను’కరుణామయుడు:సమస్తాన్ని ఆవరించి ఉన్నమహోన్నత,విశాల,కరుణామయుడు.</p>",المعنى,"<p class=""ql-direction-rtl ql-align-right""><span class=""ql-font-vazirmatn""><span class=""ql-cursor"">﻿</span></span></p>"
2245,280,tel,అర్రహీమ్-అపార కృపాశీలుడు.,المعنى المختصر,"<p class=""ql-direction-rtl ql-align-right"">అర్రహీమ్:-మహకృపాశీలుడు,మృతులకు సంభందించినది.</p>",المعنى,"<p class=""ql-direction-rtl ql-align-right""><span class=""ql-font-vazirmatn""><span class=""ql-cursor"">﻿</span></span></p>"
2246,281,tel,అల్-మలికు:-విశ్వసార్వభౌముడు,المعنى المختصر,"<p class=""ql-direction-rtl ql-align-right"">అల్-మలికు:- ఇది గొప్పతనం,ఆధిక్యత మరియు ప్రణాళిక వంటి లక్షణాలతో వివరించబడింది, సమస్త వస్తువులకు యజమాని,మరియు ఎలాంటి హెచ్చుతగ్గులు లేకుండా అమలుపర్చే అధికారి.</p>",المعنى,"<p class=""ql-direction-rtl ql-align-right""><span class=""ql-font-vazirmatn""><span class=""ql-cursor"">﻿</span></span></p>"
2247,282,tel,అల్-ఖుద్దూస్-పరమపవిత్రుడు.,المعنى المختصر,"<p class=""ql-direction-rtl ql-align-right"">అల్-ఖుద్దూస్:- సమస్త దోషాలకు మరియు సృష్టిజీవుల పోలికకు ఆయన మహోన్నతుడు,పరిశుద్దుడు. </p>",المعنى,"<p class=""ql-direction-rtl ql-align-right""><span class=""ql-font-vazirmatn""><span class=""ql-cursor"">﻿</span> </span></p>"
2248,283,tel,అల్-సలాము:- శాంతికిమూలాధారి,المعنى المختصر,"<p class=""ql-direction-rtl ql-align-right"">అస్సలాము: సమస్త లోపాలకు,బలహీనతలకు మరియు దోషాలకు అతీతుడు. </p>",المعنى,"<p class=""ql-direction-rtl ql-align-right""><span class=""ql-font-vazirmatn""><span class=""ql-cursor"">﻿</span></span></p>"
2249,284,tel,అల్ ముహైమిను.,المعنى المختصر,"<p class=""ql-direction-rtl ql-align-right"">అల్ ముహైమిను-అంటే సృష్టిని నిర్మించేవాడు,వారిని పాలించువాడు,వారిపట్ల అధికారం చెలాయించువాడు,సమస్తవిషయాలను జ్ఞానపరంగా ఆవరించి ఉన్నవాడు. </p>",المعنى,"<p class=""ql-direction-rtl ql-align-right""><span class=""ql-font-vazirmatn""><span class=""ql-cursor"">﻿</span> </span></p>"
2250,285,tel,అల్ అజీజు.,المعنى المختصر,"<p class=""ql-direction-rtl ql-align-right"">అల్ అజీజు:- పూర్తిగౌరవము ఆయనకు మాత్రమే అంకితం,తన శక్తి,ఆధిక్యత మరియు సంయమనం ద్వారా ప్రతీదాన్ని లొంగతీసుకున్నాడు.</p>",المعنى,"<p class=""ql-direction-rtl ql-align-right""><span class=""ql-font-vazirmatn""><span class=""ql-cursor"">﻿</span></span></p>"
2251,286,tel,అల్-జబ్బారు.,المعنى المختصر,"<p class=""ql-direction-rtl ql-align-right"">అల్-జబ్బారు:- తన సృష్టి పట్ల మహోన్నతుడు,ప్రతీదాన్ని నియంత్రించువాడు,సమస్తం ఆయన వైపుకు మోకరిల్లుతుంది,సమస్తము ఆయనకు అనుకువ చూపుతుంది మరియు ఆయనను ఆశ్రయించేవారి వ్యవహారాలను సరిచేస్తాడు. </p>",المعنى,"<p class=""ql-direction-rtl ql-align-right""><span class=""ql-font-vazirmatn""><span class=""ql-cursor"">﻿</span></span></p>"
2252,287,tel,అల్-ముతకబ్బిర్:,المعنى المختصر,"<p class=""ql-direction-rtl ql-align-right"">అల్-ముతకబ్బిర్:-చెడు,లోపం మరియు దోషం నుండి సంపూర్ణంగా అత్యున్నతుడు మరియు గొప్పవాడు.</p>",المعنى,"<p class=""ql-direction-rtl ql-align-right""><span class=""ql-font-vazirmatn""><span class=""ql-cursor"">﻿</span></span></p>"
2253,288,tel,అల్ ఖాలికు;-సమస్త సృష్టికి కర్త.,المعنى المختصر,"<p class=""ql-direction-rtl ql-align-right"">అల్ ఖాలికు:-వస్తువులకు ఉనికిని ప్రసాదించువాడు,ఎటువంటి పూర్వప్రణాళిక,నమూనా లేకుండా ఆవిష్కరించువాడు. </p>",المعنى,"<p class=""ql-direction-rtl ql-align-right""><span class=""ql-font-vazirmatn""><span class=""ql-cursor"">﻿</span></span></p>"
2254,289,tel,,,,,
2255,290,tel,అల్ వహ్హాబు:,المعنى المختصر,"<p class=""ql-direction-rtl ql-align-right"">అల్ వహ్హాబు:-ఆయనే విస్తృతంగా కానుకలు,బహుమతులు ఒసగేవాడు,తన ఔదార్యం మరియు దాతృత్వంతో ఆయనే సమస్తసృష్టిజీవులను చేర్చాడు. </p>",المعنى,"<p class=""ql-direction-rtl ql-align-right""><span class=""ql-font-vazirmatn""><span class=""ql-cursor"">﻿</span></span></p>"
2256,291,tel,అల్ రజ్జాక్:,المعنى المختصر,"<p class=""ql-direction-rtl ql-align-right""><span class=""ql-font-vazirmatn""><span class=""ql-cursor"">﻿</span></span>అల్ రజ్జాక్:- దాసుల జీవనోపాధికి బాధ్యత వహించేవాడు,ఆ ఉపాధి ద్వారానే వారిహృదయాలు మరియు శరీరాలు బలాన్నిపొందుతాయి.</p>",المعنى,"<p class=""ql-direction-rtl ql-align-right""><span class=""ql-font-vazirmatn""><span class=""ql-cursor"">﻿</span> </span></p>"
2257,292,tel,అల్ అలీము:,المعنى المختصر,"<p class=""ql-direction-rtl ql-align-right"">అల్ అలీము:-తన జ్ఞానముతో సమస్తాన్ని ఆవరించి చుట్టుముట్టి ఉన్నాడు. </p>",المعنى,"<p class=""ql-direction-rtl ql-align-right""><span class=""ql-font-vazirmatn""><span class=""ql-cursor"">﻿</span></span></p>"
2258,293,tel,అస్సమీ’ఉ :,المعنى المختصر,"<p class=""ql-direction-rtl ql-align-right"">అస్సమీ’ఉ :- సమస్త శబ్దాలను గ్రహించేవాడు,ఆయన గోప్యాలను,రహస్యాలను వింటాడు,అది బహిర్గతంగా, అంతర్గతంగా,సంభాషించినా,మౌనంవహించినా’సరే! </p>",المعنى,"<p class=""ql-direction-rtl ql-align-right""><span class=""ql-font-vazirmatn""><span class=""ql-cursor"">﻿</span></span></p>"
2259,294,tel,అల్-లతీఫు.,المعنى المختصر,"<p class=""ql-direction-rtl ql-align-right"">అల్ లతీఫు:-ఆయన వద్ద సుక్ష్మాతి సూక్ష్మవిషయాలు కూడా దాగలేవు, తనదాసుల పట్ల మృధువైఖరిని అవలంబిస్తాడు మరియు వారిని సంస్కరించదలిచినప్పుడు వారికి శుభాలను ప్రసాదిస్తాడు. </p>",المعنى,"<p class=""ql-direction-rtl ql-align-right""><span class=""ql-font-vazirmatn""><span class=""ql-cursor"">﻿</span></span></p>"
2260,295,tel,అల్ ఖబీర్:,المعنى المختصر,"<p class=""ql-direction-rtl ql-align-right"">అల్ ఖబీర్:- ఆయన తన జ్ఞానముతో వస్తువుల ఆంతరంగాన్నిమరియు రహస్యాలను వాటి బహిర్గతను చుట్టిముట్టినట్లు ఆవరించియున్నాడు </p>",المعنى,"<p class=""ql-direction-rtl ql-align-right""><span class=""ql-font-vazirmatn""><span class=""ql-cursor"">﻿</span></span></p>"
2261,296,tel,అల్-హలీము:,المعنى المختصر,"<p class=""ql-direction-rtl ql-align-right"">అల్-హలీము:- సహనశీలుడు,తన దాసులను వారి పాపాలకు బదులుగా శిక్షించడంలో తొందరపడనివాడు. </p>",المعنى,"<p class=""ql-direction-rtl ql-align-right""><span class=""ql-font-vazirmatn""><span class=""ql-cursor"">﻿</span></span></p>"
2262,297,tel,అల్ అజీము:,المعنى المختصر,"<p class=""ql-direction-rtl ql-align-right"">అల్-అజీము :-హృదయాలు ప్రేమించే,ఆత్మలు గొప్పగా భావించే సమస్త పరిపూర్ణ గుణాలను,కీర్తి,గర్వము మరియు గొప్పతనం వంటి లక్షణాలను ఇముడ్చుకున్నవాడు.</p>",المعنى,"<p class=""ql-direction-rtl ql-align-right""><span class=""ql-font-vazirmatn""><span class=""ql-cursor"">﻿</span></span></p>"
2263,298,tel,అల్ గఫూరు.,المعنى المختصر,"<p class=""ql-direction-rtl ql-align-right"">అల్ గఫూరు:-ఆయన తన దాసులను వారి పాపాల నుండి రక్షిస్తాడు మరియు ఆ చర్యలపై వారిని శిక్షించడు. </p>",المعنى,"<p class=""ql-direction-rtl ql-align-right""><span class=""ql-font-vazirmatn""><span class=""ql-cursor"">﻿</span></span></p>"
2264,299,tel,అష్షుకూర్,المعنى المختصر,"<p class=""ql-direction-rtl ql-align-right"">అష్శుకూర్ :-అతితక్కువ కార్యాసాధనపై రెట్టింపు పుణ్యఫలాన్ని ప్రసాదిస్తాడు,మరియు అనేక తప్పులను ఆయన క్షమిస్తాడు. </p>",المعنى,"<p class=""ql-direction-rtl ql-align-right""><span class=""ql-font-vazirmatn""><span class=""ql-cursor"">﻿</span></span></p>"
2265,300,tel,అల్ కబీర్:,المعنى المختصر,"<p class=""ql-direction-rtl ql-align-right"">అల్ కబీర్:- సమస్తానికి ఆయనే పెద్ద,ఆయన కంటే పెద్దది మరొకటిలేదు. </p>",المعنى,"<p class=""ql-direction-rtl ql-align-right""><span class=""ql-font-vazirmatn""><span class=""ql-cursor"">﻿</span></span></p>"
2266,301,tel,అల్ హఫీజ్ :,المعنى المختصر,"<p class=""ql-direction-rtl ql-align-right"">అల్ హఫీజ్ :- ఆయనే సృష్టించినదాన్ని రక్షిస్తాడు,ఉనికిని ప్రసాదించివాటిని జ్ఞానంతో చుట్టుముట్టాడు,మరియు తన మిత్రులను పాపాలనుండి వినాశకాలలో పడకుండా కాపాడుతాడు,మరియు దాసుల కార్యాచరణలను లెక్కించి ఆ పరంగా ప్రతిఫలం నొసగుతాడు. </p>",المعنى,"<p class=""ql-direction-rtl ql-align-right""><span class=""ql-font-vazirmatn""><span class=""ql-cursor"">﻿</span></span></p>"
2267,302,tel,అల్ ముఖీతు,المعنى المختصر,"<p class=""ql-direction-rtl ql-align-right"">అల్ ముఖీతు:- ఆయనే సృష్టిజీవులకు తన జ్ఞానం ప్రకారం శక్తిని నిర్దారిస్తాడు,ఆపై దాన్ని వాటికి తన శక్తితో చేరవేస్తాడు,మరియు దాన్ని వారి మధ్య విభజిస్తాడు. </p>",المعنى,"<p class=""ql-direction-rtl ql-align-right""><span class=""ql-font-vazirmatn""><span class=""ql-cursor"">﻿</span></span></p>"
2268,303,tel,అల్ కరీము.,المعنى المختصر,"<p class=""ql-direction-rtl ql-align-right"">అల్ కరీము:-అత్యధికంగా మేలు చేసేవాడు,గొప్పగా ప్రయోజనం చేకూర్చువాడు</p>",المعنى,"<p class=""ql-direction-rtl ql-align-right""><span class=""ql-font-vazirmatn""><span class=""ql-cursor"">﻿</span></span></p>"
2269,304,tel,అర్రఖీబు:,المعنى المختصر,"<p class=""ql-direction-rtl ql-align-right"">అర్రఖీబు:-ప్రతీవస్తువు యొక్క అవగాహన కలిగినవాడు;రహస్యాలను మరియు మనస్సాక్షి గురించి సాక్ష్యామిచ్చువాడు,ఆయన అన్నీ తెలిసినవాడు,చూసేవాడు,ఆయనతో ఎటువంటి రహస్యం మరియు గోప్యము’దాచలేము. </p>",المعنى,"<p class=""ql-direction-rtl ql-align-right""><span class=""ql-font-vazirmatn""><span class=""ql-cursor"">﻿</span></span></p>"
2270,305,tel,అల్ ముజీబు:,المعنى المختصر,"<p class=""ql-direction-rtl ql-align-right"">అల్ ముజీబు:- ఆయనే అర్ధించేవారి సమస్యలను మరియు వేడుకునే వారి దు’ఆ లను స్వీకరిస్తాడు,ఆమోదిస్తాడు. </p>",المعنى,"<p class=""ql-direction-rtl ql-align-right""><span class=""ql-font-vazirmatn""><span class=""ql-cursor"">﻿</span></span></p>"
2271,306,tel,అల్-వాసిఉ:,المعنى المختصر,"<p class=""ql-direction-rtl ql-align-right"">అల్-వాసిఉ:-ఆయన కొరకు ప్రతీలక్షణము చెందుతుంది,అర్ధం-పరిపూర్ణం,సామర్థ్యం మరియు సంపూర్ణం. </p>",المعنى,"<p class=""ql-direction-rtl ql-align-right""><span class=""ql-font-vazirmatn""><span class=""ql-cursor"">﻿</span></span></p>"
2272,307,tel,అల్ హకీమ్-వివేకవంతుడు,المعنى المختصر,"<p class=""ql-direction-rtl ql-align-right"">అల్ హకీము:-తన ఆదేశాలలో మరియు చట్టాలలో సంపూర్ణజ్ఞానం కలవాడు,మరియు తన జీవులలో తీర్పుఅధికారం పరిపూర్ణంగాకలవాడు. </p>",المعنى,"<p class=""ql-direction-rtl ql-align-right""><span class=""ql-font-vazirmatn""><span class=""ql-cursor"">﻿</span></span></p>"
2273,308,tel,అల్ వదూదు:,المعنى المختصر,"<p class=""ql-direction-rtl ql-align-right"">అల్ వదూదు:- అనగా ప్రియమైనవారిని ప్రేమించువాడు,ఆయనే’తనప్రవక్తలను,సందేశహరులను,వారి అనుచరులను’ మరియు తన అభిమానులను’ప్రేమిస్తాడు.</p>",المعنى,"<p class=""ql-direction-rtl ql-align-right""><span class=""ql-font-vazirmatn""><span class=""ql-cursor"">﻿</span></span></p>"
2274,309,tel,అల్ మజీదు:,المعنى المختصر,"<p class=""ql-direction-rtl ql-align-right"">అల్ మజీదు:-పరిపూర్ణగుణాల్లోని వివిధరకాలైన మహోన్నతమైన,విశాలమైన’లక్షణాలను కలిగి ఉన్నాడు. </p>",المعنى,"<p class=""ql-direction-rtl ql-align-right""><span class=""ql-font-vazirmatn""><span class=""ql-cursor"">﻿</span></span></p>"
2275,310,tel,అష్షహీదు.,المعنى المختصر,"<p class=""ql-direction-rtl ql-align-right"">అష్షహీదు:-ఆయన నుండి ఏ విషయం దాగదు, ఆయన ప్రతీవస్తువును గ్రహిస్తున్నవాడు,దానితో ఉంటాడు,దాని సర్వం వివరాలు తెలిసి ఉంటాడు.</p>",المعنى,"<p class=""ql-direction-rtl ql-align-right""><span class=""ql-font-vazirmatn""><span class=""ql-cursor"">﻿</span></span></p>"
2276,311,tel,అల్ హక్కు:,المعنى المختصر,"<p class=""ql-direction-rtl ql-align-right"">అల్ హక్కు:- ఆయన ఉనికి మరియు అస్తిత్వం సత్యపరుస్తుంది,మరియు ఆయన నామాలు,గుణాలు మరియు’కార్యక్రమాలు,ఆదేశాలు,ప్రతిఫలాలు,సమస్తము పరిపూర్ణమైనవి మరియు సత్యమైనవి,అందులో ఎలాంటి అసత్యానికి తావులేదు. </p>",المعنى,"<p class=""ql-direction-rtl ql-align-right""><span class=""ql-font-vazirmatn""><span class=""ql-cursor"">﻿</span></span></p>"
2277,312,tel,అల్ ఖవియ్యు:,المعنى المختصر,"<p class=""ql-direction-rtl ql-align-right"">అల్ ఖవియ్యు:- సర్వ శక్తిమంతుడు,ఆయన పై ఎవడు ఆధిక్యాన్ని పొందలేడు,ఆయన తీర్పును ఎవరు దిక్కరించలేడు. </p>",المعنى,"<p class=""ql-direction-rtl ql-align-right""><span class=""ql-font-vazirmatn""><span class=""ql-cursor"">﻿</span></span></p>"
2278,313,tel,అల్ మతీను:,المعنى المختصر,"<p class=""ql-direction-rtl ql-align-right"">అల్ మతీను:- శక్తి సామర్థ్యాలలో అత్యంత బలవంతుడు,ఎటువంటి బలహీనత,కష్టము కలుగనివాడు. </p>",المعنى,"<p class=""ql-direction-rtl ql-align-right""><span class=""ql-font-vazirmatn""><span class=""ql-cursor"">﻿</span></span></p>"
2279,314,tel,అల్ హయ్యు:,المعنى المختصر,"<p class=""ql-direction-rtl ql-align-right"">అల్ హయ్యు:- సంపూర్ణజీవనం యొక్క సమస్త అర్థాలు ఆయనకు చెందుతాయి,ఆయనకు పూర్వం శూన్యం లేదు,మరియు ఆయనకు అంతంలేదు.</p>",المعنى,"<p class=""ql-direction-rtl ql-align-right""><span class=""ql-font-vazirmatn""><span class=""ql-cursor"">﻿</span></span></p>"
2280,315,tel,అల్ ఖయ్యూము:,المعنى المختصر,"<p class=""ql-direction-rtl ql-align-right"">అల్ ఖయ్యూము:- స్వయంగా నిలబడినవాడు,ఎవరి అవసరం లేనివాడు,ప్రతీదీ ఆయనపై ఆధారపడి నిలబడుతుంది,ఆయన అవసరంలేకుండా ఎవ్వడూ ఉండడు.</p>",المعنى,"<p class=""ql-direction-rtl ql-align-right""><span class=""ql-font-vazirmatn""><span class=""ql-cursor"">﻿</span></span></p>"
2281,316,tel,అస్సమదు,المعنى المختصر,"<p class=""ql-direction-rtl ql-align-right"">అస్సమదు:-పరిపూర్ణప్రభువు మరియు గొప్పయజమాని,ప్రతీ అవసరములో ఆశతో,భయంతో తలుచుకోబడేవాడు. </p>",المعنى,"<p class=""ql-direction-rtl ql-align-right""><span class=""ql-font-vazirmatn""><span class=""ql-cursor"">﻿</span></span></p>"
2282,317,tel,అల్ ఖాదిరు:,المعنى المختصر,"<p class=""ql-direction-rtl ql-align-right"">అల్ ఖాదిరు:-సంపూర్ణత్వాన్ని కలిగియున్న సర్వశక్తిశామర్థ్యాలు కలవాడు,ఆయనను ఎవరు లొంగదీయలేరు,తనకు కావలిసినది కోల్పోనివాడు.</p>",المعنى,"<p class=""ql-direction-rtl ql-align-right""><span class=""ql-font-vazirmatn""><span class=""ql-cursor"">﻿</span></span></p>"
2283,318,tel,అల్ ముత’ఆలి:,المعنى المختصر,"<p class=""ql-direction-rtl ql-align-right"">అల్ ముత’ఆల్:- ఈ పేరు అల్లాహ్ యొక్క పరిపూర్ణ మహోన్నతను సమస్త కోణాల్లో అనగా-అస్తిత్వ,సామర్థ్య మరియు ఆధిక్యత పరంగా’ సూచిస్తుంది. </p>",المعنى,"<p class=""ql-direction-rtl ql-align-right""><span class=""ql-font-vazirmatn""><span class=""ql-cursor"">﻿</span></span></p>"
2284,319,tel,అత్ తవ్వాబు-క్షమించువాడు.,المعنى المختصر,"<p class=""ql-direction-rtl ql-align-right"">ఆయనే దాసునికి తౌబా అనుగ్రహిస్తాడు,మరియు అతని తౌబాను ఆమోదిస్తాడు </p>",المعنى,"<p class=""ql-direction-rtl ql-align-right""><span class=""ql-font-vazirmatn""><span class=""ql-cursor"">﻿</span></span></p>"
2285,320,tel,అల్ అఫువ్వు:,المعنى المختصر,"<p class=""ql-direction-rtl ql-align-right"">అల్ అఫువ్వు:- ఆయనే తప్పులను చెరిపివేస్తాడు,మరియు పాపానికి ఆయన అతీతుడు. </p>",المعنى,"<p class=""ql-direction-rtl ql-align-right""><span class=""ql-font-vazirmatn""><span class=""ql-cursor"">﻿</span></span></p>"
2286,321,tel,అల్-రవూఫు.,المعنى المختصر,"<p class=""ql-direction-rtl ql-align-right"">అల్-రవూఫు:-తన దాసులపట్ల అత్యంత జాలి కలవాడు,వారిపట్ల దయామయుడు.</p>",المعنى,"<p class=""ql-direction-rtl ql-align-right""><span class=""ql-font-vazirmatn""><span class=""ql-cursor"">﻿</span></span></p>"
2287,322,tel,అల్ గనియ్యు,المعنى المختصر,"<p class=""ql-direction-rtl ql-align-right"">అల్ గనియ్యు:-సమస్తానికి ఆయన అవసరము కలదు,ఆయనకు ఎవరి అవసరం లేదు. </p>",المعنى,"<p class=""ql-direction-rtl ql-align-right""><span class=""ql-font-vazirmatn""><span class=""ql-cursor"">﻿</span></span></p>"
2288,323,tel,అల్ హాది:,المعنى المختصر,"<p class=""ql-direction-rtl ql-align-right"">అల్ హాది:- ఆయన తన దాసులను సర్వ ప్రయోజనాల వైపుకు మరియు కీడుల రక్షణ వైపుకు మార్గదర్శనం చేస్తాడు,మరియు అందులో తాను కోరిన వారికి’ ఋజుమార్గం వైపుకు మార్గదర్శనం ప్రసాదిస్తాడు. </p>",المعنى,"<p class=""ql-direction-rtl ql-align-right""><span class=""ql-font-vazirmatn""><span class=""ql-cursor"">﻿</span></span></p>"
2289,324,tel,అల్ ఖరీబు:,المعنى المختصر,"<p class=""ql-direction-rtl ql-align-right"">అల్ ఖరీబు :- ఆయన పుణ్యాన్ని అర్జిస్తూ విధేయత చూపువాడికి,దఆలు స్వీకరించమని వేడుతున్నవారికి దగ్గరగా ఉన్నాడు,మరియు సమస్త దాసులకు జ్ఞానపరంగా దగ్గరగా ఉన్నాడు,ఇది ఆయన గొప్పతనానికి,పవిత్రతకు విరుద్దమేమి కాదు. </p>",المعنى,"<p class=""ql-direction-rtl ql-align-right""><span class=""ql-font-vazirmatn""><span class=""ql-cursor"">﻿</span></span></p>"
2290,325,tel,అల్ మన్నాను.,المعنى المختصر,"<p class=""ql-direction-rtl ql-align-right"">అల్-మన్నాను:-ఆయనే అనుగ్రహించువాడు,ప్రసాదించువాడు,గొప్పగా ఒసిగేవాడు,అడగకముందే తన ప్రసాదంతో దాతృత్వం చూపువాడు. </p>",المعنى,"<p class=""ql-direction-rtl ql-align-right""><span class=""ql-font-vazirmatn""><span class=""ql-cursor"">﻿</span></span></p>"
2291,326,tel,అష్-షాఫియ్యు.,المعنى المختصر,"<p class=""ql-direction-rtl ql-align-right"">అష్-షాఫియ్యు;-ఆయనే తన దాసులకు శరీరాల వ్యాధులను,హృదయాల రోగాలను మరియు మనోవాంఛల’నుండి స్వస్థత నొసగుతాడు. </p>",المعنى,"<p class=""ql-direction-rtl ql-align-right""><span class=""ql-font-vazirmatn""><span class=""ql-cursor"">﻿</span></span></p>"
2292,327,tel,అర్-రబ్బు,المعنى المختصر,"<p class=""ql-direction-rtl ql-align-right"">అర్రబ్బు:- ఆయనే యజమాని,పోషకుడు,సంస్కరణకర్త, మరియు ప్రణాళికతో,రకరకాల అనుగ్రహాలతో తన సమస్త దాసులను పోషించువాడు.</p>",المعنى,"<p class=""ql-direction-rtl ql-align-right""><span class=""ql-font-vazirmatn""><span class=""ql-cursor"">﻿</span></span></p>"
2293,328,tel,అల్-ముతీఉ:,المعنى المختصر,"<p class=""ql-direction-rtl ql-align-right"">అల్-ముతీఉ:- ఆయన వాస్తవంగా ఇవ్వడంలో ఏకైకుడు,పుచ్చుకునేవాడికి మరే నిరోదించేవాడు లేడు,ఆయన నిరోధించినవాడికి మరే ఇచ్చేవాడులేడు. </p>",المعنى,"<p class=""ql-direction-rtl ql-align-right""><span class=""ql-font-vazirmatn""><span class=""ql-cursor"">﻿</span></span></p>"
2294,329,tel,అల్ అహదు-ఏకైకుడు,المعنى المختصر,"<p class=""ql-direction-rtl ql-align-right""> అల్-అహదు:-ఆయనే రుబూబియ్యతు ఉలూహియ్యతు మరియు అస్మావ సిఫాతులో ఏకైకుడు మరియు ఏకత్వంలో సమస్త సంపూర్ణత కలవాడు తద్వారా ఇతరులెవ్వరు ఇందులో ఆయనకు భాగస్వామ్యం కాలేరు. </p>",المعنى,"<p class=""ql-direction-rtl ql-align-right""><span class=""ql-font-vazirmatn""><span class=""ql-cursor"">﻿</span></span></p>"
2295,330,tel,అల్ ము'మిను- శాంతిప్రధాత,المعنى المختصر,"<p class=""ql-direction-rtl ql-align-right"">అల్-ము'మిను:-ఆయన సత్యవంతుడు!తన ప్రవక్తలకోసం సూచనలను,అద్భుతాలను స్థాపించి’సత్యపరుస్తాడు,మరియు సృష్టితాలను సకల ఆపదలు మరియు యాతనల నుండి కాపాడి శాంతిని ప్రసాదిస్తాడు.</p>",المعنى,"<p class=""ql-direction-rtl ql-align-right""><span class=""ql-font-vazirmatn""><span class=""ql-cursor"">﻿</span></span></p>"
2296,331,tel,అల్-బారి.,المعنى المختصر,"<p class=""ql-direction-rtl ql-align-right"">అల్-బారిఉ:-సృష్టించినవాడు,ఆయనే సర్వాన్ని పుట్టించాడు,రూపు దిద్దాడు,లేని దానికి ఉనికి పోసినవాడు.</p>",المعنى,"<p class=""ql-direction-rtl ql-align-right""><span class=""ql-font-vazirmatn""><span class=""ql-cursor"">﻿</span></span></p>"
2297,332,tel,అల్ ముసవ్విర్:,المعنى المختصر,"<p class=""ql-direction-rtl ql-align-right"">అల్ ముసవ్విర్:- ఆయనే’వేర్వేరు ముఖచిత్రాలలో,విభిన్న శరీరాలతో తన సృష్టిని సృష్టించాడు,ఇది ఆయన యొక్క సంపూర్ణ జ్ఞానాన్ని మరియు వివేకాన్ని సూచిస్తుంది. </p>",المعنى,"<p class=""ql-direction-rtl ql-align-right""><span class=""ql-font-vazirmatn""><span class=""ql-cursor"">﻿</span></span></p>"
2298,333,tel,,,,,
2299,334,tel,అల్ ఫత్తాహు:,المعنى المختصر,"<p class=""ql-direction-rtl ql-align-right"">అల్ ఫత్తాహు:-తన ఆరాధకుల మధ్య తన చట్టపరమైన తీర్పుల ప్రకారం పరిపాలించేవాడు మరియు వారిలో తన తక్దీర్’విధి తీర్పులను నిర్ణయిస్తాడు మరియు తన నేరపూరిత నిబంధనలతో వారిని శిక్షిస్తాడు. </p>",المعنى,"<p class=""ql-direction-rtl ql-align-right""><span class=""ql-font-vazirmatn""><span class=""ql-cursor"">﻿</span></span></p>"
2300,335,tel,,,,,
2301,336,tel,,,,,
2302,337,tel,,,,,
2303,338,tel,అర్రాఫి'ఉ,المعنى المختصر,"<p class=""ql-direction-rtl ql-align-right"">అర్రాఫిఉ :- ఆయనే తను కోరినవారిని,కోరినవిధంగా గౌరవంతో ఎత్తుతాడు,ప్రపంచంలో,పరలోకంలో తన ఔలియాలను ఎత్తినట్లుగా. </p>",المعنى,"<p class=""ql-direction-rtl ql-align-right""><span class=""ql-font-vazirmatn""><span class=""ql-cursor"">﻿</span></span></p>"
2306,341,tel,అల్ బసీరు,المعنى المختصر,"<p class=""ql-direction-rtl ql-align-right"">అల్-బసీరు:-ప్రతి దానిని’అది ఎంత చిన్నదైన,రేణువైన కంటి చూపుతో చుట్టుముట్టినవాడు,విషయాలపై అంతర్దృష్టి కలవాడు,సర్వ విషయాలకు నిపుణుడు,అంతర్గత పరిజ్ఞానం కలవాడు. </p>",المعنى,"<p class=""ql-direction-rtl ql-align-right""><span class=""ql-font-vazirmatn""><span class=""ql-cursor"">﻿</span></span></p>"
2307,342,tel,అల్ హకమ్:,المعنى المختصر,"<p class=""ql-direction-rtl ql-align-right"">అల్ హకమ్:- ఆయన వైపుకు ప్రతీఆదేశం,తీర్పు మరలుతుంది,మరియు అతను కోరుకున్నది ఆదేశిస్తాడు,తన దాసుల మధ్య సత్యంతో,న్యాయంతో పరిపాలిస్తాడు.</p>",المعنى,"<p class=""ql-direction-rtl ql-align-right""><span class=""ql-font-vazirmatn""><span class=""ql-cursor"">﻿</span></span></p>"
2309,344,tel,అల్ అలీ:,المعنى المختصر,"<p class=""ql-direction-rtl ql-align-right"">అల్ అలీ: ఆయనకు మాత్రమే సంపూర్ణ మహోన్నత ప్రతీకోణంలో చెందుతుంది:అనగా“సామర్థ్యపు ఆధిక్యత మరియు అస్తిత్వమహోన్నతలో చెందుతుంది </p>",المعنى,"<p class=""ql-direction-rtl ql-align-right""><span class=""ql-font-vazirmatn""><span class=""ql-cursor"">﻿</span></span></p>"
2310,345,tel,అల్ హసీబు.,المعنى المختصر,"<p class=""ql-direction-rtl ql-align-right"">అల్ హసీబు:- తనను విశ్వసించే దాసులకు మరియు,తవక్కలు వహించు దాసులకొరకు సరిపోయేవాడు,తనదాసుల కార్యక్రమాల పట్ల జ్ఞానం కలిగినవాడు మరియు ఆ ప్రకారం వారితో లెక్కతీసుకునేవాడు.</p>",المعنى,"<p class=""ql-direction-rtl ql-align-right""><span class=""ql-font-vazirmatn""><span class=""ql-cursor"">﻿</span></span></p>"
2313,348,tel,అల్ వకీలు,المعنى المختصر,"<p class=""ql-direction-rtl ql-align-right"">అల్ వకీలు:- తన సృష్టిజీవనోపాధికి సంరక్షకుడు,వారి ప్రయోజనాలకు బాధ్యుడు,మరియు ఆయనే తన మిత్రులను నియమిస్తాడు వారికి సౌలభ్యాన్ని ప్రసాదిస్తాడు,కష్టకారకాల నుండి రక్షిస్తాడు, వారి వ్యవహారాలకు సరిపోతాడు.</p>",المعنى,"<p class=""ql-direction-rtl ql-align-right""><span class=""ql-font-vazirmatn""><span class=""ql-cursor"">﻿</span></span></p>"
2314,349,tel,అల్ వలియ్యు .,المعنى المختصر,"<p class=""ql-direction-rtl ql-align-right"">అల్ వలియ్యు:- తన మోమిను దాసులకు మద్దతుదారుడు,మరియు తన సమస్తజీవుల వ్యవహారాలకు ఆధారభూతుడు.</p>",المعنى,"<p class=""ql-direction-rtl ql-align-right""><span class=""ql-font-vazirmatn""><span class=""ql-cursor"">﻿</span></span></p>"
2315,350,tel,అల్ హమీదు.,المعنى المختصر,"<p class=""ql-direction-rtl ql-align-right"">అల్ హమీదు:- ఈ పేరు సమస్త పొగడ్తలు,నైపుణ్యాలు కేవలం మహోన్నతుడైన అల్లాహ్ కొరకు సూచిస్తుంది,ఆయనే ఈ పొగడ్తలకు,నైపుణ్యాలకు అస్తిత్వ,లక్షణాల మరియు కార్యక్రమాల పరంగా హక్కుదారుడు. </p>",المعنى,"<p class=""ql-direction-rtl ql-align-right""><span class=""ql-font-vazirmatn""><span class=""ql-cursor"">﻿</span></span></p>"
2323,358,tel,అల్ వాహిదు :- ఒకేఒక్కడు.,المعنى المختصر,"<p class=""ql-direction-rtl ql-align-right"">తన అస్తిత్వం,లక్షణాలు మరియు కార్యక్రమాలలో మరొక సాటిలేని ఒకేఒక్కడు. </p>",المعنى,"<p class=""ql-direction-rtl ql-align-right""><span class=""ql-font-vazirmatn""><span class=""ql-cursor"">﻿</span></span></p>"
2324,359,tel,అల్ ముక్తదిర్:,المعنى المختصر,"<p class=""ql-direction-rtl ql-align-right"">అల్ ముక్తదిర్:- ఆయనకు సంపూర్ణ శక్తిసామర్థ్యాలు కలవు,దానికి ఏది అడ్డుకొలేదు</p>",المعنى,"<p class=""ql-direction-rtl ql-align-right""><span class=""ql-font-vazirmatn""><span class=""ql-cursor"">﻿</span></span></p>"
2325,360,tel,అల్ ముఖద్దిము,المعنى المختصر,"<p class=""ql-direction-rtl ql-align-right"">అల్ ముఖద్దిము:- వస్తువుల అర్హతమేరకు వాటి గమ్యాలకు చేరుస్తాడు,అందులో ఆయన కోరుకున్నదాన్ని మొదట అందిస్తాడు మరియు కోరుకున్నదాన్ని ఆలస్యం చేస్తాడు. </p>",المعنى,"<p class=""ql-direction-rtl ql-align-right""><span class=""ql-font-vazirmatn""><span class=""ql-cursor"">﻿</span></span></p>"
2326,361,tel,అల్ ము'అఖ్ఖిరు,المعنى المختصر,"<p class=""ql-direction-rtl ql-align-right"">అల్ ము’అఖ్ఖిరు:-ఆయనే ఆలస్యం కావాల్సిన విషయాలను ఆలస్యం చేస్తాడు, మరియు వాటి స్థానాల్లో వాటిని స్థాపిస్తాడు.</p>",المعنى,"<p class=""ql-direction-rtl ql-align-right""><span class=""ql-font-vazirmatn""><span class=""ql-cursor"">﻿</span></span></p>"
2327,362,tel,అల్ అవ్వలు-మొట్టమొదటి,المعنى المختصر,"<p class=""ql-direction-rtl ql-align-right"">అల్ అవ్వలు-ఆయనకు ముందు ఎవరు లేరు</p>",المعنى,"<p class=""ql-direction-rtl ql-align-right""><span class=""ql-font-vazirmatn""><span class=""ql-cursor"">﻿</span></span></p>"
2328,363,tel,అల్-ఆఖిరు చిట్టచివరి.,المعنى المختصر,"<p class=""ql-direction-rtl ql-align-right"">అల్ ఆఖిరు(చిట్టచివరి) –ఆయన తరువాత ఏది లేదు. </p>",المعنى,"<p class=""ql-direction-rtl ql-align-right""><span class=""ql-font-vazirmatn""><span class=""ql-cursor"">﻿</span></span></p>"
2329,364,tel,అజ్జాహిరు:,المعنى المختصر,"<p class=""ql-direction-rtl ql-align-right"">అజ్జాహిరు:- ఆయనకు పైన మరొకరు లేరు. </p>",المعنى,"<p class=""ql-direction-rtl ql-align-right""><span class=""ql-font-vazirmatn""><span class=""ql-cursor"">﻿</span></span></p>"
2330,365,tel,అల్ బాతిను.,المعنى المختصر,"<p class=""ql-direction-rtl ql-align-right"">అల్ ఆఖిరు(చిట్టచివరి) –ఆయన తరువాత ఏది ఉండదు. </p>",المعنى,"<p class=""ql-direction-rtl ql-align-right""><span class=""ql-font-vazirmatn""><span class=""ql-cursor"">﻿</span></span></p>"
2332,367,tel,అల్-బిర్రు,المعنى المختصر,"<p class=""ql-direction-rtl ql-align-right"">అల్-బిర్రు:-అనేక అనుగ్రహాలతో దాసుల పట్ల అత్యుత్తమ వైఖరి అవలంభించువాడు. </p>",المعنى,"<p class=""ql-direction-rtl ql-align-right""><span class=""ql-font-vazirmatn""><span class=""ql-cursor"">﻿</span></span></p>"
2334,369,tel,,,,,
2335,370,tel,జుల్ జలాల్ వల్ ఇక్రాము.,المعنى المختصر,"<p class=""ql-direction-rtl ql-align-right"">జుల్ జలాలి వల్ ఇక్రామ్:- కీర్తించదగువాడు,గొప్పవాడు,దయామయుడు,కారుణ్యమయుడు, మరియు ఉదారమయుడు,కీర్తికి,ప్రశంసలకి పొగడ్తల కి హక్కుదారుడు.</p>",المعنى,"<p class=""ql-direction-rtl ql-align-right""><span class=""ql-font-vazirmatn""><span class=""ql-cursor"">﻿</span> </span></p>"
2345,380,tel,అల్ వారిసు:,المعنى المختصر,"<p class=""ql-direction-rtl ql-align-right"">అల్ వారిసు:- ఆయనే సృష్టి అంతమైన తరువాత మిగిలేవాడు,మరియు సమస్త భూగోళానికి దానిపై ఉన్నదానికి వారసుడు.</p>",المعنى,"<p class=""ql-direction-rtl ql-align-right""><span class=""ql-font-vazirmatn""><span class=""ql-cursor"">﻿</span></span></p>"
2348,383,tel,అల్ జమీల్ :,المعنى المختصر,"<p class=""ql-direction-rtl ql-align-right""> అల్ జమీల్ :- పరిపూర్ణ అందం,ఆయన అస్తిత్వంలో,నామాలలో గుణాలలో మరియు క్రియల్లో మాత్రమే శోభిస్తుంది. </p>",المعنى,"<p class=""ql-direction-rtl ql-align-right""><span class=""ql-font-vazirmatn""><span class=""ql-cursor"">﻿</span></span></p>"
2349,384,tel,అల్ ఖాహిరు,المعنى المختصر,"<p class=""ql-direction-rtl ql-align-right"">అల్ ఖాహిరు:-సమస్తలోకాలు ఆయన కొరకు లొంగిపోయాయి,మరియు సమస్త సృష్టిజీవులు ఆయన కొరకు అనుకువను కలిగుయున్నాయి,ఆయన శక్తిసామర్థ్యాలకు,ఆయన కొరికకు కట్టుబడియున్నాయి. </p>",المعنى,"<p class=""ql-direction-rtl ql-align-right""><span class=""ql-font-vazirmatn""><span class=""ql-cursor"">﻿</span></span></p>"
2350,385,tel,అల్ ముబీను.,المعنى المختصر,"<p class=""ql-direction-rtl ql-align-right"">అల్ ముబీను:-ఆయన ఏకత్వం గురించి స్పష్టపరిచాడు, ఆయనతో ఏ భాగస్వామి లేడు,మరియు తనదాసులకు సత్యాన్ని విడమర్చి స్పష్టపరుస్తున్నాడు.</p>",المعنى,"<p class=""ql-direction-rtl ql-align-right""><span class=""ql-font-vazirmatn""><span class=""ql-cursor"">﻿</span></span></p>"
2351,386,tel,అల్ కాఫీ:,المعنى المختصر,"<p class=""ql-direction-rtl ql-align-right"">అల్ కాఫీ:- తన సమస్త దాసులకు మరియు వారికి అవసరమైన అన్నిటికీ సరిపోయేవాడు,మరియు ఆయన సహాయంతో ఇతరులకు సరిపోతాడు మరియు ఇతరులు సంతృప్తి చెందుతారు.</p>",المعنى,"<p class=""ql-direction-rtl ql-align-right""><span class=""ql-font-vazirmatn""><span class=""ql-cursor"">﻿</span></span></p>"
2352,387,tel,అల్-వితరు:,المعنى المختصر,"<p class=""ql-direction-rtl ql-align-right"">అల్-వితరు:- ఆయన ఒకేఒక్కడు, ఆయనకు ఇతరుల భాగస్వామ్యం లేదు మరియు ఆయనకు మరొకడు సాటిలేడు. </p>",المعنى,"<p class=""ql-direction-rtl ql-align-right""><span class=""ql-font-vazirmatn""><span class=""ql-cursor"">﻿</span></span></p>"
2353,388,tel,అల్ జవ్వాదు:,المعنى المختصر,"<p class=""ql-direction-rtl ql-align-right"">అల్ జవ్వాదు:- అత్యధికంగా ఇచ్చేవాడు,ఆయన సమస్త బ్రహ్మాండానికి సర్వసాధారణంగా తన ప్రసాదాన్నిఅనుగ్రహిస్తాడు</p>",المعنى,"<p class=""ql-direction-rtl ql-align-right""><span class=""ql-font-vazirmatn""><span class=""ql-cursor"">﻿</span></span></p>"
2354,389,tel,అర్రఫీఖు,المعنى المختصر,"<p class=""ql-direction-rtl ql-align-right"">అర్రఫీఖు- విషయాలను మృదువుగా జాగ్రత్తగా నిర్వహించువాడు,అందులో క్రమాన్ని అనుసరించువాడు,పాపుల శిక్షల విషయంలో వేగిరపడనివాడు. </p>",المعنى,"<p class=""ql-direction-rtl ql-align-right""><span class=""ql-font-vazirmatn""><span class=""ql-cursor"">﻿</span></span></p>"
2355,390,tel,అస్సయ్యిదు:,المعنى المختصر,"<p class=""ql-direction-rtl ql-align-right"">అస్సయ్యిదు:-ప్రభువు మరియు యజమాని,-సత్యాన్ని నొక్కిచెప్పేవాడు, సృష్టిజీవులు ప్రాపంచిక మరియు పరలోక వ్యవహారాలకు సంభందించి ఆయన వైపుకు మరలుతుంది. </p>",المعنى,"<p class=""ql-direction-rtl ql-align-right""><span class=""ql-font-vazirmatn""><span class=""ql-cursor"">﻿</span></span></p>"
2356,391,tel,అస్సుబ్బూహు:,المعنى المختصر,"<p class=""ql-direction-rtl ql-align-right"">అస్సుబ్బూహు:- ఆయన సర్వలోపాలకు,దోషాలకు పరిశుద్దుడు,భూమ్యాకాశాలలో ఉన్న సమస్తము ఆయన పరిశుద్దతను,పవిత్రతను కొనియాడుతున్నాయి. </p>",المعنى,"<p class=""ql-direction-rtl ql-align-right""><span class=""ql-font-vazirmatn""><span class=""ql-cursor"">﻿</span></span></p>"
2357,392,tel,అష్-షాకిర్.,المعنى المختصر,"<p class=""ql-direction-rtl ql-align-right"">అష్-షాకిర్:-తనకుతగినరీతిలో విధేయత చూపినవాడిని,కీర్తించేవాడిని,పుణ్యప్రాప్తిని ఆశిస్తూ అనుసరించే వాడిని,ప్రశంసించువాడు. </p>",المعنى,"<p class=""ql-direction-rtl ql-align-right""><span class=""ql-font-vazirmatn""><span class=""ql-cursor"">﻿</span></span></p>"
2358,393,tel,అత్తయ్యిబు:,المعنى المختصر,"<p class=""ql-direction-rtl ql-align-right"">అత్తయ్యిబు:- అనగా ఆయన సమస్త లోపాలకు దోషాలకు సర్వోన్నతుడు,పవిత్రుడు మరియు పరిశుద్దుడు.</p>",المعنى,"<p class=""ql-direction-rtl ql-align-right""><span class=""ql-font-vazirmatn""><span class=""ql-cursor"">﻿</span></span></p>"
2359,394,tel,అల్-ఆలా.,المعنى المختصر,"<p class=""ql-direction-rtl ql-align-right"">అల్-ఆలా:-ఈ పేరు’ఉలువ్వు-గొప్పతనం కు చెందిన సమస్త అర్థాలను ప్రతీకోణంలో,అస్తిత్వం,సామర్థ్యం మరియు అధికార పరంగా అల్లాహ్ కోసం సూచిస్తుంది.</p>",المعنى,"<p class=""ql-direction-rtl ql-align-right""><span class=""ql-font-vazirmatn""><span class=""ql-cursor"">﻿</span></span></p>"
2360,395,tel,అల్ ఖదీరు:,المعنى المختصر,"<p class=""ql-direction-rtl ql-align-right"">అల్ ఖదీరు:-ఆయన సంపూర్ణ శక్తిసామర్థ్యాలను కలిగినవాడు,దానికి ఎటువంటి అసమర్థత, బలహీనత, దరిచేరదు. </p>",المعنى,"<p class=""ql-direction-rtl ql-align-right""><span class=""ql-font-vazirmatn""><span class=""ql-cursor"">﻿</span></span></p>"
2361,396,tel,అల్ ముహీత్:,المعنى المختصر,"<p class=""ql-direction-rtl ql-align-right"">అల్ ముహీత్:-తన సృష్టిజీవుల పట్ల అల్లాహ్ మహోన్నతను సూచిస్తుంది,ఆయన ప్రతీదాన్ని జ్ఞాన,శక్తిసామర్థ్యం మరియు ఆధిక్యత పరంగా చుట్టుముట్టియున్నాడు. </p>",المعنى,"<p class=""ql-direction-rtl ql-align-right""><span class=""ql-font-vazirmatn""><span class=""ql-cursor"">﻿</span></span></p>"
2362,397,tel,అల్ అక్రము.,المعنى المختصر,"<p class=""ql-direction-rtl ql-align-right"">అల్ అక్రము:-అత్యధికంగా మేలు,బహుమతులు ప్రసాదించేవాడు,ఆయన చేతుల్లో సమస్త మేలు ఉంది మరియు ప్రతీ మేలు ఆయన వైపు నుండి లభిస్తుంది.</p>",المعنى,"<p class=""ql-direction-rtl ql-align-right""><span class=""ql-font-vazirmatn""><span class=""ql-cursor"">﻿</span></span></p>"
2363,398,tel,అల్-ఇలాహు:,المعنى المختصر,"<p class=""ql-direction-rtl ql-align-right"">అల్-ఇలాహు:- ఇది పరిపూర్ణత యొక్క అన్నిలక్షణాలను,ఘనత యొక్క సారాంశాలను కలిగి ఉన్నది,మరియు ఆయన తప్ప మరెవ్వరినీ ఆరాధించడానికి అర్హతవీలు లేని దైవం. </p>",المعنى,"<p class=""ql-direction-rtl ql-align-right""><span class=""ql-font-vazirmatn""><span class=""ql-cursor"">﻿</span></span></p>"
2364,399,tel,అన్నసీరు:,المعنى المختصر,"<p class=""ql-direction-rtl ql-align-right"">అన్నసీరు:- ఆయనే తన మోమిన్‘దాసులకు మద్దతు ఇస్తాడు మరియు వారికి సహాయంచేస్తాడు.</p>",المعنى,"<p class=""ql-direction-rtl ql-align-right""><span class=""ql-font-vazirmatn""><span class=""ql-cursor"">﻿</span></span></p>"
2365,400,tel,అల్ మౌలా,المعنى المختصر,"<p class=""ql-direction-rtl ql-align-right"">అల్ మౌలా:- సమస్త సృష్టిరాసులకు ప్రభువు,అంటే వారందరికి యజమాని,పాలకుడు,సృష్టికర్త,వారికి నిజఆరాధ్య దైవం,తన మోమీను దాసులకు ప్రభువు,వారినిప్రేమిస్తాడు,అనుగ్రహిస్తాడు,సహాయపడతాడు,వారి ప్రయోజనాలను వారికి చేర్చుతాడు,మరియు వారి కొరకు ప్రాపంచిక,ధార్మిక లాభాలను సౌలభ్యపరుస్తాడు. </p>",المعنى,"<p class=""ql-direction-rtl ql-align-right""><span class=""ql-font-vazirmatn""><span class=""ql-cursor"">﻿</span></span></p>"
2366,401,tel,అల్ హయ్యియు:,المعنى المختصر,"<p class=""ql-direction-rtl ql-align-right"">అల్ హయ్యియు:- అంటే సిగ్గు ఎక్కువగా ఉన్నవాడు, ఇది ఆయన శోభకు తగినట్లుగా కలిగిన ఒక లక్షణం,సృష్టిజీవుల సిగ్గును పోలినదికాదు,కానీ ఆయన విశాలకారుణ్యం,పూర్ణదాతృత్వం,ఔదార్యం,గొప్పతనం,క్షమాశీలత మరియు సహనానికి తగినట్లు లేని విషయాలను త్యజించడం.</p>",المعنى,"<p class=""ql-direction-rtl ql-align-right""><span class=""ql-font-vazirmatn""><span class=""ql-cursor"">﻿</span></span></p>"
2367,402,tel,అల్ ముహ్’సిన్ :,المعنى المختصر,"<p class=""ql-direction-rtl ql-align-right"">అల్ ముహ్’సిన్ :- తన దాసులపై అంతర్గత,బహిర్గత రకరకాల ప్రసాదాలతో అనుగ్రహించేవాడు.</p>",المعنى,"<p class=""ql-direction-rtl ql-align-right""><span class=""ql-font-vazirmatn""><span class=""ql-cursor"">﻿</span></span></p>"
2369,278,tha,อัลลอฮฺ,المعنى المختصر,"<p class=""ql-direction-rtl ql-align-right""><span class=""ql-font-vazirmatn"">อัลลอฮฺ คือพระเจ้าผู้ถูกเคารพสักการะอย่างแท้จริง ด้วยความรัก ความหวังและความกลัว รวมถึงความหมายทั้งหมดของพระนามของอัลลอฮฺทั้งหลายอันสวยงามไพเราะและรวมถึงคุณลักษณะต่างๆทั้งหมดของอัลลอฮฺ ตะอาลา </span></p>",المعنى,"<p class=""ql-direction-rtl ql-align-right""><span class=""ql-font-vazirmatn""><span class=""ql-cursor"">﻿</span></span></p>"
2370,279,tha,ผู้ทรงกรุณาปราณี,المعنى المختصر,"<p class=""ql-direction-rtl ql-align-right"">ผู้ทรงกรุณาปราณี :ผู้ทรงกรุณาปราณีอันกว้างใหญ่ไพศาล ที่กว้างขวางในทุกๆสิ่ง</p>",المعنى,"<p class=""ql-direction-rtl ql-align-right""><span class=""ql-font-vazirmatn""><span class=""ql-cursor"">﻿</span></span></p>"
2371,280,tha,ผู้ทรงเมตตาเสมอ,المعنى المختصر,"<p class=""ql-direction-rtl ql-align-right"">ผู้ทรงเมตตาเสมอ : ผู้ที่มีความเมตตาอันยิ่งใหญ่ที่เกี่ยวข้องกับผู้ที่สมควรได้รับความเมตตาอย่างยิ่ง</p>",المعنى,"<p class=""ql-direction-rtl ql-align-right""><span class=""ql-font-vazirmatn""><span class=""ql-cursor"">﻿</span></span></p>"
2372,281,tha,ผู้ทรงอภิสิทธิ์,المعنى المختصر,"<p class=""ql-direction-rtl ql-align-right"">ผู้ทรงอภิสิทธิ์ : กล่าวถึงคุณสมบัติอันยิ่งใหญ่ การควบคุม และการบริหารจัดการ ผู้ครอบครองทุกสิ่งสรรพสิ่ง ปกครองอย่างทั่วถึงและไม่ต้องการความช่วยเหลือใดๆ</p>",المعنى,"<p class=""ql-direction-rtl ql-align-right""><span class=""ql-font-vazirmatn""><span class=""ql-cursor"">﻿</span></span></p>"
2373,282,tha,ผู้ทรงบริสุทธิ์ยิ่ง,المعنى المختصر,"<p class=""ql-direction-rtl ql-align-right"">ผู้ทรงบริสุทธิ์ยิ่ง : ผู้ยิ่งใหญ่ที่ปราศจากคุณลักษณะด้อยทั้งหมดหรือมีความคล้ายคลึงกับสิ่งๆหนึ่งจากสิ่งถูกสร้าง </p>",المعنى,"<p class=""ql-direction-rtl ql-align-right""><span class=""ql-font-vazirmatn""><span class=""ql-cursor"">﻿</span></span></p>"
2374,283,tha,ผู้ทรงสันติ (ศานติ),المعنى المختصر,"<p class=""ql-direction-rtl ql-align-right"">ผู้ทรงสันติ (ศานติ): ผู้ทรงบริสุทธิ์จากทุกๆข้อบกพร่อง ความเสื่อมเสียและสิ่งที่น่าละอาย</p>",المعنى,"<p class=""ql-direction-rtl ql-align-right""><span class=""ql-font-vazirmatn""><span class=""ql-cursor"">﻿</span></span></p>"
2375,284,tha,ผู้ทรงคุ้มครอง,المعنى المختصر,"<p class=""ql-direction-rtl ql-align-right"">ผู้ทรงครอบครอง : ผู้ทรงคุ้มครองสิ่งถูกสร้าง และเป็นผู้ตัดสินแก่พวกเขา ผู้บริหารจัดการพวกเขา ผู้ซึ่งมีความรู้ที่ล้อมรอบในทุกๆสิ่ง </p>",المعنى,"<p class=""ql-direction-rtl ql-align-right""><span class=""ql-font-vazirmatn""><span class=""ql-cursor"">﻿</span></span></p>"
2376,285,tha,ผู้ทรงเดชานุภาพ,المعنى المختصر,"<p class=""ql-direction-rtl ql-align-right""> ผู้ทรงเดชานุภาพ : ผู้ทรงมีอำนาจที่สมบูรณ์ที่ได้ควบคุมทุกสิ่งด้วยอำนาจ อิทธิพลและการยับยั้งของพระองค์ </p>",المعنى,"<p class=""ql-direction-rtl ql-align-right""><span class=""ql-font-vazirmatn""><span class=""ql-cursor"">﻿</span></span></p>"
2377,286,tha,ผู้ทรงอานุภาพ,المعنى المختصر,"<p class=""ql-direction-rtl ql-align-right"">ผู้ทรงอานุภาพ : ผู้ซึ่งสูงส่งต่อสิ่งสร้างของพระองค์ ผู้ควบคุมทุกสิ่ง ซึ่งทุกสิ่งนั้นเป็นอภิสิทธิ์ของพระองค์ และยอมจำนนต่อพระองค์ และผู้ซุึ่งบังคับผู้ที่มุ่งมั่นไปยังพระองค์ </p>",المعنى,"<p class=""ql-direction-rtl ql-align-right""><span class=""ql-font-vazirmatn""><span class=""ql-cursor"">﻿</span></span></p>"
2378,287,tha,ผู้ทรงเกรียงไกร,المعنى المختصر,"<p class=""ql-direction-rtl ql-align-right"">ผู้ทรงเกรียงไกร : ผู้ทรงสูงส่ง ผู้ทรงยิ่งใหญ่จากสิ่งที่ชั่วร้าย สิ่งที่บกพร่องและสิ่งที่น่าละอาย เพราะความสมบูรณ์และความยิ่งใหญ่ของพระองค์</p>",المعنى,"<p class=""ql-direction-rtl ql-align-right""><span class=""ql-font-vazirmatn""><span class=""ql-cursor"">﻿</span></span></p>"
2379,288,tha,ผู้ทรงสร้างสรรค์,المعنى المختصر,"<p class=""ql-direction-rtl ql-align-right"">ผู้ทรงสร้างสรรค์ : ผู้ทรงบังเกิดสิ่งต่างๆ และผู้ทรงสร้างสิ่งใหม่ๆ ที่ไม่เคยมีมาก่อน</p>",المعنى,"<p class=""ql-direction-rtl ql-align-right""><span class=""ql-font-vazirmatn""><span class=""ql-cursor"">﻿</span></span></p>"
2380,289,tha,,,,,
2381,290,tha,ผู้ทรงประทานอย่างล้นเหลือ,المعنى المختصر,"<p class=""ql-direction-rtl ql-align-right"">ผู้ทรงประทานอย่างล้นเหลือ : ผู้ทรงประทานอย่างกว้างขวาง ที่ห้อมล้อมสิ่งมีชีวิตต่างๆทุกชนิดด้วยความเอื้ออาทรและการดำรงอยู่ของพวกมัน</p>",المعنى,"<p class=""ql-direction-rtl ql-align-right""><span class=""ql-font-vazirmatn""><span class=""ql-cursor"">﻿</span></span></p>"
2382,291,tha,ผู้ทรงประทานปัจจัยยังชีพ,المعنى المختصر,"<p class=""ql-direction-rtl ql-align-right"">ผู้ทรงประทานปัจจัยยังชีพ : ผู้ทรงให้การสนับสนุนปัจจัยยังชีพของปวงบ่าว ซึ่งเป็นสิ่งค้ำจุนหัวใจและร่างกายของพวกเขา </p>",المعنى,"<p class=""ql-direction-rtl ql-align-right""><span class=""ql-font-vazirmatn""><span class=""ql-cursor"">﻿</span></span></p>"
2383,292,tha,"ผู้ทรงรอบรู้, สัพพัญญู",المعنى المختصر,"<p class=""ql-direction-rtl ql-align-right"">ผู้ทรงรอบรู้ : ความรู้ของพระองค์ครอบคลุมในทุกๆสิ่ง </p>",المعنى,"<p class=""ql-direction-rtl ql-align-right""><span class=""ql-font-vazirmatn""><span class=""ql-cursor"">﻿</span></span></p>"
2384,293,tha,ผู้ทรงได้ยิน,المعنى المختصر,"<p class=""ql-direction-rtl ql-align-right"">ผู้ทรงได้ยิน : ผู้ที่รับรู้สิ่งที่ได้ยินทั้งหมด โดยที่พระองค์ทรงได้ยินความลับและการซุบซิบนินทาไม่ว่าจะเสียงดังหรือเสียงเบา เปล่งเสียงพูดหรือการนิ่งเงียบ </p>",المعنى,"<p class=""ql-direction-rtl ql-align-right""><span class=""ql-font-vazirmatn""><span class=""ql-cursor"">﻿</span></span></p>"
2385,294,tha,ผู้ทรงอ่อนโยน,المعنى المختصر,"<p class=""ql-direction-rtl ql-align-right"">ผู้ทรงอ่อนโยน, ผู้ทรงละเอียดอ่อน: ผู้ซึ่งไม่มีสิ่งใดซ่อนเร้นแก่พระองค์ได้ แม้ว่าจะเล็กน้อยก็ตาม ผู้ทรงคุณธรรมต่อปวงบ่าวของพระองค์ที่มาพร้อมกับพวกเขาและทำให้พวกเขาประสบความสำเร็จในสิ่งที่เป็นประโยชน์แก่พวกเขา </p>",المعنى,"<p class=""ql-direction-rtl ql-align-right""><span class=""ql-font-vazirmatn""><span class=""ql-cursor"">﻿</span></span></p>"
2386,295,tha,ผู้ทรงตระหนักในทุกสิ่ง,المعنى المختصر,"<p class=""ql-direction-rtl ql-align-right"">ผู้ทรงตระหนักในทุกสิ่ง: ผู้ที่ทรงรอบรู้ถึงสิ่งที่เร้นลับต่างๆและสิ่งที่ถูกปกปิดไว้ และรอบรู้เช่นเดียวกันกับสิ่งที่ปรากฏชัด </p>",المعنى,"<p class=""ql-direction-rtl ql-align-right""><span class=""ql-font-vazirmatn""><span class=""ql-cursor"">﻿</span></span></p>"
2387,296,tha,ผู้ทรงขันติ,المعنى المختصر,"<p class=""ql-direction-rtl ql-align-right"">ผู้ทรงขันติ : ผู้ที่ไม่เร่งรีบซึ่งการลงโทษแก่บ่าวของพระองค์ต่อบาปต่างๆของพวกเขา</p>",المعنى,"<p class=""ql-direction-rtl ql-align-right""><span class=""ql-font-vazirmatn""><span class=""ql-cursor"">﻿</span></span></p>"
2388,297,tha,ผู้ทรงยิ่งใหญ่,المعنى المختصر,"<p class=""ql-direction-rtl ql-align-right"">ผู้ทรงยิ่งใหญ่ : เป็นการรวมเอาคุณสมบัติของความสมบูรณ์ทั้งหมด ความรุ่งโรจน์ และความยิ่งใหญ่ที่เป็นที่รักของหัวใจและเป็นที่ยกย่องของจิตวิญญาณ </p>",المعنى,"<p class=""ql-direction-rtl ql-align-right""><span class=""ql-font-vazirmatn""><span class=""ql-cursor"">﻿</span></span></p>"
2389,298,tha,ผู้ทรงอภัยโทษ,المعنى المختصر,"<p class=""ql-direction-rtl ql-align-right"">ผู้ทรงอภัยโทษ : พระองค์คือผู้ที่ทรงปกป้องบ่าวของพระองค์จากบาปที่ชั่วร้ายของพวกเขาและไม่ทรงลงโทษพวกเขาจากการทำบาปของพวกเขานั้น</p>",المعنى,"<p class=""ql-direction-rtl ql-align-right""><span class=""ql-font-vazirmatn""><span class=""ql-cursor"">﻿</span></span></p>"
2390,299,tha,ผู้ทรงประทานรางวัลตอบแทน,المعنى المختصر,"<p class=""ql-direction-rtl ql-align-right"">ผู้ทรงประทานรางวัลตอบแทน: ผู้ที่ทรงประทานรางวัลตอบแทนแก่การงานที่ถึงแม้จะเล็กน้อยด้วยผลบุญที่มากมายสองเท่าและพร้อมให้อภัยโทษต่อบาปที่มากมาย </p>",المعنى,"<p class=""ql-direction-rtl ql-align-right""><span class=""ql-font-vazirmatn""><span class=""ql-cursor"">﻿</span></span></p>"
2391,300,tha,ผู้ทรงยิ่งใหญ่,المعنى المختصر,"<p class=""ql-direction-rtl ql-align-right"">ผู้ทรงยิ่งใหญ่ : ผู้ทรงยิ่งใหญเหนือทุกสิ่งและไม่มีอะไรยิ่งใหญ่กว่าพระองค์ </p>",المعنى,"<p class=""ql-direction-rtl ql-align-right""><span class=""ql-font-vazirmatn""><span class=""ql-cursor"">﻿</span></span></p>"
2392,301,tha,"ผู้ทรงปกป้องดูแล, พิทักษ์, บริรักษ์",المعنى المختصر,"<p class=""ql-direction-rtl ql-align-right"">ผู้ทรงปกป้องดูแล : ผู้ทรงปกป้องรักษาสิ่งที่พระองค์ทรงสร้างและความรู้ของพระองค์ทรงครอบคลุมทุกสิ่งที่พระองค์ทรงบังเกิดขึ้นมา ทรงปกป้องรักษาบรรดาผู้ที่เป็นที่รักของพระองค์จากการตกอยู่ในการทำบาปและความพินาศต่างๆ และทรงรักษาถึงการงานและการตอบแทนของบ่าวของพระองค์ </p>",المعنى,"<p class=""ql-direction-rtl ql-align-right""><span class=""ql-font-vazirmatn""><span class=""ql-cursor"">﻿</span></span></p>"
2393,302,tha,"อัล-มุกีต(ผู้ทรงวางกฎเกณฑ์, ผู้ทรงมอบปัจจัยหลัก)",المعنى المختصر,"<p class=""ql-direction-rtl ql-align-right"">อัล-มุกีต(ผู้ทรงวางกฎเกณฑ์, ผู้ทรงมอบปัจจัยหลัก) : ผู้ซึ่งกำหนดปัจจัยต่างๆด้วยความรอบรู้ของพระองค์ไปยังพวกเขาด้วยความสามารถของพระองค์และแจกแจงระหว่างพวกเขา </p>",المعنى,"<p class=""ql-direction-rtl ql-align-right""><span class=""ql-font-vazirmatn""><span class=""ql-cursor"">﻿</span></span></p>"
2394,303,tha,ผู้ทรงเกียรติ,المعنى المختصر,"<p class=""ql-direction-rtl ql-align-right"">ผู้ทรงเกียรติ : ผู้ซึ่งมีความดีที่เหลือล้น ที่ยิ่งใหญ่และมีประโยชน์ </p>",المعنى,"<p class=""ql-direction-rtl ql-align-right""><span class=""ql-font-vazirmatn""><span class=""ql-cursor"">﻿</span></span></p>"
2395,304,tha,ผู้ทรงเฝ้าดูแล,المعنى المختصر,"<p class=""ql-direction-rtl ql-align-right"">ผู้ทรงเฝ้าดูแล : ผู้ที่ทรงรู้ทุกสิ่งทุกอย่าง ผู้ทรงป็นพยานถึงความลับและและสิ่งที่เร้นลับ ผู้ซึ่งรู้และเห็น ดังนั้นความลับและการกระซิบนั้นไม่สามารถซ่อนไปจากพระองค์ได้ </p>",المعنى,"<p class=""ql-direction-rtl ql-align-right""><span class=""ql-font-vazirmatn""><span class=""ql-cursor"">﻿</span></span></p>"
2396,305,tha,ผู้ทรงตอบสนองการขอพร,المعنى المختصر,"<p class=""ql-direction-rtl ql-align-right"">ผู้ทรงตอบสนองการขอพร: ผู้ซึ่งตอบรับคำขอของบรรดาผู้ขอความช่วยเหลือและคำวิงวอนของบรรดาผู้ที่วิงวอนขอ </p>",المعنى,"<p class=""ql-direction-rtl ql-align-right""><span class=""ql-font-vazirmatn""><span class=""ql-cursor"">﻿</span></span></p>"
2397,306,tha,ผู้ทรงไพศาล,المعنى المختصر,"<p class=""ql-direction-rtl ql-align-right"">ผู้ทรงไพศาล : ผู้ซึ่งมีคุณลักษณะทั้งหมดที่ครบถ้วนและการกำหนดที่สมบูรณ์ยิ่ง </p>",المعنى,"<p class=""ql-direction-rtl ql-align-right""><span class=""ql-font-vazirmatn""><span class=""ql-cursor"">﻿</span></span></p>"
2398,307,tha,ผู้ทรงปรีชาญาณ,المعنى المختصر,"<p class=""ql-direction-rtl ql-align-right"">ผู้ทรงปรีชาญาณ: กล่าวถึงวิทยปัญญาที่สมบูรณ์ในคำสั่งและบทบัญญัติของพระองค์และการตัดสินที่สมบูรณ์ระหว่างสิ่งถูกสร้างต่างๆของพระองค์ </p>",المعنى,"<p class=""ql-direction-rtl ql-align-right""><span class=""ql-font-vazirmatn""><span class=""ql-cursor"">﻿</span></span></p>"
2399,308,tha,ผู้ทรงรักใคร่,المعنى المختصر,"<p class=""ql-direction-rtl ql-align-right"">ผู้ทรงรักใคร่ : ผู้ที่ทรงอันเป็นที่รัก พระองค์คือผู้ที่ทรงรักบรรดานบีและบรรดาเราะซูลของพระองค์และบรรดาผู้ติดตามพวกเขาและพวกเขาก็รักพระองค์ </p>",المعنى,"<p class=""ql-direction-rtl ql-align-right""><span class=""ql-font-vazirmatn""><span class=""ql-cursor"">﻿</span></span></p>"
2400,309,tha,ผู้ทรงไพโรจน์,المعنى المختصر,"<p class=""ql-direction-rtl ql-align-right"">ผู้ทรงไพโรจน์ : ผู้ที่ทรงโดดเด่นด้วยคุณลักษณะที่มากมายที่ยิ่งใหญ่และกว้างขวางของคุณลักษณะที่สมบูรณ์แบบ </p>",المعنى,"<p class=""ql-direction-rtl ql-align-right""><span class=""ql-font-vazirmatn""><span class=""ql-cursor"">﻿</span></span></p>"
2401,310,tha,ผู้ทรงเป็นพยาน,المعنى المختصر,"<p class=""ql-direction-rtl ql-align-right"">ผู้ทรงเป็นพยาน: ผู้ที่ไม่มีสิ่งใดที่พลาดไปจากพระองค์ แต่พระองค์ทรงรู้ทุกสิ่ง ทรงเป็นพยานให้แก่เขาและทรงรอบรู้รายละเอียดของเขา</p>",المعنى,"<p class=""ql-direction-rtl ql-align-right""><span class=""ql-font-vazirmatn""><span class=""ql-cursor"">﻿</span></span></p>"
2402,311,tha,ผู้ทรงสัจจะ,المعنى المختصر,"<p class=""ql-direction-rtl ql-align-right"">ผู้ทรงสัจจะ : ผู้ที่ทรงยืนยันถึงการมีอยู่และการดำรงอยู่ของพระองค์ และชื่อต่างๆ คุณลักษณะต่างๆ การกระทำต่างๆ คำพิพากษาต่างๆและผลตอบแทนต่างๆของพระองค์นั้น ล้วนสมบูรณ์แบบและเป็นจริง โดยไม่มีสิ่งใดที่เป็นเท็จเลย </p>",المعنى,"<p class=""ql-direction-rtl ql-align-right""><span class=""ql-font-vazirmatn""><span class=""ql-cursor"">﻿</span></span></p>"
2403,312,tha,ผู้ทรงพลานุภาพ,المعنى المختصر,"<p class=""ql-direction-rtl ql-align-right"">ผู้ทรงพลานุภาพ: ผู้ทรงพลังที่สมบูรณ์ที่ไม่มีใครสามารถเอาชนะพระองค์ได้ และไม่สามารถห้ามการตัดสินของพระองค์ได้ </p>",المعنى,"<p class=""ql-direction-rtl ql-align-right""><span class=""ql-font-vazirmatn""><span class=""ql-cursor"">﻿</span></span></p>"
2404,313,tha,"อัล-มะตีน (ผู้ทรงแข็งแกร่ง, ผู้ทรงมั่นคง)",المعنى المختصر,"<p class=""ql-direction-rtl ql-align-right"">อัล-มะตีน (ผู้ทรงแข็งแกร่ง, ผู้ทรงมั่นคง) : ผู้ทรงพลังและมีความสามารถสูงสุด โดยที่พระองค์จะไม่มีวันประสบกับความอ่อนแอหรือความยากลำบาก</p>",المعنى,"<p class=""ql-direction-rtl ql-align-right""><span class=""ql-font-vazirmatn""><span class=""ql-cursor"">﻿</span></span></p>"
2405,314,tha,ผู้ทรงนิรันดร์,المعنى المختصر,"<p class=""ql-direction-rtl ql-align-right"">ผู้ทรงนิรันดร์ : สำหรับพระองค์คือความหมายทั้งหมดของการมีชีวิตที่สมบูรณ์ ที่ไม่มีใครมีชีวิตก่อนที่ไม่มีสิ่งใดๆ และไม่มีใครมีชีวิตหลังจากความพินาศ </p>",المعنى,"<p class=""ql-direction-rtl ql-align-right""><span class=""ql-font-vazirmatn""><span class=""ql-cursor"">﻿</span></span></p>"
2406,315,tha,ผู้ทรงอนันตกาล,المعنى المختصر,"<p class=""ql-direction-rtl ql-align-right"">ผู้ทรงอนันตกาล : พระองค์คือผู้ที่ทรงยืนด้วยตัวของพระองค์เอง และไม่ต้องการความช่วยเหลือจากผู้ใดเลย และทรงสร้างทุกอย่างโดยไม่มีผู้ใดสามารถทำแทนพระองค์ได้</p>",المعنى,"<p class=""ql-direction-rtl ql-align-right""><span class=""ql-font-vazirmatn""><span class=""ql-cursor"">﻿</span></span></p>"
2407,316,tha,"ผู้ทรงเป็นสรณะ, ผู้ทรงเป็นที่พึ่ง",المعنى المختصر,"<p class=""ql-direction-rtl ql-align-right"">ผู้ทรงเป็นสรณะ, ผู้ทรงเป็นที่พึ่ง : ผู้ทรงอภิสิทธิ์ที่สมบูรณ์และผู้ทรงเป็นผู้นำที่ยิ่งใหญ่ ซึ่งมีความหมายในทุกความต้องการ ทั้งด้วยกับความปรารถนาและความหวาดกลัว</p>",المعنى,"<p class=""ql-direction-rtl ql-align-right""><span class=""ql-font-vazirmatn""><span class=""ql-cursor"">﻿</span></span></p>"
2408,317,tha,"ผู้ทรงอำนาจ, ฤทธานุภาพ",المعنى المختصر,"<p class=""ql-direction-rtl ql-align-right"">ผู้ทรงอำนาจ : ผู้ที่ทรงมีอำนาจที่สมบูรณ์ครบถ้วน ที่ไม่มีสิ่งใดทำให้พระองค์หมดความสามารถไปได้ และสิ่งที่พระองค์ต้องการจะไม่พลาดพลั้งไปจากพระองค์ได้</p>",المعنى,"<p class=""ql-direction-rtl ql-align-right""><span class=""ql-font-vazirmatn""><span class=""ql-cursor"">﻿</span></span></p>"
2409,318,tha,ผู้ทรงสูงสุดยิ่งในทุกกรณี ไม่มีความเท็จย่างกรายพระองค์ได้,المعنى المختصر,"<p class=""ql-direction-rtl ql-align-right"">ผู้ทรงสูงส่ง : เป็นชื่อที่บ่งบอกถึงความสูงส่งอย่างแท้จริงของอัลลอฮฺในทุกๆ ด้านเช่น ความสูงส่งของตัวพระองค์เอง ความสูงส่งของความสามารถ และความสูงส่งของการควบคุมดูแล </p>",المعنى,"<p class=""ql-direction-rtl ql-align-right""><span class=""ql-font-vazirmatn""><span class=""ql-cursor"">﻿</span></span></p>"
2410,319,tha,ผู้ทรงนิรโทษโดยปรานี,المعنى المختصر,"<p class=""ql-direction-rtl ql-align-right"">ผู้ทรงนิรโทษโดยปรานี : พระองค์คือผู้ที่ทรงให้โอกาสบ่าวกลับเนื้อกับตัวและทรงตอบรับการกลับเนื้อกลับตัวนั้นด้วยพระองค์เอง </p>",المعنى,"<p class=""ql-direction-rtl ql-align-right""><span class=""ql-font-vazirmatn""><span class=""ql-cursor"">﻿</span></span></p>"
2411,320,tha,ผู้ทรงอภัย ทรงลบล้างความผิด,المعنى المختصر,"<p class=""ql-direction-rtl ql-align-right"">ผู้ทรงอภัย ทรงลบล้างความผิด : ผู้ที่ทรงลบล้างความผิดและไม่ถือโทษซึ่งความผิด </p>",المعنى,"<p class=""ql-direction-rtl ql-align-right""><span class=""ql-font-vazirmatn""><span class=""ql-cursor"">﻿</span></span></p>"
2412,321,tha,ผู้ทรงปรานีเอ็นดู,المعنى المختصر,"<p class=""ql-direction-rtl ql-align-right"">ผู้ทรงปรานีเอ็นดู : มีความเอ็นดูต่อบ่าวของพระองค์อย่างมากและมีความเมตตาต่อพวกเขา</p>",المعنى,"<p class=""ql-direction-rtl ql-align-right""><span class=""ql-font-vazirmatn""><span class=""ql-cursor"">﻿</span></span></p>"
2413,322,tha,"ผู้ทรงร่ำรวยอย่างล้นเหลือ, มหัทธนะ",المعنى المختصر,"<p class=""ql-direction-rtl ql-align-right"">ผู้ทรงร่ำรวยอย่างล้นเหลือ : ทุกสิ่งนอกจากพระองค์แล้วล้วนต้องการความช่วยเหลือจากพระองค์ แต่พระองค์ไม่ต้องการความช่วยเหลือจากใคร </p>",المعنى,"<p class=""ql-direction-rtl ql-align-right""><span class=""ql-font-vazirmatn""><span class=""ql-cursor"">﻿</span></span></p>"
2414,323,tha,ผู้ทรงนำทาง,المعنى المختصر,"<p class=""ql-direction-rtl ql-align-right"">ผู้ทรงนำทาง : ผู้ทรงชี้นำปวงบ่าวของพระองค์ไปยังสิ่งที่เกิดประโยชน์ทั้งหมดและยับยั้งสิ่งที่เป็นอันตราย และพระองค์ทรงตอบรับคนที่พระองค์ทรงประสงค์จากพวกเขาไปสู่แนวทางที่ถูกต้อง </p>",المعنى,"<p class=""ql-direction-rtl ql-align-right""><span class=""ql-font-vazirmatn""><span class=""ql-cursor"">﻿</span></span></p>"
2415,324,tha,ผู้ทรงอยู่ใกล้,المعنى المختصر,"<p class=""ql-direction-rtl ql-align-right"">ผู้ทรงใกล้ชิด : ทรงใกล้ชิดกับคนที่เชื่อฟังพระองค์ด้วยผลตอบแทนและคนที่ร้องขอต่อพระองค์ด้วยการตอบรับและปวงบ่าวคนอื่นๆ ของพระองค์ด้วยความรู้ โดยที่พระองค์ไม่ได้สนถึงความสูงส่งของพระองค์เลย </p>",المعنى,"<p class=""ql-direction-rtl ql-align-right""><span class=""ql-font-vazirmatn""><span class=""ql-cursor"">﻿</span></span></p>"
2416,325,tha,ผู้ทรงให้ความโปรดปราน,المعنى المختصر,"<p class=""ql-direction-rtl ql-align-right"">ผู้ทรงให้ความโปรดปราน : ผู้ทรงโปรดปรานผู้ทรงประทานของขวัญที่ยิ่งใหญ่ซึ่งให้มาด้วยความโปรดปรานก่อนที่จะมีการร้องขอ </p>",المعنى,"<p class=""ql-direction-rtl ql-align-right""><span class=""ql-font-vazirmatn""><span class=""ql-cursor"">﻿</span></span></p>"
2417,326,tha,ผู้ทรงรักษาโรค,المعنى المختصر,"<p class=""ql-direction-rtl ql-align-right"">ผู้ทรงรักษาโรค: ผู้ซึ่งรักษาปวงบ่าวจากการเจ็บป่วยของร่างกาย การคลุมเครือของหัวใจและความปรารถนาของอารมภ์ใฝ่ต่ำ </p>",المعنى,"<p class=""ql-direction-rtl ql-align-right""><span class=""ql-font-vazirmatn""><span class=""ql-cursor"">﻿</span></span></p>"
2418,327,tha,พระผู้อภิบาล,المعنى المختصر,"<p class=""ql-direction-rtl ql-align-right"">พระผู้อภิบาล : พระองค์คือผู้นำสูงสุดเป็นผู้ทรงอภิสิทธิ์ ผู้ทรงปฏิรูปคนอื่นๆนอกจากพระองค์และเป็นผู้ทรงดูแลปวงบ่าวของพระองค์ทั้งหมดด้วยการจัดการดูแลและประเภทต่างๆของความโปรดปราน </p>",المعنى,"<p class=""ql-direction-rtl ql-align-right""><span class=""ql-font-vazirmatn""><span class=""ql-cursor"">﻿</span></span></p>"
2419,328,tha,ผู้ทรงประทาน,المعنى المختصر,"<p class=""ql-direction-rtl ql-align-right"">ผู้ทรงประทาน: พระองค์เป็นผู้ทรงประทานที่แท้จริงเพียงผู้เดียว สิ่งที่พระองค์ทรงประทานนั้นไม่มีผู้ใดสามารถกีดกันขัดขวางมันได้ และสิ่งใดที่พระองค์มิได้ทรงประทานให้ ก็ไม่มีผู้ใดที่จะสามารถหามาให้ได้อย่างแน่นอน </p>",المعنى,"<p class=""ql-direction-rtl ql-align-right""><span class=""ql-font-vazirmatn""><span class=""ql-cursor"">﻿</span></span></p>"
2420,329,tha,ผู้ทรงเอกะ,المعنى المختصر,"<p class=""ql-direction-rtl ql-align-right"">ผู้ทรงเอกะ : ผู้ซึ่งเป็นเอกภาพของความสมบูรณ์แบบทั้งหมดทั้งในด้านรุบูบียะฮฺ(การให้เอกภาพต่ออัลลอฮฺในด้านการเป็นพระเจ้า)อุลูฮียะฮฺ(การให้เอกภาพต่ออัลลอฮฺในด้านการเคารพภักดี) และอัสมาอฺวัซซิฟาตของพระองค์(พระนามที่สวยงามและคุณลักษณะต่างๆของพระองค์)โดยที่ไม่มีผู้ใดเทียบเคียงและมีส่วนร่วมกับพระองค์ได้</p>",المعنى,"<p class=""ql-direction-rtl ql-align-right""><span class=""ql-font-vazirmatn""><span class=""ql-cursor"">﻿</span></span></p>"
2421,330,tha,ผู้ทรงประสาทความปลอดภัย,المعنى المختصر,"<p class=""ql-direction-rtl ql-align-right"">ผู้ทรงให้ความปลอดภัย, ผู้ทรงให้ความเชื่อมั่น, ผู้ทรงทำให้หัวใจสงบสุข: ผู้ทรงให้ความเชื่อมั่น ผู้ที่เชื่อในบรรดาศาสดาของพระองค์ด้วยหลักฐานและมัวะอฺญิซาต(ปฏิหาริย์)ที่ทรงประทานให้แก่พวกเขาและผู้ที่เชื่อว่าจากความอธรรมนั้นเพื่อคืนความยุติธรรมของเขา </p>",المعنى,"<p class=""ql-direction-rtl ql-align-right""><span class=""ql-font-vazirmatn""><span class=""ql-cursor"">﻿</span></span></p>"
2422,331,tha,ผู้ทรงให้บังเกิดอย่างครบครัน,المعنى المختصر,"<p class=""ql-direction-rtl ql-align-right"">ผู้ทรงให้บังเกิดอย่างครบครัน : ผู้ทรงสร้างที่ทรงสร้างสิ่งที่มีทุกอย่างให้เป็นรูปเป็นร่างและบังเกิดสิ่งนั้นขึ้นมาหลังจากที่ไม่เคยมี </p>",المعنى,"<p class=""ql-direction-rtl ql-align-right""><span class=""ql-font-vazirmatn""><span class=""ql-cursor"">﻿</span></span></p>"
2423,332,tha,ผู้ทรงรังสรรค์รูปพรรณสันฐาน,المعنى المختصر,"<p class=""ql-direction-rtl ql-align-right"">ผู้ทรงรังสรรค์รูปพรรณสัณฐาน : ผู้ที่ทรงบังเกิดสิ่งสร้างของพระองค์ในรูปทรงที่แตกต่างกันและมีรูปร่างที่ชัดเจน ซึ่งบ่งบอกถึงความรู้และวิทยปัญญาที่สมบูรณ์ของพระองค์</p>",المعنى,"<p class=""ql-direction-rtl ql-align-right""><span class=""ql-font-vazirmatn""><span class=""ql-cursor"">﻿</span></span></p>"
2424,333,tha,,,,,
2425,334,tha,ผู้ทรงพิพากษา,المعنى المختصر,"<p class=""ql-direction-rtl ql-align-right"">ผู้ทรงพิพากษา : ผู้ที่ทรงชี้ขาดระหว่างปวงบ่าวของพระองค์ด้วยบทบัญญัติทางศาสนาและทรงตัดสินพวกเขาด้วยบทบัญญัติ อัลเกาะดะริยะฮฺ (ความสามารถในการกระทำ) และทรงสอบสวนพวกเขาด้วยบทบัญญัติ อัล-ญะซาอียะฮฺ (การตอบแทน)</p>",المعنى,"<p class=""ql-direction-rtl ql-align-right""><span class=""ql-font-vazirmatn""><span class=""ql-cursor"">﻿</span></span></p>"
2426,335,tha,,,,,
2427,336,tha,,,,,
2428,337,tha,,,,,
2429,338,tha,"อัร-รอฟิอฺ(ผู้ทรงยกย่อง, สรรเสริญ)",المعنى المختصر,"<p class=""ql-direction-rtl ql-align-right"">อัร-รอฟิอฺ(ผู้ทรงยกย่อง, สรรเสริญ) : ผู้ทรงยกย่องคนที่พระองค์ทรงประสงค์ตามที่พระองค์ทรงประสงค์ เช่นเดียวกับการยกย่องคนรักของพระองค์ในดุนยา(โลกนี้)และอาคิเราะฮฺ(ปรโลก) </p>",المعنى,"<p class=""ql-direction-rtl ql-align-right""><span class=""ql-font-vazirmatn""><span class=""ql-cursor"">﻿</span></span></p>"
2432,341,tha,ผู้ทรงเห็น,المعنى المختصر,"<p class=""ql-direction-rtl ql-align-right"">ผู้ทรงเห็น: ผู้ซึ่งล้อมรอบการมองเห็นของพระองค์กับทุกๆสิ่งถึงแม้ว่าสิ่งนั้นจะมีขนาดเล็กมากก็ตาม ผู้ทรงเห็นสิ่งต่างๆ ผู้ทรงเชี่ยวชาญและรอบรู้ถึงสิ่งที่เร้นลับ </p>",المعنى,"<p class=""ql-direction-rtl ql-align-right""><span class=""ql-font-vazirmatn""><span class=""ql-cursor"">﻿</span></span></p>"
2433,342,tha,ผู้ทรงชี้ขาด,المعنى المختصر,"<p class=""ql-direction-rtl ql-align-right"">ผู้ทรงชี้ขาด: การตัดสินต่อทุกๆสิ่งนั้นเป็นของพระองค์ ซึ่งพระองค์จะทรงตัดสินตามที่พระองค์ทรงประสงค์ และตัดสินระหว่างปวงบ่าวของพระองค์ด้วยความจริงและความยุติธรรม </p>",المعنى,"<p class=""ql-direction-rtl ql-align-right""><span class=""ql-font-vazirmatn""><span class=""ql-cursor"">﻿</span></span></p>"
2435,344,tha,ผู้ทรงสูงสุด,المعنى المختصر,"<p class=""ql-direction-rtl ql-align-right"">ผู้ทรงสูงส่ง: ผู้ที่มีความสูงส่งอย่างแท้จริงในทุกๆ ด้าน เช่น ความสูงส่งของความสามารถ ความสูงส่งของการควบคุมดูแล และความสูงส่งของตัวพระองค์เอง </p>",المعنى,"<p class=""ql-direction-rtl ql-align-right""><span class=""ql-font-vazirmatn""><span class=""ql-cursor"">﻿</span></span></p>"
2436,345,tha,"อัล-ฮะซีบ(ผู้ทรงสอบสวน, ผู้ทรงชำระบัญชี)",المعنى المختصر,"<p class=""ql-direction-rtl ql-align-right"">อัล-ฮะซีบ(ผู้ทรงสอบสวน, ผู้ทรงชำระบัญชี) : พระองค์ทรงเพียงพอแก่ปวงบ่าวผู้ศรัทธาของพระองค์ที่มอบหมายต่อพระองค์ ทรงรอบรู้ถึงการกระทำของปวงบ่าวของพระองค์ ทรงสอบสวนการกระทำของพวกเขา </p>",المعنى,"<p class=""ql-direction-rtl ql-align-right""><span class=""ql-font-vazirmatn""><span class=""ql-cursor"">﻿</span></span></p>"
2439,348,tha,ผู้ทรงอภิรักษ์,المعنى المختصر,"<p class=""ql-direction-rtl ql-align-right"">ผู้ทรงอภิรักษ์ : ผู้ทรงอุปการะดูแลปัจจัยยังชีพต่อสิ่งที่พระองค์ทรงสร้างและทรงรับผิดชอบพวกเขาเพื่อผลประโยชน์ของพวกเขา และผู้ซึ่งปกครองบรรดาคนรักของพระองค์ โดยจะทำให้เป็นการง่ายดายแก่พวกเขาซึ่งสิ่งที่ง่ายดายและให้พวกเขาห่างไกลจากสิ่งที่ยากลำบาก และให้การงานที่เพียงพอสำหรับพวกเขา</p>",المعنى,"<p class=""ql-direction-rtl ql-align-right""><span class=""ql-font-vazirmatn""><span class=""ql-cursor"">﻿</span></span></p>"
2440,349,tha,"อัล-วะลีย์(ผู้ปกครอง, ผู้ทรงดูแล, ผู้ทรงให้การช่วยเหลือ, ผู้ทรงเป็นที่รัก)",المعنى المختصر,"<p class=""ql-direction-rtl ql-align-right"">อัล-วะลีย์(ผู้ปกครอง, ผู้ทรงดูแล, ผู้ทรงให้การช่วยเหลือ, ผู้ทรงเป็นที่รัก) : ผู้ทรงให้การช่วยเหลือแก่ปวงบ่าวผู้ศรัทธาของพระองค์และเป็นผู้รับผิดชอบเรื่องต่างๆของสิ่งที่พระองค์สร้างทั้งหมด </p>",المعنى,"<p class=""ql-direction-rtl ql-align-right""><span class=""ql-font-vazirmatn""><span class=""ql-cursor"">﻿</span></span></p>"
2441,350,tha,ผู้ทรงได้รับการสรรเสริญ,المعنى المختصر,"<p class=""ql-direction-rtl ql-align-right"">ผู้ทรงได้รับการสรรเสริญ : เป็นชื่อที่บ่งบอกถึงการสรรเสริญทั้งหมดและความสมบูรณ์แบบต่างๆนั้นสำหรับอัลลอฮฺ ตะอาลา เป็นผู้ที่สมควรได้รับการสรรเสริญสำหรับความสมบูรณ์แบบของพระองค์ต่อซาต(ตัว) บรรดาพระนาม คุณลักษณะและการกระทำของพระองค์</p>",المعنى,"<p class=""ql-direction-rtl ql-align-right""><span class=""ql-font-vazirmatn""><span class=""ql-cursor"">﻿</span></span></p>"
2449,358,tha,ทรงเป็นองค์เดียวของพระเจ้าที่แท้จริง,المعنى المختصر,"<p class=""ql-direction-rtl ql-align-right"">ทรงเป็นองค์เดียวของพระเจ้าที่แท้จริง : ผู้ทรงมีเอกลักษณ์เฉพาะพระองค์ซึ่งความสมบูรณ์แบบทั้งหมดในตัวของพระองค์และการกระทำของพระองค์ ดังนั้นไม่มีสิ่งใดที่จะเทียบเคียงหรือมีส่วนร่วมกับพระองค์ได้ </p>",المعنى,"<p class=""ql-direction-rtl ql-align-right""><span class=""ql-font-vazirmatn""><span class=""ql-cursor"">﻿</span></span></p>"
2450,359,tha,ผู้ทรงอานุภาพและอำนาจ(ศักดานุภาพ),المعنى المختصر,"<p class=""ql-direction-rtl ql-align-right"">ผู้ทรงอานุภาพและอำนาจ(ศักดานุภาพ) : ผู้ทรงอำนาจอย่างครบถ้วนสมบูรณ์ที่ไม่มีสิ่งใดสามารถขัดขวางพระองค์ได้</p>",المعنى,"<p class=""ql-direction-rtl ql-align-right""><span class=""ql-font-vazirmatn""><span class=""ql-cursor"">﻿</span></span></p>"
2451,360,tha,ผู้ทรงกำหนดก่อน,المعنى المختصر,"<p class=""ql-direction-rtl ql-align-right"">อัล-มุก็อดดิม(ผู้ทรงกำหนดก่อน) : ผู้ทรงประทานสิ่งต่างๆลงมาอยู่ในที่ที่สมควร ทรงกำหนดก่อนและหลังตามที่พระองค์ทรงประสงค์ </p>",المعنى,"<p class=""ql-direction-rtl ql-align-right""><span class=""ql-font-vazirmatn""><span class=""ql-cursor"">﻿</span></span></p>"
2452,361,tha,ผู้ทรงกำหนดหลัง,المعنى المختصر,"<p class=""ql-direction-rtl ql-align-right"">ผู้ทรงกำหนดหลัง : ผู้ทรงให้สิ่งต่างๆล่าช้า ซึ่งสิ่งที่สมควรได้รับความล่าช้าและวางสิ่งเหล่านั้นไว้ในสถานที่ของมัน </p>",المعنى,"<p class=""ql-direction-rtl ql-align-right""><span class=""ql-font-vazirmatn""><span class=""ql-cursor"">﻿</span></span></p>"
2453,362,tha,ผู้ทรงเป็นองค์แรก,المعنى المختصر,"<p class=""ql-direction-rtl ql-align-right"">ผู้ทรงเป็นองค์แรก : ผู้ซึ่งที่ไม่มีสิ่งใดอยู่ก่อนพระองค์ </p>",المعنى,"<p class=""ql-direction-rtl ql-align-right""><span class=""ql-font-vazirmatn""><span class=""ql-cursor"">﻿</span></span></p>"
2454,363,tha,ผู้ทรงเป็นองค์สุดท้าย,المعنى المختصر,"<p class=""ql-direction-rtl ql-align-right"">ผู้ทรงเป็นองค์สุดท้าย : ผู้ซึ่งที่ไม่มีสิ่งใดอยู่ต่อหลังจากพระองค์ </p>",المعنى,"<p class=""ql-direction-rtl ql-align-right""><span class=""ql-font-vazirmatn""><span class=""ql-cursor"">﻿</span></span></p>"
2455,364,tha,ผู้ทรงประจักษ์,المعنى المختصر,"<p class=""ql-direction-rtl ql-align-right"">ผู้ทรงประจักษ์ : ผู้ซึ่งไม่มีสิ่งใดที่อยู่เหนือพระองค์ </p>",المعنى,"<p class=""ql-direction-rtl ql-align-right""><span class=""ql-font-vazirmatn""><span class=""ql-cursor"">﻿</span></span></p>"
2456,365,tha,ผู้ทรงเร้นลับ พ้นญาณวิสัย,المعنى المختصر,"<p class=""ql-direction-rtl ql-align-right"">ผู้ทรงเร้นลับ : ผู้ซึ่งไม่มีสิ่งใดสามารถรับรู้ได้นอกจากพระองค์ </p>",المعنى,"<p class=""ql-direction-rtl ql-align-right""><span class=""ql-font-vazirmatn""><span class=""ql-cursor"">﻿</span></span></p>"
2458,367,tha,"ผู้ทรงอ่อนโยน, อ่อนน้อม",المعنى المختصر,"<p class=""ql-direction-rtl ql-align-right"">ผู้ทรงอ่อนโยน, อ่อนน้อม : ผู้ทรงเอื้อเฟื้อเผื่อแผ่ที่ทรงโปรดปรานแก่บ่าวของพระองค์ด้วยความโปรดปรานที่หลากหลาย </p>",المعنى,"<p class=""ql-direction-rtl ql-align-right""><span class=""ql-font-vazirmatn""><span class=""ql-cursor"">﻿</span></span></p>"
2460,369,tha,,,,,
2461,370,tha,ผู้ทรงเกียรติยศ,المعنى المختصر,"<p class=""ql-direction-rtl ql-align-right"">ผู้ทรงเกียรติยศ : ผู้ทรงยิ่งใหญ่เกรียงไกร มีเมตตาและเอื้ออาทร เป็นผู้ที่สมควรที่จะได้รับการยกย่องและการสรรเสริญ </p>",المعنى,"<p class=""ql-direction-rtl ql-align-right""><span class=""ql-font-vazirmatn""><span class=""ql-cursor"">﻿</span> </span></p>"
2471,380,tha,ผู้ทรงการุญ,المعنى المختصر,"<p class=""ql-direction-rtl ql-align-right"">ผู้ทรงการุญ : ผู้ที่ยังคงอยู่หลังจากสิ่งที่ถูกสร้างได้พินาศลง ผู้ซึ่งรับทายาทบนแผ่นดิน และสิ่งที่อยู่บนแผ่นดิน </p>",المعنى,"<p class=""ql-direction-rtl ql-align-right""><span class=""ql-font-vazirmatn""><span class=""ql-cursor"">﻿</span></span></p>"
2474,383,tha,ผู้ทรงสวยงาม,المعنى المختصر,"<p class=""ql-direction-rtl ql-align-right"">ผู้ทรงสวยงาม : ผู้ซึ่งมีความงามอย่างสมบูรณ์ในตัวของพระองค์ ในพระนามต่างๆ คุณลักษณะต่างๆ และการกระทำต่างๆของพระองค์ </p>",المعنى,"<p class=""ql-direction-rtl ql-align-right""><span class=""ql-font-vazirmatn""><span class=""ql-cursor"">﻿</span></span></p>"
2475,384,tha,ผู้ทรงชนะ,المعنى المختصر,"<p class=""ql-direction-rtl ql-align-right"">ผู้ทรงชนะ : ผู้ซึ่งสิ่งมีชีวิตและสิ่งถูกสร้างทั้งหมดต้องนอบน้อมและเชิดชูพระองค์ และยอมรับในความสามารถและความประสงค์ของพระองค์ </p>",المعنى,"<p class=""ql-direction-rtl ql-align-right""><span class=""ql-font-vazirmatn""><span class=""ql-cursor"">﻿</span></span></p>"
2476,385,tha,ผู้ทรงเปิดเผย,المعنى المختصر,"<p class=""ql-direction-rtl ql-align-right"">ผู้ทรงเปิดเผย : แสดงให้เห็นถึงคำสั่งของพระองค์ต่อการเป็นเอกภาพ ว่าไม่มีหุ้นส่วนใดๆต่อพระองค์ และเป็นผู้ที่แสดงถึงความสัจจริงต่อบ่าวของพระองค์</p>",المعنى,"<p class=""ql-direction-rtl ql-align-right""><span class=""ql-font-vazirmatn""><span class=""ql-cursor"">﻿</span></span></p>"
2477,386,tha,ผู้ทรงเพียงพอแก่บ่าว,المعنى المختصر,"<p class=""ql-direction-rtl ql-align-right"">ผู้ทรงเพียงพอแก่บ่าว : พระองค์ทรงเป็นผู้เพียงพอแก่ปวงบ่าวของพระองค์ในทุกๆสิ่งที่พวกเขาต้องการ โดยความช่วยเหลือของพระองค์นั้นทรงเพียงพอแล้ว จากคนอื่นๆนอกจากพระองค์ และทรงเพียงพอกว่าใครๆ </p>",المعنى,"<p class=""ql-direction-rtl ql-align-right""><span class=""ql-font-vazirmatn""><span class=""ql-cursor"">﻿</span></span></p>"
2478,387,tha,ผู้ทรงมีหนึ่งเดียว,المعنى المختصر,"<p class=""ql-direction-rtl ql-align-right"">ผู้ทรงมีหนึ่งเดียว คือผู้ทรงมีหนึ่งเดียวที่ไม่มีหุ้นส่วนใดๆ หรือคล้ายคลึงพระองค์</p>",المعنى,"<p class=""ql-direction-rtl ql-align-right""><span class=""ql-font-vazirmatn""><span class=""ql-cursor"">﻿</span></span></p>"
2479,388,tha,ผู้ทรงมีน้ำใจ,المعنى المختصر,"<p class=""ql-direction-rtl ql-align-right"">ผู้ทรงมีน้ำใจ : ความโปรดปรานของพระอค์ที่มีมากมายครอบคลุมสิ่งมีชีวิตทั้งหมด </p>",المعنى,"<p class=""ql-direction-rtl ql-align-right""><span class=""ql-font-vazirmatn""><span class=""ql-cursor"">﻿</span></span></p>"
2480,389,tha,"อัล-เราะฟีก(ผู้ทรงประณีตบรรจง, ผู้ทรงสุภาพอ่อนโยน, พระสหาย)",المعنى المختصر,"<p class=""ql-direction-rtl ql-align-right"">อัล-เราะฟีก(ผู้ทรงประณีตบรรจง, ผู้ทรงสุภาพอ่อนโยน, พระสหาย): ผู้ทรงใส่ใจในเรื่องต่างๆ ผู้ทรงเป็นขั้นเป็นตอนไม่เร่งรีบที่จะลงโทษคนฝ่าฝืนทั้งหลาย </p>",المعنى,"<p class=""ql-direction-rtl ql-align-right""><span class=""ql-font-vazirmatn""><span class=""ql-cursor"">﻿</span></span></p>"
2481,390,tha,ผู้ทรงเป็นผู้นำสูงสุด,المعنى المختصر,"<p class=""ql-direction-rtl ql-align-right"">ผู้ทรงเป็นผู้นำสูงสุด : ผู้ทรงเป็นพระเจ้า ผู้ทรงอภิสิทธิ์ ผู้ทรงเป็นผู้นำที่สัจจริง ซึ่งสิ่งมีชีวิตจะกลับไปยังพระองค์ทั้งเรื่องของดุนยา(โลกนี้)และเรื่องของอาคิเราะฮฺ(ปรโลก) </p>",المعنى,"<p class=""ql-direction-rtl ql-align-right""><span class=""ql-font-vazirmatn""><span class=""ql-cursor"">﻿</span></span></p>"
2482,391,tha,ผู้ทรงบริสุทธิ์ยิ่ง,المعنى المختصر,"<p class=""ql-direction-rtl ql-align-right"">ผู้ทรงบริสุทธิ์ยิ่ง : ผู้ที่ปราศจากความไม่สมบูรณ์หรือสิ่งที่น่าละอาย ผู้ซึ่งได้รับการชำระให้สะอาดบริสุทธิ์จากทุกสิ่งที่อยู่บนชั้นฟ้าทั้งหลายและแผ่นดิน </p>",المعنى,"<p class=""ql-direction-rtl ql-align-right""><span class=""ql-font-vazirmatn""><span class=""ql-cursor"">﻿</span></span></p>"
2483,392,tha,ผู้ทรงขอบใจ,المعنى المختصر,"<p class=""ql-direction-rtl ql-align-right"">ผู้ทรงขอบใจ : ผู้ทรงยกย่องคนที่เชื่อฟังพระองค์ คนที่สรรเสริญพระองค์ และผู้ทรงตอบแทนเขาต่อการเชื่อฟังของเขาเหนือสิ่งที่เขาสมควรได้รับ </p>",المعنى,"<p class=""ql-direction-rtl ql-align-right""><span class=""ql-font-vazirmatn""><span class=""ql-cursor"">﻿</span></span></p>"
2484,393,tha,ผู้ทรงดียิ่ง,المعنى المختصر,"<p class=""ql-direction-rtl ql-align-right"">ผู้ทรงดียิ่ง : หมายความว่า พระองค์นั้นทรงสะอาดบริสุทธิ์จากความไม่สมบูรณ์และสิ่งที่น่าละอายทั้งหมด </p>",المعنى,"<p class=""ql-direction-rtl ql-align-right""><span class=""ql-font-vazirmatn""><span class=""ql-cursor"">﻿</span></span></p>"
2485,394,tha,ผู้ทรงสูงสุดยิ่ง,المعنى المختصر,"<p class=""ql-direction-rtl ql-align-right"">ผู้ทรงสูงสุดยิ่ง : เป็นชื่อที่แสดงถึงความหมายของความสูงส่งทั้งหมดสำหรับอัลลอฮฺนั้นในทุกๆด้าน ความสูงส่งของตัวเอง ความสูงส่งของพลังอำนาจและความสูงส่งของการจัดการควบคุม</p>",المعنى,"<p class=""ql-direction-rtl ql-align-right""><span class=""ql-font-vazirmatn""><span class=""ql-cursor"">﻿</span></span></p>"
2486,395,tha,ผู้ทรงเดชานุภาพ,المعنى المختصر,"<p class=""ql-direction-rtl ql-align-right"">ผู้ทรงเดชานุภาพ : พระองค์เป็นผู้ทรงมีความสามารถอย่างสมบูรณ์ ซึ่งไม่มีข้อบกพร่อง ความอ่อนแอและการไร้ความสามารถใดๆแก่พระองค์เลย</p>",المعنى,"<p class=""ql-direction-rtl ql-align-right""><span class=""ql-font-vazirmatn""><span class=""ql-cursor"">﻿</span></span></p>"
2487,396,tha,ผู้ทรงห้อมล้อม,المعنى المختصر,"<p class=""ql-direction-rtl ql-align-right"">ผู้ทรงห้อมล้อม : เป็นชื่อที่แสดงถึงความสูงส่งของอัลลอฮฺต่อสิ่งสร้างของพระองค์ และทรงห้อมล้อมทุกสิ่งทุกอย่างไว้ด้วยความรอบรู้ ความสามารถ และการควบคุมของพระองค์ </p>",المعنى,"<p class=""ql-direction-rtl ql-align-right""><span class=""ql-font-vazirmatn""><span class=""ql-cursor"">﻿</span></span></p>"
2488,397,tha,"อัล-อักร็อม(ผู้ทรงเกียรติยิ่ง, ผู้ทรงเกื้อกูลที่สุด)",المعنى المختصر,"<p class=""ql-direction-rtl ql-align-right"">อัล-อักร็อม(ผู้ทรงเกียรติยิ่ง, ผู้ทรงเกื้อกูลที่สุด) : ความดีและการให้ที่มากมายซึ่งความดีทั้งหมดนั้นอยู่ในพระหัตถ์ของพระองค์และทุกๆความดีนั้นมาจากพระองค์ </p>",المعنى,"<p class=""ql-direction-rtl ql-align-right""><span class=""ql-font-vazirmatn""><span class=""ql-cursor"">﻿</span></span></p>"
2489,398,tha,ผู้ทรงเป็นพระเจ้า,المعنى المختصر,"<p class=""ql-direction-rtl ql-align-right"">ผู้ทรงเป็นพระเจ้า : ผู้ที่ครอบคลุมถึงคุณสมบัติของความสมบูรณ์ทั้งหมดและคุณลักษณะที่ยิ่งใหญ่ ที่ไม่มีใครคู่ควรที่จะถูกเคารพสักการะนอกจากพระองค์เพียงองค์เดียว</p>",المعنى,"<p class=""ql-direction-rtl ql-align-right""><span class=""ql-font-vazirmatn""><span class=""ql-cursor"">﻿</span></span></p>"
2490,399,tha,ทรงเป็นผู้ช่วยเหลือ,المعنى المختصر,"<p class=""ql-direction-rtl ql-align-right"">ทรงเป็นผู้ช่วยเหลือ : พระองค์คือผู้สนับสนุนบ่าวผู้ศรัทธาทั้งหลายของพระองค์ และทรงช่วยเหลือพวกเขา </p>",المعنى,"<p class=""ql-direction-rtl ql-align-right""><span class=""ql-font-vazirmatn""><span class=""ql-cursor"">﻿</span></span></p>"
2491,400,tha,ผู้ทรงคุ้มครอง,المعنى المختصر,"<p class=""ql-direction-rtl ql-align-right"">ผู้ทรงคุ้มครอง : ผู้ทรงคุ้มครองสิ่งสร้างทั้งหมด ซึ่งมีหมายความว่า พระองค์ทรงเป็นผู้นำ ผู้ทรงอภิสิทธิ์ ผู้ทรงสร้างพวกเขา และเป็นผู้ที่ได้รับการเคารพภักดีที่ถูกต้องจากพวกเขา และเป็นผู้นำของบ่าวผู้ศรัทธาทั้งหลายของพระองค์ พระองค์ทรงรัก ทรงตอบรับ และทรงช่วยเหลือพวกเขาและเอื้อประโยชน์ให้กับพวกเขา และให้ความง่ายดายต่อสิ่งที่เกิดประโยชน์แก่พวกเขาในทั้งในโลกนี้และโลกหน้า </p>",المعنى,"<p class=""ql-direction-rtl ql-align-right""><span class=""ql-font-vazirmatn""><span class=""ql-cursor"">﻿</span></span></p>"
2492,401,tha,ผู้ทรงมีความละอาย,المعنى المختصر,"<p class=""ql-direction-rtl ql-align-right"">ผู้ทรงมีความละอาย: คือผู้ทรงมีความละอายยิ่งนัก มันคือคุณลักษณะที่เหมาะสมกับพระองค์ ซึ่งมิได้เหมือนกับความละอายของบรรดาสิ่งถูกสร้าง แต่เป็นการทิ้งบางสิ่งบางอย่างที่ไม่สอดคล้องกับความเมตตาที่กว้างขวางของพระองค์ ความเอื้ออาทรที่เปี่ยมล้นและการให้อภัยและการขันติของพระองค์ </p>",المعنى,"<p class=""ql-direction-rtl ql-align-right""><span class=""ql-font-vazirmatn""><span class=""ql-cursor"">﻿</span></span></p>"
2493,402,tha,"อัล-มุหฺซิน(ผู้มีศีลธรรม, ผู้ทรงปฏิบัติดี, ผู้ทรงดีงาม)",المعنى المختصر,"<p class=""ql-direction-rtl ql-align-right"">อัล-มุหฺซิน(ผู้มีศีลธรรม, ผู้ทรงปฏิบัติดี, ผู้ทรงดีงาม) : ผู้ที่ทรงประทานชนิดของความโปรดปรานต่างๆ แก่ปวงบ่าวของพระองค์ทั้งที่เปิดเผยและซ่อนเร้น </p>",المعنى,"<p class=""ql-direction-rtl ql-align-right""><span class=""ql-font-vazirmatn""><span class=""ql-cursor"">﻿</span></span></p>"
2495,278,asm,আল্লাহ,المعنى المختصر,"<p class=""ql-direction-rtl ql-align-right""><span class=""ql-font-vazirmatn"">আল্লাহ- তেৱেঁই একমাত্ৰ সত্য উপাস্য। তেওঁকেই মুহাব্বত কৰা উচিত আৰু তেওঁকেই ভয় কৰা উচিত আৰু তেওঁৰ ওচৰতেই আশা কৰা উচিত। আল্লাহ হৈছে এনেকুৱা এটা নাম, যাৰ মাজত তেওঁৰ সকলো সুন্দৰ নামৰ অৰ্থ আৰু তেওঁৰ সকলো বিশেষণ নিহিত হৈ আছে।</span></p>",المعنى,"<p class=""ql-direction-rtl ql-align-right""><span class=""ql-font-vazirmatn""><span class=""ql-cursor"">﻿</span></span></p>"
2496,279,asm,"পৰম কৰুণাময়, পৰম দয়ালু",المعنى المختصر,"<p class=""ql-direction-rtl ql-align-right"">আৰ-ৰাহমান: অসীম দয়াৰ অধিকাৰী তথা সৱাতোকৈ দয়ালু, তেওঁৰ দয়াই সকলো বস্তুকে আৱৰি আছে।</p>",المعنى,"<p class=""ql-direction-rtl ql-align-right""><span class=""ql-font-vazirmatn""><span class=""ql-cursor"">﻿</span></span></p>"
2497,280,asm,অত্যন্ত দয়ালু,المعنى المختصر,"<p class=""ql-direction-rtl ql-align-right"">মহা ৰহমতৰ অধিকাৰী, এইটো কেৱল ৰহমতপ্ৰাপ্তসকলৰ সৈতে সম্পৃক্ত।</p>",المعنى,"<p class=""ql-direction-rtl ql-align-right""><span class=""ql-font-vazirmatn""><span class=""ql-cursor"">﻿</span></span></p>"
2498,281,asm,"সৰ্বকৰ্তৃত্বময়, অধিপতি, মালিক",المعنى المختصر,"<p class=""ql-direction-rtl ql-align-right"">আল-মালিক: মালিক বা অধিপতি যাক মহানতা আৰু আধিপত্যৰ সকলো গুণেৰে গুণাম্বিত কৰা হয়, মালিক হৈছে সেই সত্ত্বা, যিজনে সকলোকে নিয়ন্ত্ৰণ কৰে আৰু সকলোকে পৰিচালনা কৰে। এইক্ষেত্ৰত তেওঁৰ কোনো প্ৰতিদ্বন্দ্বী নাই আৰু কোনো প্ৰতিৰোধকাৰীও নাই।</p>",المعنى,"<p class=""ql-direction-rtl ql-align-right""><span class=""ql-font-vazirmatn""><span class=""ql-cursor"">﻿</span></span></p>"
2499,282,asm,"নিষ্কলুষ, অতি পৱিত্ৰ",المعنى المختصر,"<p class=""ql-direction-rtl ql-align-right"">দুৰ্বলতা আৰু যাৱতীয় অপূৰ্ণতাৰ দোষৰ পৰা তথা কোনো মাখলুকৰ সদৃশ হোৱাৰ পৰা তেওঁ মহা পৱিত্র। </p>",المعنى,"<p class=""ql-direction-rtl ql-align-right""><span class=""ql-font-vazirmatn""><span class=""ql-cursor"">﻿</span> </span></p>"
2500,283,asm,"নিৰাপত্তা প্ৰদানকাৰী, শান্তি প্ৰদানকাৰী, ত্ৰাণকৰ্তা, দোষমুক্ত",المعنى المختصر,"<p class=""ql-direction-rtl ql-align-right""> আচ-ছালাম: যিজন নিখুঁত, দোষমুক্ত, সকলো প্ৰকাৰ দোষ-ত্ৰুটিৰ পৰা পৱিত্ৰ। </p>",المعنى,"<p class=""ql-direction-rtl ql-align-right""><span class=""ql-font-vazirmatn""><span class=""ql-cursor"">﻿</span></span></p>"
2501,284,asm,"পৰিপূৰ্ণ ৰক্ষণাবেক্ষণকাৰী, ৰক্ষক, অভিভাৱক",المعنى المختصر,"<p class=""ql-direction-rtl ql-align-right"">আল-মুহাইমিন (পৰিপূৰ্ণ ৰক্ষণাবেক্ষণকাৰী): মাখলুকৰ তত্ত্বাৱধায়ক, সিহঁতৰ নিয়ন্ত্রক আৰু পৰিচালক, যিয়ে প্রতিটো বস্তুক নিজৰ জ্ঞানৰ দ্বাৰা পৰিবেষ্টিত কৰি ৰাখিছে। </p>",المعنى,"<p class=""ql-direction-rtl ql-align-right""><span class=""ql-font-vazirmatn""><span class=""ql-cursor"">﻿</span></span></p>"
2502,285,asm,"পৰাক্ৰমশালী, অপৰাজেয়, মহাসন্মানিত",المعنى المختصر,"<p class=""ql-direction-rtl ql-align-right"">আল-আজীজ (পৰাক্রমশালী, অপৰাজেয়): যাৰ বাবে আছে পৰিপূর্ণ সন্মান। যিয়ে নিজৰ বাহিৰে থকা সকলোকে তেওঁৰ শক্তি, ক্ষমতা আৰু অধিকাৰৰ দ্বাৰা কৰায়ত্ব কৰি ৰাখিছে। </p>",المعنى,"<p class=""ql-direction-rtl ql-align-right""><span class=""ql-font-vazirmatn""><span class=""ql-cursor"">﻿</span></span></p>"
2503,286,asm,"মহাপ্ৰতাপশালী, অতি মহিমান্বিত",المعنى المختصر,"<p class=""ql-direction-rtl ql-align-right"">আল-জাব্বাৰ (প্রতাপশালী): মাখলুকতকৈ ঊৰ্দ্ধত, সকলো বস্তুৰ ওপৰত ক্ষমতাধৰ সত্ত্বা, তেওঁৰ বাবে সকলো বস্তু নমনীয় আৰু বিনয়াৱলম্বনকাৰী। যিয়ে তেওঁৰ ওচৰত আশ্রয় বিচাৰে তেওঁ তাক আশ্রয় দিয়ে। </p>",المعنى,"<p class=""ql-direction-rtl ql-align-right""><span class=""ql-font-vazirmatn""><span class=""ql-cursor"">﻿</span> </span></p>"
2504,287,asm,"নিৰংকুশ শ্ৰেষ্ঠত্বৰ অধিকাৰী,",المعنى المختصر,"<p class=""ql-direction-rtl ql-align-right"">আল-মুতাকাব্বীৰ (নিৰংকুশ শ্ৰেষ্ঠত্বৰ অধিকাৰী): সকলো প্ৰকাৰ দোষ-ত্ৰুটি, অসম্পূৰ্ণতা, দুৰ্বলতাৰ পৰা তেওঁ অতি উৰ্দ্ধত তথা অতি মহান, কাৰণ তেওঁ পূৰ্ণাংগ গুণৰ অধিকাৰী। </p>",المعنى,"<p class=""ql-direction-rtl ql-align-right""><span class=""ql-font-vazirmatn""><span class=""ql-cursor"">﻿</span></span></p>"
2505,288,asm,সৃষ্টিকৰ্তা,المعنى المختصر,"<p class=""ql-direction-rtl ql-align-right"">আল-খালিক্ব: পূৰ্বৱৰ্তী কোনো উপমা বা উদাহৰণ নোহোৱাকৈ যিয়ে সৃষ্টি কৰে আৰু সেইবোৰক অভূতপূৰ্বভাৱে অস্তিত্বলৈ আনিছে। </p>",المعنى,"<p class=""ql-direction-rtl ql-align-right""><span class=""ql-font-vazirmatn""><span class=""ql-cursor"">﻿</span></span></p>"
2506,289,asm,,,,,
2507,290,asm,সকলো বস্তু দানকাৰী,المعنى المختصر,"<p class=""ql-direction-rtl ql-align-right"">আল-ৱাহহাব (সকলো বস্তুৰ দাতা): তেওঁ দান তথা অনুদানৰ ক্ষেত্ৰত অতি প্ৰশস্ত। তেওঁৰ উদাৰতা আৰু প্ৰশস্ততাই সমগ্ৰ বিশ্বজগতকে সামৰি লৈছে। </p>",المعنى,"<p class=""ql-direction-rtl ql-align-right""><span class=""ql-font-vazirmatn""><span class=""ql-cursor"">﻿</span></span></p>"
2508,291,asm,জীৱিকা দানকাৰী,المعنى المختصر,"<p class=""ql-direction-rtl ql-align-right"">আৰ-ৰাজ্জাক্ব: বান্দাসকলৰ জীৱিকাৰ যোগান ধৰোঁতা, যি জীৱিকা বান্দাসকলৰ ৰুহ আৰু শৰীৰৰ বাবে প্ৰয়োজনীয়। </p>",المعنى,"<p class=""ql-direction-rtl ql-align-right""><span class=""ql-font-vazirmatn""><span class=""ql-cursor"">﻿</span></span></p>"
2509,292,asm,সৰ্বজ্ঞ,المعنى المختصر,"<p class=""ql-direction-rtl ql-align-right"">আল-আলীম (সৰ্বজ্ঞ): অৰ্থাৎ তেওঁৰ জ্ঞানে সকলো বস্তুকে পৰিবেষ্টন কৰি আছে। </p>",المعنى,"<p class=""ql-direction-rtl ql-align-right""><span class=""ql-font-vazirmatn""><span class=""ql-cursor"">﻿</span></span></p>"
2510,293,asm,সৰ্বশ্ৰোতা,المعنى المختصر,"<p class=""ql-direction-rtl ql-align-right"">আছ-ছামিউ (সৰ্বশ্ৰোতা): যিজনে শ্ৰৱণীয় সকলো বিষয় শ্ৰৱণ কৰে। ফলত তেওঁ গোপন তথা অপ্ৰকাশ্য তথ্যবোৰো শুনা পায়। সেয়া তেওঁৰ বাবে উচ্চস্বৰেই হওক বা নিম্নস্বৰে, কোৱাৰ মাধ্যমতেই হওক বা মৌনতাৰ মাধ্যমত। </p>",المعنى,"<p class=""ql-direction-rtl ql-align-right""><span class=""ql-font-vazirmatn""><span class=""ql-cursor"">﻿</span></span></p>"
2511,294,asm,সকলো গোপন তথ্য সম্পৰ্কে অৱগত,المعنى المختصر,"<p class=""ql-direction-rtl ql-align-right"">আল-লাতীফ (সকলো গোপন তথ্য সম্পৰ্কে অৱগত): যিমানেই সূক্ষ্ম নহওক কিয়, তেওঁৰ ওচৰত একো গোপন নাথাকে। বান্দাসকলৰ প্ৰতি তেওঁ কল্যাণকৰ, তেওঁ সিহঁতৰ প্ৰতি অনুগ্ৰহৰ কৰে, আৰু সিহঁতক সেইবোৰ কৰ্ম কৰাৰ তাওফীক প্ৰদান কৰে, যিবোৰৰ মাজত আছে সিহঁতৰ সংশোধন। </p>",المعنى,"<p class=""ql-direction-rtl ql-align-right""><span class=""ql-font-vazirmatn""><span class=""ql-cursor"">﻿</span></span></p>"
2512,295,asm,"সকলো বিষয়ে অৱগত,",المعنى المختصر,"<p class=""ql-direction-rtl ql-align-right"">আল-খাবীৰ (সকলো বিষয়ে অৱগত): যি সত্ত্বা সকলো বস্তুৰ অভ্যন্তৰীণ তথা গোপনীয় বিষয় সম্পৰ্কে অৱগত, যিদৰে বাহ্যিক বিষয় সম্পৰ্কে অৱগত। </p>",المعنى,"<p class=""ql-direction-rtl ql-align-right""><span class=""ql-font-vazirmatn""><span class=""ql-cursor"">﻿</span></span></p>"
2513,296,asm,অত্যন্ত ধৈৰ্যশীল,المعنى المختصر,"<p class=""ql-direction-rtl ql-align-right"">আল-হালীম (অত্যন্ত ধৈৰ্যশীল): পৰম সহনশীল যিয়ে তেওঁৰ বান্দাসকলক সিহঁতৰ গুনাহৰ কাৰণে শাস্তি প্রদানত খৰধৰ নকৰে। </p>",المعنى,"<p class=""ql-direction-rtl ql-align-right""><span class=""ql-font-vazirmatn""><span class=""ql-cursor"">﻿</span></span></p>"
2514,297,asm,"মহা মৰ্যাদাশীল, মহান",المعنى المختصر,"<p class=""ql-direction-rtl ql-align-right"">আল-আজীম (মহা-মৰ্যাদাশীল): এনেকুৱা সত্ত্বা যাৰ মাজত আছে সকলো গুণৰ পূৰ্ণতা, মৰ্যাদা আৰু মহত্বৰ সকলো গুণৰ একত্রকাৰী, যাক অন্তৰসমূহে ভাল পায় আৰু আত্মাসমূহে সন্মান কৰে। </p>",المعنى,"<p class=""ql-direction-rtl ql-align-right""><span class=""ql-font-vazirmatn""><span class=""ql-cursor"">﻿</span></span></p>"
2515,298,asm,"ক্ষমাশীল, পৰম মাৰ্জনাকাৰী",المعنى المختصر,"<p class=""ql-direction-rtl ql-align-right"">আল-গাফুৰ: যি সত্ত্বাই তেওঁৰ বান্দাসকলক পাপকৰ্মৰ অনিষ্টতাৰ পৰা ৰক্ষা কৰে আৰু ইয়াৰ বাবে তেওঁলোকক শাস্তি নিদিয়ে। </p>",المعنى,"<p class=""ql-direction-rtl ql-align-right""><span class=""ql-font-vazirmatn""><span class=""ql-cursor"">﻿</span></span></p>"
2516,299,asm,কৃতজ্ঞতা প্ৰকাশকাৰী,المعنى المختصر,"<p class=""ql-direction-rtl ql-align-right"">আশ্ব-শ্বাকূৰ (কৃতজ্ঞতা প্রকাশকাৰী): যিয়ে অলপ আমলৰ বিপৰীতে অধিক ছোৱাব প্ৰদান কৰে, আনকি বহুগুণে প্রদান কৰি অনুগ্রহ কৰে আৰু অগণিত ভুল-ত্রুটি ক্ষমা কৰি দিয়ে। </p>",المعنى,"<p class=""ql-direction-rtl ql-align-right""><span class=""ql-font-vazirmatn""><span class=""ql-cursor"">﻿</span></span></p>"
2517,300,asm,"সুউচ্চ, মহান",المعنى المختصر,"<p class=""ql-direction-rtl ql-align-right"">আল-কাবীৰ (সুউচ্চ, মহান) : এনেকুৱা মহান সত্ত্বা, যাৰ অধীনত আছে সকলো বস্তু, একোৱেই তেওঁৰ তুলনাত ডাঙৰ নহয়। </p>",المعنى,"<p class=""ql-direction-rtl ql-align-right""><span class=""ql-font-vazirmatn""><span class=""ql-cursor"">﻿</span></span></p>"
2518,301,asm,সংৰক্ষণকাৰী,المعنى المختصر,"<p class=""ql-direction-rtl ql-align-right"">আল-হাফীজ (ৰক্ষক বা সংৰক্ষণকাৰী): তেওঁ যি সৃষ্টি কৰিছে সেইবোৰক তেওঁ সংৰক্ষণ কৰে আৰু তেওঁ যি উদ্ভাৱন কৰিছে সেইবোৰক তেওঁ নিজৰ জ্ঞানেৰে পৰিবেষ্টন কৰি ৰাখে। তেওঁ নিজৰ বন্ধুসকলক পাপকৰ্মত আৰু বিনাশত পতিত হোৱাৰ পৰা ৰক্ষা কৰে, লগতে তেওঁ বান্দাসকলৰ আমল আৰু ইয়াৰ প্ৰতিদান হিচাপ কৰি ৰাখে। </p>",المعنى,"<p class=""ql-direction-rtl ql-align-right""><span class=""ql-font-vazirmatn""><span class=""ql-cursor"">﻿</span></span></p>"
2519,302,asm,"আহাৰ প্ৰদানকাৰী, জীৱিকাদাতা",المعنى المختصر,"<p class=""ql-direction-rtl ql-align-right"">আল-মুকীত (আহাৰ প্ৰদানকাৰী, জীৱিকাদাতা): যিজনে নিজৰ জ্ঞানৰ জৰিয়তে সকলো সৃষ্টিৰে জীৱিকা নিৰ্ধাৰণ কৰিছে, তাৰ পিছত তেওঁ সেই জীৱিকা নিজৰ ক্ষমতাৰ দ্বাৰা সিহঁতক পৌঁচাই দিয়ে তথা সিহঁতৰ মাজত বণ্টন কৰি দিয়ে। </p>",المعنى,"<p class=""ql-direction-rtl ql-align-right""><span class=""ql-font-vazirmatn""><span class=""ql-cursor"">﻿</span></span></p>"
2520,303,asm,"সুমহান, দাতা",المعنى المختصر,"<p class=""ql-direction-rtl ql-align-right"">আল-কাৰীম (সুমহান, দাতা): তেওঁ অসংখ্য কল্যাণৰ অধিকাৰী আৰু মহা উপকাৰী। </p>",المعنى,"<p class=""ql-direction-rtl ql-align-right""><span class=""ql-font-vazirmatn""><span class=""ql-cursor"">﻿</span></span></p>"
2521,304,asm,তত্ত্বাৱধাক,المعنى المختصر,"<p class=""ql-direction-rtl ql-align-right"">আৰ-ৰাকীব (তত্ত্বাৱধায়ক): সকলো বিষয় সম্পৰ্কে অৱগত। গোপনীয় বিষয় আৰু আন্তৰিক বিষয়ৰো সাক্ষী। তেওঁ জানে আৰু দেখে। কোনো ভেদ বা ৰহস্য একোৱেই তেওঁৰ পৰা গোপন নহয়। </p>",المعنى,"<p class=""ql-direction-rtl ql-align-right""><span class=""ql-font-vazirmatn""><span class=""ql-cursor"">﻿</span></span></p>"
2522,305,asm,সঁহাৰি প্ৰদানকাৰী,المعنى المختصر,"<p class=""ql-direction-rtl ql-align-right"">আল-মুজিব (সঁহাৰি প্ৰদানকাৰী): যিজনে প্ৰাৰ্থনাকাৰীসকলৰ প্ৰাৰ্থনা কবূল কৰে আৰু দুআকাৰীসকলৰ দুআত সঁহাৰি দিয়ে। </p>",المعنى,"<p class=""ql-direction-rtl ql-align-right""><span class=""ql-font-vazirmatn""><span class=""ql-cursor"">﻿</span></span></p>"
2523,306,asm,সৰ্বব্যাপী,المعنى المختصر,"<p class=""ql-direction-rtl ql-align-right"">আল-ওৱাছে: (সৰ্বব্যাপী): তেওঁ সকলো প্ৰকাৰ গুণৰ পূৰ্ণাংগ অৰ্থৰ অধিকাৰী, তথা পূৰ্ণাংগ মৰ্যাদাৰ অধিকাৰী। </p>",المعنى,"<p class=""ql-direction-rtl ql-align-right""><span class=""ql-font-vazirmatn""><span class=""ql-cursor"">﻿</span></span></p>"
2524,307,asm,"পৰম-প্রজ্ঞাময়, হিকমতৱালা",المعنى المختصر,"<p class=""ql-direction-rtl ql-align-right"">আল-হাকীম (পৰম-প্রজ্ঞাময়): যিজনপৰিপূৰ্ণ হিকমতৰ গুণেৰে গুণান্বিত, বিধি-বিধান আৰু আদেশ-নিৰ্দেশৰ ক্ষেত্ৰতো তেওঁ পূৰ্ণাংগ গুণেৰে গুণাম্বিত আৰু মাখলুকৰ মাজত হিকমত সহকাৰে ফায়চালা দিয়াৰ ক্ষেত্ৰতো তেওঁ স্বয়ংসম্পূৰ্ণ। </p>",المعنى,"<p class=""ql-direction-rtl ql-align-right""><span class=""ql-font-vazirmatn""><span class=""ql-cursor"">﻿</span></span></p>"
2525,308,asm,বান্দাসকলৰ প্ৰতি দয়ালু,المعنى المختصر,"<p class=""ql-direction-rtl ql-align-right"">আল-ৱাদুদঃ প্ৰিয় ব্যক্তিক মুহাব্বত কৰা। গতিকে তেওঁৰ নবী আৰু ৰাছুলসকলক আৰু তেওঁলোকৰ অনুগামীসকলক তেওঁ ভাল পায়, আৰু তেওঁলোকেও তেওঁক ভাল পায়। </p>",المعنى,"<p class=""ql-direction-rtl ql-align-right""><span class=""ql-font-vazirmatn""><span class=""ql-cursor"">﻿</span></span></p>"
2526,309,asm,সকলো ধৰণৰ মৰ্যাদাৰ অধিকাৰী,المعنى المختصر,"<p class=""ql-direction-rtl ql-align-right"">আল-মাজীদ (সকলো মৰ্যাদাৰ অধিকাৰী): অৰ্থাৎ যি সত্ত্বা সকলো প্ৰকাৰ মহান তথা অসীম পূৰ্ণাংগ চিফাত বা উচ্চ গুণেৰে সমৃদ্ধ। </p>",المعنى,"<p class=""ql-direction-rtl ql-align-right""><span class=""ql-font-vazirmatn""><span class=""ql-cursor"">﻿</span></span></p>"
2527,310,asm,"প্ৰত্যক্ষদৰ্শী, সৰ্বজ্ঞ-সাক্ষী",المعنى المختصر,"<p class=""ql-direction-rtl ql-align-right"">আশ্ব-শ্বাহীদ (সৰ্বজ্ঞ-সাক্ষী, প্ৰত্যক্ষ সাক্ষী): যি সত্ত্বাৰ পৰা একোৱেই গোপন নহয়। বৰং তেওঁ সকলো বিষয়েই অৱগত, সকলো বিষয়ৰ প্ৰত্যক্ষদৰ্শী। সকলো বিষয়ৰ তফচিল সম্পৰ্কে সৰ্বজ্ঞ। </p>",المعنى,"<p class=""ql-direction-rtl ql-align-right""><span class=""ql-font-vazirmatn""><span class=""ql-cursor"">﻿</span></span></p>"
2528,311,asm,পৰম সত্য,المعنى المختصر,"<p class=""ql-direction-rtl ql-align-right"">আল-হক্ক (পৰম সত্য): তেওঁৰ অস্তিত্ব আৰু তেওঁ যে আছে এই কথা চিৰ সত্য। তেওঁৰ নামসমূহ, গুণাৱলী, কৰ্মৰাজি, তেওঁৰ বিধান আৰু তেওঁৰ প্ৰতিদান আদি সকলো নিখুঁত তথা পূৰ্ণাংগ আৰু সত্য। এইবোৰৰ মাজত কোনো ধৰণৰ অসত্যতা নাই। </p>",المعنى,"<p class=""ql-direction-rtl ql-align-right""><span class=""ql-font-vazirmatn""><span class=""ql-cursor"">﻿</span></span></p>"
2529,312,asm,"মহা ক্ষমতাৱান,",المعنى المختصر,"<p class=""ql-direction-rtl ql-align-right"">আল-কাৱিয়্যু (মহা ক্ষমতাৱান): সম্পূৰ্ণ ক্ষমতাৰ অধিকাৰী, যাক কোনেও পৰাস্ত কৰিব নোৱাৰে আৰু কোনো বাধাই তেওঁৰ সিদ্ধান্তত বাধা দিব নোৱাৰে। </p>",المعنى,"<p class=""ql-direction-rtl ql-align-right""><span class=""ql-font-vazirmatn""><span class=""ql-cursor"">﻿</span></span></p>"
2530,313,asm,"সুদৃঢ়, সৰ্বশক্তিমান",المعنى المختصر,"<p class=""ql-direction-rtl ql-align-right"">আল-মাতীন (সুদৃঢ়, সৰ্বশক্তিমান): শক্তি তথা ক্ষমতাত অসীম। ফলত তেওঁক কোনো দুৰ্বলতা আৰু কষ্টই স্পৰ্শ নকৰে। </p>",المعنى,"<p class=""ql-direction-rtl ql-align-right""><span class=""ql-font-vazirmatn""><span class=""ql-cursor"">﻿</span></span></p>"
2531,314,asm,চিৰঞ্জীৱ,المعنى المختصر,"<p class=""ql-direction-rtl ql-align-right"">আল-হায়্যু (চিৰঞ্জীৱ): পূৰ্ণাংগ জীৱনৰ সকলো অৰ্থ তেওঁৰ বাবেই নিৰ্দিষ্ট, তেওঁ কেতিয়াও অস্তিত্বহীনতা অতিক্ৰম কৰা নাই, লগতে তেওঁ কেতিয়াও ধ্বংসও নহ’ব। </p>",المعنى,"<p class=""ql-direction-rtl ql-align-right""><span class=""ql-font-vazirmatn""><span class=""ql-cursor"">﻿</span></span></p>"
2532,315,asm,সকলো বস্তুৰ ধাৰক তথা সংৰক্ষণকাৰী,المعنى المختصر,"<p class=""ql-direction-rtl ql-align-right"">আল-কায়্যুম (সকলো বস্তুৰ ধাৰক আৰু ৰক্ষক): যিজন নিজেই প্ৰতিষ্ঠিত। ফলত তেওঁ কাৰো ওপৰত নিৰ্ভৰশীল নহয়। প্ৰতিটো বস্তু তেওঁৰ দ্বাৰাই প্ৰতিষ্ঠা লাভ কৰে আৰু একোৱেই তেওঁৰ পৰা অমুখাপেক্ষী নহয়।</p>",المعنى,"<p class=""ql-direction-rtl ql-align-right""><span class=""ql-font-vazirmatn""><span class=""ql-cursor"">﻿</span></span></p>"
2533,316,asm,অমুখাপেক্ষী,المعنى المختصر,"<p class=""ql-direction-rtl ql-align-right"">আছ-চামাদ (অমুখাপেক্ষী): স্বয়ংসম্পূৰ্ণ ৰব্ব, মহান চৰ্দাৰ। ভয় আৰু আশাৰ সৈতে প্ৰতিটো প্ৰয়োজন পূৰণৰ কেন্দ্ৰ তেৱেঁই। </p>",المعنى,"<p class=""ql-direction-rtl ql-align-right""><span class=""ql-font-vazirmatn""><span class=""ql-cursor"">﻿</span></span></p>"
2534,317,asm,সৰ্বশক্তিমান,المعنى المختصر,"<p class=""ql-direction-rtl ql-align-right"">আল-কাদিৰ (সৰ্বশক্তিমান): যাৰ হাতত আছে ব্যাপক তথা সম্পূৰ্ণ পূৰ্ণাংগ ক্ষমতা, যাক একোৱেই অক্ষম কৰিব নোৱাৰে আৰু তেওঁৰ কোনো উদ্দেশ্যই বাদ নপৰে। </p>",المعنى,"<p class=""ql-direction-rtl ql-align-right""><span class=""ql-font-vazirmatn""><span class=""ql-cursor"">﻿</span></span></p>"
2535,318,asm,সৃষ্টিৰ গুণাৱলীৰ উৰ্দ্ধত অৱস্থানকাৰী,المعنى المختصر,"<p class=""ql-direction-rtl ql-align-right"">আল-মুতাআল (সৃষ্টিৰ গুণাৱলীৰ উৰ্দ্ধত অৱস্থানকাৰী): এনেকুৱা এটা নাম যিটো সকলো ফালৰ পৰা আল্লাহৰ সৰ্বোচ্চ মৰ্যাদাৰ বিষয়টো প্রমান কৰে। সত্ত্বাগতভাৱেও, মৰ্যাদাগতভাৱেও আৰু ক্ষমতাগতভাৱেও। </p>",المعنى,"<p class=""ql-direction-rtl ql-align-right""><span class=""ql-font-vazirmatn""><span class=""ql-cursor"">﻿</span></span></p>"
2536,319,asm,"তাওবাগ্ৰহণকাৰী, তাওবাৰ তাওফীক দানকাৰী",المعنى المختصر,"<p class=""ql-direction-rtl ql-align-right"">আত-তাওৱাব (তাওবাৰ তাওফীক দানকাৰী আৰু তাওবা গ্ৰহণকাৰী): যিয়ে বান্দাক তাওবাৰ তাওফীক দান কৰে আৰু তেওঁলোকৰ তাওবা কবুল কৰে। </p>",المعنى,"<p class=""ql-direction-rtl ql-align-right""><span class=""ql-font-vazirmatn""><span class=""ql-cursor"">﻿</span></span></p>"
2537,320,asm,"পৰম উদাৰ, মাৰ্জনাকাৰী",المعنى المختصر,"<p class=""ql-direction-rtl ql-align-right"">আল-আফওউ (পৰম-উদাৰ, মাৰ্জনাকাৰী): যিয়ে অপৰাধসমূহক মাৰ্জনা কৰে আৰু গুনাহবোৰক ক্ষমা কৰে। </p>",المعنى,"<p class=""ql-direction-rtl ql-align-right""><span class=""ql-font-vazirmatn""><span class=""ql-cursor"">﻿</span></span></p>"
2538,321,asm,পৰম-স্নেহশীল,المعنى المختصر,"<p class=""ql-direction-rtl ql-align-right"">আৰ-ৰাঊফ (পৰম-স্নেহশীল): বান্দাসকলৰ প্ৰতি পৰম-স্নেহশীল তথা অত্যন্ত দয়ালু। </p>",المعنى,"<p class=""ql-direction-rtl ql-align-right""><span class=""ql-font-vazirmatn""><span class=""ql-cursor"">﻿</span></span></p>"
2539,322,asm,"অমুখাপেক্ষী, আটাইতকৈ ধনী, যি সত্ত্বাৰ একো প্ৰয়োজন নাই।",المعنى المختصر,"<p class=""ql-direction-rtl ql-align-right"">আল-গানী (অমুখাপেক্ষী, আটাইতকৈ ধনী, যাৰ একো প্ৰয়োজন নাই): তেওঁৰ বাহিৰে সকলোৱে তেওঁৰ মুখাপেক্ষী,তিনি কাৰো প্রতি মুখাপেক্ষী নহয়। </p>",المعنى,"<p class=""ql-direction-rtl ql-align-right""><span class=""ql-font-vazirmatn""><span class=""ql-cursor"">﻿</span></span></p>"
2540,323,asm,পথ-প্ৰদৰ্শক,المعنى المختصر,"<p class=""ql-direction-rtl ql-align-right"">আল-হাদী (পথ-প্রদৰ্শক): যিয়ে তেওঁৰ বান্দাসকলক সকলো প্ৰকাৰ উপকাৰী আৰু ক্ষতি প্ৰতিহত কৰাৰ দিশ-নিৰ্দেশনা দিয়ে, আৰু সিহঁতৰ মাজৰ পৰা যাক ইচ্ছা কৰে তাক হিদায়তৰ তাওফীক দান কৰে। </p>",المعنى,"<p class=""ql-direction-rtl ql-align-right""><span class=""ql-font-vazirmatn""><span class=""ql-cursor"">﻿</span></span></p>"
2541,324,asm,অতি সন্নিকট,المعنى المختصر,"<p class=""ql-direction-rtl ql-align-right"">আল-কাৰীব (অতি সন্নিকট): তেওঁ ছোৱাব প্ৰদানত তেওঁৰ অনুগামীসকলৰ অতি ওচৰত, আৰু যিয়ে তেওঁক আহ্বান কৰে তাক সঁহাৰি দিয়াৰ ক্ষেত্ৰতো তেওঁ অতি ওচৰত। আৰু তেওঁ সকলো বান্দাৰেই নিকটৱৰ্তী তেওঁৰ জ্ঞানৰ দ্বাৰা। এই কথাই তেওঁৰ উৰ্দ্ধত থকা বিষয়টোক নসাৎ নকৰে। </p>",المعنى,"<p class=""ql-direction-rtl ql-align-right""><span class=""ql-font-vazirmatn""><span class=""ql-cursor"">﻿</span></span></p>"
2542,325,asm,মহা অনুগ্ৰহকাৰী,المعنى المختصر,"<p class=""ql-direction-rtl ql-align-right"">আল-মান্নান (মহা দাতা, মহা অনুগ্ৰহকাৰী): মহা অনুগ্ৰহকাৰী, মহান দাতা। মহা অনুদানকাৰী, যিয়ে মিনতি কৰাৰ আগতেই কৃপা কৰি নিয়ামত প্ৰদান কৰে। </p>",المعنى,"<p class=""ql-direction-rtl ql-align-right""><span class=""ql-font-vazirmatn""><span class=""ql-cursor"">﻿</span></span></p>"
2543,326,asm,"আৰোগ্য দানকাৰী, ৰোগ নিৰাময়কাৰী",المعنى المختصر,"<p class=""ql-direction-rtl ql-align-right"">আশ্ব-শ্বাফী (ৰোগ নিৰাময়কাৰী, আৰোগ্য দানকাৰী): যিজনে বান্দাসকলক শাৰীৰিক ৰোগ, হৃদয়ৰ সন্দেহ আৰু প্ৰবৃত্তিৰ কামনা-বাসনাৰ পৰা আৰোগ্য প্ৰদান কৰে তথা ৰক্ষা কৰে। </p>",المعنى,"<p class=""ql-direction-rtl ql-align-right""><span class=""ql-font-vazirmatn""><span class=""ql-cursor"">﻿</span></span></p>"
2544,327,asm,প্ৰতিপালক,المعنى المختصر,"<p class=""ql-direction-rtl ql-align-right""> আৰ-ৰাব্ব (প্ৰতিপালক, মালিক): তেৱেঁই প্ৰধান, ৰাজত্বৰ অধিকাৰী, আনৰ কল্যাণকাৰী। বিভিন্ন প্ৰকাৰৰ নিয়ামতৰ দ্বাৰা সকলো বান্দাৰ লালন-পালনকাৰী। </p>",المعنى,"<p class=""ql-direction-rtl ql-align-right""><span class=""ql-font-vazirmatn""><span class=""ql-cursor"">﻿</span></span></p>"
2545,328,asm,অনুদানকাৰী,المعنى المختصر,"<p class=""ql-direction-rtl ql-align-right"">আল-মু’তী (অনুদানকাৰী): প্ৰকৃততে অনুদান দিয়াৰ ক্ষেত্ৰত তেওঁ অদ্বিতীয়। তেওঁ যি দান কৰে তাক বাধা দিব পৰা কোনো নাই, আৰু তেওঁ যাক বাধা দিয়ে তাক দান কৰিব পৰা কোনো নাই। </p>",المعنى,"<p class=""ql-direction-rtl ql-align-right""><span class=""ql-font-vazirmatn""><span class=""ql-cursor"">﻿</span></span></p>"
2546,329,asm,"একক সত্ত্বা, অদ্বিতীয়",المعنى المختصر,"<p class=""ql-direction-rtl ql-align-right"">আল-আহাদ (একক তথা অদ্বিতীয়): যিজন ৰুবুবিয়্যত, উলুহিয়্যত, নাম আৰু চিফাত আদি সকলো ক্ষেত্ৰতে পৰিপূৰ্ণৰূপে একক তথা অদ্বিতীয়, এইবোৰত তেওঁৰ কোনো অংশীদাৰ নাই। </p>",المعنى,"<p class=""ql-direction-rtl ql-align-right""><span class=""ql-font-vazirmatn""><span class=""ql-cursor"">﻿</span></span></p>"
2547,330,asm,"নিৰাপত্তা প্ৰদানকাৰী, বিশ্বস্ত",المعنى المختصر,"<p class=""ql-direction-rtl ql-align-right"">আল-মু‘মিন (নিৰাপত্তা আৰু ঈমান দানকাৰী): সত্যায়নকাৰী, যিয়ে দলীল প্রমাণ আৰু অলৌকিকতা স্থাপন কৰাৰ মাধ্যমত নবীসকলৰ সত্যতা দাঙি ধৰে। তথা যিয়ে সৃষ্টিক পৰিপূৰ্ণ ইনচাফৰ সৈতে নিৰাপত্তা প্রদান কৰে। </p>",المعنى,"<p class=""ql-direction-rtl ql-align-right""><span class=""ql-font-vazirmatn""><span class=""ql-cursor"">﻿</span></span></p>"
2548,331,asm,সঠিকভাৱে সৃষ্টিকাৰী,المعنى المختصر,"<p class=""ql-direction-rtl ql-align-right"">আল-বা-ৰিউ (সঠিকভাৱে সৃষ্টিকাৰী): যিয়ে সমগ্র সৃষ্টিজগতকে সৃষ্টি কৰিছে, সেইবোৰক আকৃতি দান কৰিছে আৰু অস্তিত্বহীনতাৰ পৰা অস্তিত্ব প্ৰদান কৰিছে। </p>",المعنى,"<p class=""ql-direction-rtl ql-align-right""><span class=""ql-font-vazirmatn""><span class=""ql-cursor"">﻿</span> </span></p>"
2549,332,asm,আকৃতি প্ৰদানকাৰী,المعنى المختصر,"<p class=""ql-direction-rtl ql-align-right"">আল-মুছাওৱিৰু (আকৃতিদাতা): যিয়ে তেওঁৰ সৃষ্টিবোৰক বিভিন্ন আকৃতি আৰু অৱস্থাত সৃষ্টি কৰিছে। এইবোৰে তেওঁৰ জ্ঞান আৰু হিকমতৰ পৰিপক্কতাৰ সাক্ষ্য বহন কৰে। </p>",المعنى,"<p class=""ql-direction-rtl ql-align-right""><span class=""ql-font-vazirmatn""><span class=""ql-cursor"">﻿</span></span></p>"
2550,333,asm,,,,,
2551,334,asm,বিজয় প্ৰদানকাৰী,المعنى المختصر,"<p class=""ql-direction-rtl ql-align-right"">আল-ফাত্তাহ (বিজয় প্ৰদানকাৰী): যিজনে চৰীয়তৰ নিয়মাৱলীৰ দ্বাৰা নিজৰ বান্দাসকলৰ মাজত শাসন কৰে, আৰু তেওঁ সিহঁতৰ মাজত কাদৰী বিধানৰ দ্বাৰা বিচাৰ-মীমাংসা কৰে আৰু প্ৰতিদানমূলক বিধানসমূহৰ দ্বাৰা সিহঁতৰ হিচাপ গ্ৰহণ কৰিব। </p>",المعنى,"<p class=""ql-direction-rtl ql-align-right""><span class=""ql-font-vazirmatn""><span class=""ql-cursor"">﻿</span></span></p>"
2552,335,asm,,,,,
2553,336,asm,,,,,
2554,337,asm,,,,,
2555,338,asm,মৰ্যাদা প্ৰদানকাৰী,المعنى المختصر,"<p class=""ql-direction-rtl ql-align-right"">আৰ-ৰাফে: (মৰ্যাদা প্ৰদানকাৰী): তেওঁ যাক ইচ্ছা কৰে, নিজৰ ইচ্ছা অনুযায়ী মৰ্যাদা প্ৰদান কৰে। যিদৰে তেওঁ নিজৰ অলীসকলক ইহকালত আৰু পৰকালত মৰ্যাদা প্ৰদান কৰে। </p>",المعنى,"<p class=""ql-direction-rtl ql-align-right""><span class=""ql-font-vazirmatn""><span class=""ql-cursor"">﻿</span></span></p>"
2558,341,asm,সৰ্বদ্ৰষ্টা,المعنى المختصر,"<p class=""ql-direction-rtl ql-align-right"">আল-বাছীৰ: যাৰ দৃষ্টিশক্তিয়ে সকলোকে সামৰি লয়, সেইটো যিমানেই ক্ষুদ্ৰতম নহওক আৰু যিমানেই সৰু নহওক কিয়, তেওঁ সকলো বস্তু আৰু সকলো বিষয়ৰ গোপন তথ্য সম্পৰ্কে অৱহিত। </p>",المعنى,"<p class=""ql-direction-rtl ql-align-right""><span class=""ql-font-vazirmatn""><span class=""ql-cursor"">﻿</span></span></p>"
2559,342,asm,"মীমাংসাকাৰী, বিচাৰক",المعنى المختصر,"<p class=""ql-direction-rtl ql-align-right"">আল-হাকাম (বিচাৰক-মীমাংসাকাৰী): সকলো বিষয়ৰ মীমাংসা তেওঁৰ ওচৰতেই। তেওঁ যি বিচাৰে সেইটোৱে সিদ্ধান্ত লয়। তেওঁ বান্দাসকলৰ মাজত ন্যায় আৰু সততাৰে মীমাংসা কৰে। </p>",المعنى,"<p class=""ql-direction-rtl ql-align-right""><span class=""ql-font-vazirmatn""><span class=""ql-cursor"">﻿</span></span></p>"
2561,344,asm,উচ্চ মৰ্যাদাশীল,المعنى المختصر,"<p class=""ql-direction-rtl ql-align-right"">আল-আলীয়্যু (উচ্চ-মৰ্যাদাশীল): যাৰ বাবে আছে সকলো ফালৰ পৰা উচ্চ মৰ্যাদা। মৰ্যাদাৰ দিশৰ পৰাও সৰ্বোচ্চ, ক্ষমতাৰ দিশৰ পৰাও সৰ্বোচ্চ আৰু সত্ত্বাগতভাৱেও সৰ্বোচ্চ। </p>",المعنى,"<p class=""ql-direction-rtl ql-align-right""><span class=""ql-font-vazirmatn""><span class=""ql-cursor"">﻿</span></span></p>"
2562,345,asm,হিচাপ গ্ৰহণকাৰী,المعنى المختصر,"<p class=""ql-direction-rtl ql-align-right"">আল-হাছীব (হিচাপ গ্ৰহণকাৰী): তেওঁৰ ওপৰত নিৰ্ভৰশীল তেওঁৰ মুমিন বান্দাসকলৰ বাবে তেৱেঁই যথেষ্ট। তেওঁৰ বান্দাসকলৰ আমল সম্পৰ্কে তেওঁ সৰ্বজ্ঞ। এইবোৰৰ হিচাপ-নিকাচ সিহঁতৰ পৰা তেৱেঁই গ্ৰহণ কৰিব। </p>",المعنى,"<p class=""ql-direction-rtl ql-align-right""><span class=""ql-font-vazirmatn""><span class=""ql-cursor"">﻿</span></span></p>"
2565,348,asm,"পৰম নিৰ্ভৰযোগ্য কৰ্ম সম্পাদনকাৰী, কৰ্মবিধায়ক",المعنى المختصر,"<p class=""ql-direction-rtl ql-align-right"">আল-অকীলু: যিজনে সৃষ্টিক জীৱিকাৰ যোগান ধৰে, আৰু সিহঁতৰ সৰ্বোত্তম স্বাৰ্থত সিহঁতৰ কাম-কাজৰ তত্ত্বাৱধায়ন কৰে; তেৱেঁই তেওঁৰ অলীসকলৰ অভিভাৱক, ফলত সহজ কৰ্মবোৰক তেওঁলোকৰ বাবে সহজ কৰি দিয়ে আৰু কঠিনৰ পৰা তেওঁলোকক আঁতৰাই ৰাখে। লগতে তেওঁলোকৰ যাৱতীয় বিষয়ত তেৱেঁই যথেষ্ট। </p>",المعنى,"<p class=""ql-direction-rtl ql-align-right""><span class=""ql-font-vazirmatn""><span class=""ql-cursor"">﻿</span></span></p>"
2566,349,asm,"অভিভাৱক, সহায়কাৰী",المعنى المختصر,"<p class=""ql-direction-rtl ql-align-right"">আল-অলী (অভিভাৱক, সহায়ক): মুমিন বান্দাসকলৰ সহায়ক। সকলো সৃষ্টিৰ যাৱতীয় কৰ্মৰ তত্ত্বাৱধায়ক। </p>",المعنى,"<p class=""ql-direction-rtl ql-align-right""><span class=""ql-font-vazirmatn""><span class=""ql-cursor"">﻿</span></span></p>"
2567,350,asm,"স্বয়ং প্ৰশংসিত, সকলো প্ৰশংসাৰ যোগ্য",المعنى المختصر,"<p class=""ql-direction-rtl ql-align-right"">আল-হামীদ (সকলো প্ৰশংসাৰ যোগ্য, স্বয়ং প্ৰশংসিত): এনেকুৱা এটা নাম, যি নামে আল্লাহৰ বাবে সকলো ধৰণৰ প্ৰশংসা আৰু পূৰ্ণাংগ চিফাতৰ প্ৰমাণ বহন কৰে। সত্ত্বাগতভাৱে, নামগতভাৱে আৰু গুণগতভাৱে তথা কৰ্মগতভাৱে, পূৰ্ণাংগ হোৱাৰ কাৰণে একমাত্ৰ তেৱেঁই সকলো প্ৰশংসাৰ যোগ্য। </p>",المعنى,"<p class=""ql-direction-rtl ql-align-right""><span class=""ql-font-vazirmatn""><span class=""ql-cursor"">﻿</span></span></p>"
2575,358,asm,এক তথা একক,المعنى المختصر,"<p class=""ql-direction-rtl ql-align-right"">আল-ওৱাহিদ (এক তথা একক): যি সত্ত্বা, সত্ত্বাগতভাৱে, চিফাত আৰু কৰ্মগতভাৱেও যাৱতীয় পূৰ্ণতাৰ একক অধিকাৰী। এইবোৰত কোনো ধৰণৰ তেওঁৰ কোনো অংশীদাৰ নাই। </p>",المعنى,"<p class=""ql-direction-rtl ql-align-right""><span class=""ql-font-vazirmatn""><span class=""ql-cursor"">﻿</span></span></p>"
2576,359,asm,নিৰংকুশ সিদ্ধান্তৰ অধিকাৰী,المعنى المختصر,"<p class=""ql-direction-rtl ql-align-right"">আল-মুক্বতাদিৰ (নিৰংকুশ সিদ্ধান্তৰ অধিকাৰী): যাৰ পূৰ্ণাংগ ক্ষমতা আছে, যাক একোৱেই বাধা দিব নোৱাৰে। </p>",المعنى,"<p class=""ql-direction-rtl ql-align-right""><span class=""ql-font-vazirmatn""><span class=""ql-cursor"">﻿</span></span></p>"
2577,360,asm,আগত অৱস্থানকাৰী,المعنى المختصر,"<p class=""ql-direction-rtl ql-align-right"">আল-মুকাদ্দিম (আগত অৱস্থানকাৰী): যিজনে সকলো বস্তুক উপযুক্ত স্থানত স্থান দিয়ে। যিটোক আগত ৰাখিব বিচাৰে সেইটোক আগত ৰাখি দিয়ে আৰু যিটোক পিছত ৰাখিব বিচাৰে সেইটোক পিছত ৰাখি দিয়ে। </p>",المعنى,"<p class=""ql-direction-rtl ql-align-right""><span class=""ql-font-vazirmatn""><span class=""ql-cursor"">﻿</span></span></p>"
2578,361,asm,অৱকাশ প্ৰদানকাৰী,المعنى المختصر,"<p class=""ql-direction-rtl ql-align-right"">আল-মুআখখিৰ (অৱসৰ দাতা): যিয়ে সুযোগ লাভৰ উপযুক্ত বস্তুক সুযোগ প্ৰদান কৰে। ফলত তেওঁ তাক সঠিক তথা যথাপোযুক্ত স্থানত ৰাখে। </p>",المعنى,"<p class=""ql-direction-rtl ql-align-right""><span class=""ql-font-vazirmatn""><span class=""ql-cursor"">﻿</span></span></p>"
2579,362,asm,"প্ৰথম, অনাদি",المعنى المختصر,"<p class=""ql-direction-rtl ql-align-right"">অনাদি, প্ৰথম। তেওঁৰ আগত একো নাই। </p>",المعنى,"<p class=""ql-direction-rtl ql-align-right""><span class=""ql-font-vazirmatn""><span class=""ql-cursor"">﻿</span></span></p>"
2580,363,asm,"অনন্ত, সৰ্বশেষ",المعنى المختصر,"<p class=""ql-direction-rtl ql-align-right"">আল-আখিৰ (অনন্ত, সৰ্বশেষ): সৰ্বশেষ যাৰ পিছত আৰু একো নাই। </p>",المعنى,"<p class=""ql-direction-rtl ql-align-right""><span class=""ql-font-vazirmatn""><span class=""ql-cursor"">﻿</span></span></p>"
2581,364,asm,সম্পূৰ্ণৰূপে প্ৰকাশিত,المعنى المختصر,"<p class=""ql-direction-rtl ql-align-right"">আজ-জাহিৰ (সম্পূৰ্ণৰূপে প্ৰকাশিত): তেওঁ সেই সত্ত্বা যাৰ ওপৰত একোৱেই নাই। </p>",المعنى,"<p class=""ql-direction-rtl ql-align-right""><span class=""ql-font-vazirmatn""><span class=""ql-cursor"">﻿</span></span></p>"
2582,365,asm,বাহ্যিক দৃষ্টিৰ পৰা অদৃশ্য সত্ত্বা,المعنى المختصر,"<p class=""ql-direction-rtl ql-align-right"">আল-বাতিন (বাহ্যিক দৃষ্টিৰ পৰা অদৃশ্য সত্ত্বা): এনেকুৱা সত্ত্বা যিজনতকৈ ওচৰত একো নাই। </p>",المعنى,"<p class=""ql-direction-rtl ql-align-right""><span class=""ql-font-vazirmatn""><span class=""ql-cursor"">﻿</span></span></p>"
2584,367,asm,"পৰম উপকাৰী, অনুগ্ৰহশীল",المعنى المختصر,"<p class=""ql-direction-rtl ql-align-right"">আল-বাৰ্ৰ (পৰম-উপকাৰী, অনুগ্ৰহশীল): যিয়ে বান্দাসকলক বিভিন্ন ধৰণৰ নিয়ামত দান কৰি উপকাৰ কৰিছে। </p>",المعنى,"<p class=""ql-direction-rtl ql-align-right""><span class=""ql-font-vazirmatn""><span class=""ql-cursor"">﻿</span></span></p>"
2586,369,asm,,,,,
2587,370,asm,"মহামহিম, মহিমান্বিত দয়াময়",المعنى المختصر,"<p class=""ql-direction-rtl ql-align-right"">যুল-জালালি অল ইক্ৰাম (মহিমাময় আৰু পৰম দয়ালু): মহত্ব, মহিমান্বিত, দয়া, কৰুণা আৰু উদাৰতাৰ অধিকাৰী। তেৱেঁই সন্মানৰ যোগ্য আৰু প্ৰশংসাৰ যোগ্য। </p>",المعنى,"<p class=""ql-direction-rtl ql-align-right""><span class=""ql-font-vazirmatn""><span class=""ql-cursor"">﻿</span> </span></p>"
2597,380,asm,উত্তৰাধিকাৰী,المعنى المختصر,"<p class=""ql-direction-rtl ql-align-right"">আল-ৱাৰিছ (উত্তৰাধিকাৰী): সৃষ্টিজগত ধ্বংস হোৱাৰ পিছত একমাত্ৰ তেৱেঁই অৱশিষ্ট থাকিব, তেৱেঁই পৃথিৱী আৰু ইয়াৰ ওপৰত থকা সকলো বস্তুৰ উত্তৰাধিকাৰী হ’ব। </p>",المعنى,"<p class=""ql-direction-rtl ql-align-right""><span class=""ql-font-vazirmatn""><span class=""ql-cursor"">﻿</span></span></p>"
2600,383,asm,পৰম সুন্দৰ,المعنى المختصر,"<p class=""ql-direction-rtl ql-align-right""><span class=""ql-font-vazirmatn""><span class=""ql-cursor"">﻿</span></span>আল-জামিল (পৰম সুন্দৰ): তেওঁ সত্ত্বাগতভাৱে, নামসমূহৰ ক্ষেত্ৰত তথা গুণগতভাৱে আৰু কৰ্মগতভাৱে অতি সুন্দৰ।</p>",المعنى,"<p class=""ql-direction-rtl ql-align-right""><span class=""ql-font-vazirmatn""><span class=""ql-cursor"">﻿</span> </span></p>"
2601,384,asm,মহা ক্ষমতাৱান,المعنى المختصر,"<p class=""ql-direction-rtl ql-align-right"">আল-ক্বাহিৰ (মহা ক্ষমতাৱান): সমগ্ৰ বিশ্বজগত যাৰ সন্মুখত শিৰনত কৰে, সকলো সৃষ্টিয়েই তেওঁৰ প্ৰতি বিনয়ী। তেওঁৰ শক্তি আৰু ইচ্ছাৰ ওচৰত সকলোৱে দায়বদ্ধ। </p>",المعنى,"<p class=""ql-direction-rtl ql-align-right""><span class=""ql-font-vazirmatn""><span class=""ql-cursor"">﻿</span></span></p>"
2602,385,asm,স্পষ্ট ব্যাখ্যাকাৰী,المعنى المختصر,"<p class=""ql-direction-rtl ql-align-right""> আল-মুবীন (স্পষ্ট ব্যাখ্যাকাৰী): একত্ববাদৰ ক্ষেত্ৰত তেওঁৰ বিষয়টো স্পষ্ট। তেওঁৰ কোনো অংশীদাৰ নাই। তেৱেঁই বান্দাসকলৰ বাবে সত্যক স্পষ্ট কৰি দিয়ে। </p>",المعنى,"<p class=""ql-direction-rtl ql-align-right""><span class=""ql-font-vazirmatn""><span class=""ql-cursor"">﻿</span></span></p>"
2603,386,asm,যথেষ্ট,المعنى المختصر,"<p class=""ql-direction-rtl ql-align-right"">আল-কাফী: যি সত্ত্বা বান্দাসকলৰ সকলো প্ৰয়োজনৰ বাবে যথেষ্ট, যাৰ সহায় লাভ কৰাৰ পিছত আন কাৰো সহায়ৰ প্ৰয়োজন নহয়। </p>",المعنى,"<p class=""ql-direction-rtl ql-align-right""><span class=""ql-font-vazirmatn""><span class=""ql-cursor"">﻿</span></span></p>"
2604,387,asm,"বিযোৰ, একক",المعنى المختصر,"<p class=""ql-direction-rtl ql-align-right"">আল-ৱিতৰ (বিযোৰ): তেওঁ একক, যাৰ কোনো অংশীদাৰ নাই আৰু তেওঁৰ কোনো সমকক্ষও নাই। </p>",المعنى,"<p class=""ql-direction-rtl ql-align-right""><span class=""ql-font-vazirmatn""><span class=""ql-cursor"">﻿</span></span></p>"
2605,388,asm,"মহান দাতা, দানশীল",المعنى المختصر,"<p class=""ql-direction-rtl ql-align-right"">আল-জাওৱাদ (মহান দাতা, দানশীল): অধিক অনুদানকাৰী, যিয়ে সমগ্ৰ সৃষ্টিজগতকে তেওঁৰ অনুদানৰ দ্বাৰা উপকৃত কৰে। </p>",المعنى,"<p class=""ql-direction-rtl ql-align-right""><span class=""ql-font-vazirmatn""><span class=""ql-cursor"">﻿</span></span></p>"
2606,389,asm,"নমনীয়তা প্ৰদৰ্শনকাৰী, বন্ধু",المعنى المختصر,"<p class=""ql-direction-rtl ql-align-right""><span class=""ql-font-vazirmatn""><span class=""ql-cursor"">﻿</span></span>আৰ-ৰাফীক (নমনীয়তা প্ৰদৰ্শনকাৰী, বন্ধু): যিজনে সকলো কৰ্মত ধীৰস্থিৰতা অৱলম্বন কৰে। লাহে লাহে অগ্ৰসৰ হয়। অপৰাধীক শাস্তি দিবলৈ খৰখেদা নকৰে।</p>",المعنى,"<p class=""ql-direction-rtl ql-align-right""><span class=""ql-font-vazirmatn""><span class=""ql-cursor"">﻿</span> </span></p>"
2607,390,asm,"নেতা, চৰ্দাৰ",المعنى المختصر,"<p class=""ql-direction-rtl ql-align-right"">আছ-ছায়্যিদ (চৰ্দাৰ, নেতা): ৰব্ব, মালিক। প্ৰকৃত নেতৃত্বৰ অধিকাৰী। পাৰ্থিৱ আৰু পৰকালৰ সকলো বিষয়তে সৃষ্টিয়ে তেওঁৰ ওচৰলৈকেই প্ৰত্যাৱৰ্তন কৰে। </p>",المعنى,"<p class=""ql-direction-rtl ql-align-right""><span class=""ql-font-vazirmatn""><span class=""ql-cursor"">﻿</span></span></p>"
2608,391,asm,অতি পৱিত্ৰ,المعنى المختصر,"<p class=""ql-direction-rtl ql-align-right"">আছ-ছুব্বুহ (অতি পৱিত্ৰ): তেওঁ সকলো প্ৰকাৰ দোষ-ত্ৰুটি আৰু দুৰ্বলতাৰ পৰা পৱিত্ৰ। আকাশ আৰু পৃথিৱীত থকা সকলোৱে তেওঁৰেই পৱিত্ৰতা বৰ্ণনা কৰে। </p>",المعنى,"<p class=""ql-direction-rtl ql-align-right""><span class=""ql-font-vazirmatn""><span class=""ql-cursor"">﻿</span></span></p>"
2609,392,asm,গুণগ্ৰাহী,المعنى المختصر,"<p class=""ql-direction-rtl ql-align-right"">আশ্ব-শ্বাকিৰ (গুণগ্ৰাহী): যিয়ে তেওঁৰ আনুগত্য কৰে, তেওঁ তাৰ প্রসংশাকাৰী, গুণগ্রাহী। সেই ব্যক্তিক আনুগত্যৰ বিনিময়ত উপযুক্ত প্ৰাপ্যতকৈও অধিক ছোৱাব দানকাৰী। </p>",المعنى,"<p class=""ql-direction-rtl ql-align-right""><span class=""ql-font-vazirmatn""><span class=""ql-cursor"">﻿</span></span></p>"
2610,393,asm,"পৱিত্ৰ, পাক",المعنى المختصر,"<p class=""ql-direction-rtl ql-align-right"">আত-তায়্যিব (পাক-পৱিত্র): আল্লাহ তা‘আলা সকলো ধৰণৰ দোষ-ত্রুটি আৰু দুৰ্বলতাৰ পৰা পৱিত্ৰ। </p>",المعنى,"<p class=""ql-direction-rtl ql-align-right""><span class=""ql-font-vazirmatn""><span class=""ql-cursor"">﻿</span></span></p>"
2611,394,asm,"সৰ্বোচ্চ সত্ত্বা, মহান",المعنى المختصر,"<p class=""ql-direction-rtl ql-align-right"">আল-আ'লা (সু-উচ্চ তথা মহান): এইটো এনেকুৱা এটা নাম যিটো সকলো ফালৰ পৰা আল্লাহৰ বাবে যাৱতীয় উচ্চতা সাব্যস্ত হোৱাৰ প্রমাণ বহন কৰে। তেওঁ সত্ত্বাগতভাৱেও সৰ্বোচ্চ, শক্তি-সামৰ্থ আৰু ক্ষমতাগতভাৱেও সৰ্বোচ্চ। </p>",المعنى,"<p class=""ql-direction-rtl ql-align-right""><span class=""ql-font-vazirmatn""><span class=""ql-cursor"">﻿</span></span></p>"
2612,395,asm,সৰ্বশক্তিমান,المعنى المختصر,"<p class=""ql-direction-rtl ql-align-right"">আল-ক্বাদীৰ: তেওঁ পৰিপূৰ্ণ ক্ষমতাৰ অধিকাৰী সর্বশক্তিমান, তেওঁ কেতিয়াও অক্ষমতা বা নিষ্ক্ৰিয়তা অনুভৱ নকৰে। </p>",المعنى,"<p class=""ql-direction-rtl ql-align-right""><span class=""ql-font-vazirmatn""><span class=""ql-cursor"">﻿</span></span></p>"
2613,396,asm,পৰিবেষ্টনকাৰী,المعنى المختصر,"<p class=""ql-direction-rtl ql-align-right"">আল-মুহীত (পৰিবেষ্টনকাৰী): এনেকুৱা এটা নাম, যি নামে প্ৰমাণ কৰে যে, তেওঁ সৃষ্টিজগতৰ ওপৰত আছে, লগতে তেওঁ জ্ঞান, ক্ষমতা আৰু শক্তিৰে সকলোকে পৰিবেষ্টন কৰি আছে। </p>",المعنى,"<p class=""ql-direction-rtl ql-align-right""><span class=""ql-font-vazirmatn""><span class=""ql-cursor"">﻿</span></span></p>"
2614,397,asm,অসীম দয়ালু,المعنى المختصر,"<p class=""ql-direction-rtl ql-align-right"">আল-আক্ৰাম (পৰম দয়ালু): প্ৰচুৰ কল্যাণৰ অধিকাৰী আৰু পৰম অনুদানকাৰী। তেওঁৰ হাততেই আছে সকলো কল্যাণ আৰু সকলো কল্যাণ তেওঁৰ পৰাই আহে। </p>",المعنى,"<p class=""ql-direction-rtl ql-align-right""><span class=""ql-font-vazirmatn""><span class=""ql-cursor"">﻿</span></span></p>"
2615,398,asm,সত্য ইলাহ (সত্য উপাস্য),المعنى المختصر,"<p class=""ql-direction-rtl ql-align-right"">আল-ইলাহ (সত্য উপাস্য): যি সত্ত্বাৰ মাজত আছে সকলো প্ৰকাৰৰ পূৰ্ণাংগ গুণাৱলী তথা মহৎ প্রশংসাৰ যাৱতীয় গুণাৱলী, এনেকুৱা সত্য উপাস্য যাৰ বাহিৰে ইবাদতৰ উপযুক্ত আন কোনো নাই। </p>",المعنى,"<p class=""ql-direction-rtl ql-align-right""><span class=""ql-font-vazirmatn""><span class=""ql-cursor"">﻿</span></span></p>"
2616,399,asm,সহায়কাৰী,المعنى المختصر,"<p class=""ql-direction-rtl ql-align-right"">আন-নাছিৰ (সহায়ক): যিজনে তেওঁৰ মুমিন বান্দাসকলক সহায়-সহযোগিতা কৰে। </p>",المعنى,"<p class=""ql-direction-rtl ql-align-right""><span class=""ql-font-vazirmatn""><span class=""ql-cursor"">﻿</span></span></p>"
2617,400,asm,অভিভাৱক,المعنى المختصر,"<p class=""ql-direction-rtl ql-align-right"">আল-মাউলা (অভিভাৱক): সকলো সৃষ্টিৰ অভিভাৱক। অৰ্থাৎ তেৱেঁই তেওঁলোকৰ নেতা, মালিক, সৃষ্টিকৰ্তা আৰু তেওঁলোকৰ প্ৰকৃত উপাস্য। লগতে তেওঁ হৈছে মুমিন বান্দাসকলৰ অভিভাৱক, অৰ্থাৎ তেওঁ তেওঁলোকক ভাল পায়, তেওঁলোকক তাওফীক দান কৰে, তেওঁলোকক সহায় কৰে, তেওঁলোকক তেওঁলোকৰ প্ৰয়োজনীয় হিতসমূহ পৌঁচাই দিয়ে, লগতে দ্বীনি আৰু দুনিয়াৱী উপকাৰী কামবোৰ তেওঁলোকৰ বাবে সহজ কৰি দিয়ে। </p>",المعنى,"<p class=""ql-direction-rtl ql-align-right""><span class=""ql-font-vazirmatn""><span class=""ql-cursor"">﻿</span></span></p>"
2618,401,asm,"অতি লাজুক, লজ্জাশীল",المعنى المختصر,"<p class=""ql-direction-rtl ql-align-right"">আল-হায়িয়্যু (অতি লাজুক, লজ্জাশীল): অধিক লাজৰ অধিকাৰী, এইটো এটা গুণ, যিদৰে তেওঁৰ বাবে উপযুক্ত। মাখলুকৰ লাজৰ দৰে লাজ নহয়। বৰং তেওঁ প্ৰত্যেক সেইটো ত্যাগ কৰিছে যিটো তেওঁৰ প্ৰশস্ত ৰহমতৰ, পূৰ্ণাংগ উদাৰতা আৰু দানশীলতা তথা তেওঁৰ মহান মাৰ্জনা আৰু সহনশীলতাৰ উপযুক্ত নহয়। </p>",المعنى,"<p class=""ql-direction-rtl ql-align-right""><span class=""ql-font-vazirmatn""><span class=""ql-cursor"">﻿</span></span></p>"
2619,402,asm,"অনুগ্ৰহকাৰী, নেকপৰায়ণ",المعنى المختصر,"<p class=""ql-direction-rtl ql-align-right"">আল-মুহছিন (অনুগ্ৰহকাৰী): বিভিন্ন ধৰণৰ প্ৰকাশ্য-অপ্ৰকাশ্য নিয়ামতেৰে তেওঁৰ বান্দাসকলৰ প্ৰতি অনুগ্ৰহকাৰী। </p>",المعنى,"<p class=""ql-direction-rtl ql-align-right""><span class=""ql-font-vazirmatn""><span class=""ql-cursor"">﻿</span></span></p>"
